"","year","Products.of.agric...hunting.and.related.services","Products.of.forestry..logging.and.related.services","Fish.aquaculture.prod..support.services.to.fishing","Coal","Crude.petroleum.and.natural.gas","Metal.ores..other.mining.and.quarr..prod..services","Food.products..beverages..tobacco.products","Textiles.wearing.apparel.leather.leather.products","Wood.cork.exc.furn..art.of.straw.and.plaiting.mat.","Paper.and.paper.products","Printing.services..rec..sound.image.data.carriers","Coke.and.refined.petroleum.products","Chemicals.and.chemical.products","Pharmaceutical.products","Rubber.and.plastics.products","Glass.and.glassware","Ceramic.products..processed.stone.and.clay","Pig.iron.steel.products.of.the.first.proc.of.steel","Non.ferrous.metals.and.semi.finished.products","Foundry.products","Metal.products","Computer..electronic.and.optical.products","Electrical.equipment","Machinery","Motor.vehicles..trailers.and.semi.trailers","Other.transport.equipment","Furniture.and.other.manufactured.goods.n.e.c.","Repair.maintenance.install..of.machinery.a..equip.","Electric.current.supply.of.electr..steam.air.cond.","Manufact..gases.distrib..services.of.gaseous.fuels","Natural.water..water.treatment.and.supply.services","Sewage..waste.disposal..material.recovery.services","Building.construction.works","Civil.engineering.works","Specialised.construction.works","Wholesale.ret.trade.repair.of.motor.veh..motorcyc.","Wholesale.trade.serv..exc..motor.veh..a..motorcyc.","Retail.trade.serv..exc..motor.veh..and.motorcycles","Land.transp.serv..a..transport.serv..via.pipelines","Water.transport.services","Air.transport.services","Warehousing.and.other.services.for.transportation","Postal.and.courier.services","Accommodation.and.food.services","Publishing.services","Audio.visual.media..music.publishing..broadcasting","Telecommunication.services","Computer.programming..consultancy..inform.services","Financial.services","Insurance.and.pension.funding.services","Services.related.to.financial.a.insurance.services","Real.estate.services","Legal..accounting..management.consultancy.services","Architectural.a..engineering.serv...techn..testing","Scientific.research.and.development.services","Advertising.and.market.research.services","Other.prof..scientific.techn..veterinary.services","Rental.and.leasing.services","Employment.services","Travel.agency..tour.operator.other.reserv.services","Invest...security..admin...support.services.n.e.c.","Public.administration.and.defence.services","Compulsory.social.security.services","Education.services","Human.health.services","Residential.care.and.social.work.services","Arts..culture.and.gambling.services","Sporting..amusement.and.recreation.services","Services.of.membership.organisations","Repair.of.data.processing.equipment.and.durables","Other.personal.service.activities","Goods.a..services.of.private.households..non.spec.","Wages.and.salaries"
"1",2024,0,0,0,0,0,0,0,0,0,0,0,0,6128896099.3023,0,7576717717.20463,4903116879.44184,6479118733.54815,0,0,0,0,0,1034531235.94408,3448437453.14693,0,0,0,0,0,0,0,0,0,0,51189497398.6892,0,0,0,0,0,0,0,0,0,0,0,0,0,0,0,0,0,0,0,0,0,0,0,0,0,0,0,0,0,0,0,0,0,0,0,0,0,0
"2",2025,0,0,0,0,0,0,0,0,0,0,0,0,5690800918.19132,0,7035131848.10767,4552640734.55306,6015989542.08797,0,0,0,0,0,1024718610.24426,3415728700.81419,0,0,0,0,0,0,0,0,0,0,47787001834.597,0,0,0,0,0,0,0,0,0,0,0,0,0,0,0,0,0,0,0,0,0,0,0,0,0,0,0,0,0,0,0,0,0,0,0,0,0,0
"3",2026,0,0,0,0,0,0,0,0,0,0,0,0,5634065436.79221,0,6964993813.43619,4507252349.43377,5956012033.18034,0,0,0,0,0,1007253101.14774,3357510337.15912,0,0,0,0,0,0,0,0,0,0,47281583015.4777,0,0,0,0,0,0,0,0,0,0,0,0,0,0,0,0,0,0,0,0,0,0,0,0,0,0,0,0,0,0,0,0,0,0,0,0,0,0
"4",2027,0,0,0,0,0,0,0,0,0,0,0,0,5546146552.85399,0,6856305959.24212,4436917242.28319,5863069213.01708,0,0,0,0,0,1025699336.89803,3418997789.66011,0,0,0,0,0,0,0,0,0,0,46680417023.2741,0,0,0,0,0,0,0,0,0,0,0,0,0,0,0,0,0,0,0,0,0,0,0,0,0,0,0,0,0,0,0,0,0,0,0,0,0,0
"5",2028,0,0,0,0,0,0,0,0,0,0,0,0,5436269442.30282,0,6720472713.46022,4349015553.84226,5746913410.43441,0,0,0,0,0,1030206392.17578,3434021307.2526,0,0,0,0,0,0,0,0,0,0,45854921587.0985,0,0,0,0,0,0,0,0,0,0,0,0,0,0,0,0,0,0,0,0,0,0,0,0,0,0,0,0,0,0,0,0,0,0,0,0,0,0
"6",2029,0,0,0,0,0,0,0,0,0,0,0,0,5536232122.2293,0,6844049454.81571,4428985697.78344,5852588243.49954,0,0,0,0,0,982070398.710012,3273567995.70004,0,0,0,0,0,0,0,0,0,0,46429788450.1311,0,0,0,0,0,0,0,0,0,0,0,0,0,0,0,0,0,0,0,0,0,0,0,0,0,0,0,0,0,0,0,0,0,0,0,0,0,0
"7",2030,0,0,0,0,0,0,0,0,0,0,0,0,5286737204.25216,0,6535616657.98545,4229389763.40173,5588836473.06657,0,0,0,0,0,1001379459.54915,3337931531.83052,0,0,0,0,0,0,0,0,0,0,44591658839.4823,0,0,0,0,0,0,0,0,0,0,0,0,0,0,0,0,0,0,0,0,0,0,0,0,0,0,0,0,0,0,0,0,0,0,0,0,0,0
"8",2031,0,0,0,0,0,0,0,0,0,0,0,0,5336848328.47663,0,6597565471.70148,4269478662.7813,5641811090.10386,0,0,0,0,0,984031852.017566,3280106173.39189,0,0,0,0,0,0,0,0,0,0,44906970178.1277,0,0,0,0,0,0,0,0,0,0,0,0,0,0,0,0,0,0,0,0,0,0,0,0,0,0,0,0,0,0,0,0,0,0,0,0,0,0
"9",2032,0,0,0,0,0,0,0,0,0,0,0,0,5268678115.80297,0,6513291493.19352,4214942492.64238,5569745436.706,0,0,0,0,0,997799539.30477,3325998464.34923,0,0,0,0,0,0,0,0,0,0,44438700016.4713,0,0,0,0,0,0,0,0,0,0,0,0,0,0,0,0,0,0,0,0,0,0,0,0,0,0,0,0,0,0,0,0,0,0,0,0,0,0
"10",2033,0,0,0,0,0,0,0,0,0,0,0,0,5213853127.69729,0,6445515265.30591,4171082502.15784,5511787592.13714,0,0,0,0,0,983672788.160728,3278909293.86909,0,0,0,0,0,0,0,0,0,0,43961303035.3968,0,0,0,0,0,0,0,0,0,0,0,0,0,0,0,0,0,0,0,0,0,0,0,0,0,0,0,0,0,0,0,0,0,0,0,0,0,0
"11",2034,0,0,0,0,0,0,0,0,0,0,0,0,5176954622.01314,0,6399900270.82308,4141563697.61051,5472780600.41389,0,0,0,0,0,996915277.567755,3323050925.22585,0,0,0,0,0,0,0,0,0,0,43731004145.6101,0,0,0,0,0,0,0,0,0,0,0,0,0,0,0,0,0,0,0,0,0,0,0,0,0,0,0,0,0,0,0,0,0,0,0,0,0,0
"12",2035,0,0,0,0,0,0,0,0,0,0,0,0,5072621853.56479,0,6270921100.28735,4058097482.85183,5362485959.48277,0,0,0,0,0,954524305.811567,3181747686.03856,0,0,0,0,0,0,0,0,0,0,42760480368.2594,0,0,0,0,0,0,0,0,0,0,0,0,0,0,0,0,0,0,0,0,0,0,0,0,0,0,0,0,0,0,0,0,0,0,0,0,0,0
"13",2036,0,0,0,0,0,0,0,0,0,0,0,0,4917176256.41125,0,6078754780.13245,3933741005.129,5198157756.7776,0,0,0,0,0,959636946.40011,3198789821.3337,0,0,0,0,0,0,0,0,0,0,41587579212.8418,0,0,0,0,0,0,0,0,0,0,0,0,0,0,0,0,0,0,0,0,0,0,0,0,0,0,0,0,0,0,0,0,0,0,0,0,0,0
"14",2037,0,0,0,0,0,0,0,0,0,0,0,0,4954232094.62003,0,6124564273.60947,3963385675.69602,5237331071.45546,0,0,0,0,0,948248727.059792,3160829090.19931,0,0,0,0,0,0,0,0,0,0,41826503020.5052,0,0,0,0,0,0,0,0,0,0,0,0,0,0,0,0,0,0,0,0,0,0,0,0,0,0,0,0,0,0,0,0,0,0,0,0,0,0
"15",2038,0,0,0,0,0,0,0,0,0,0,0,0,4779895990.36938,0,5909044965.00598,3823916792.29551,5053032904.10478,0,0,0,0,0,920247105.387714,3067490351.29238,0,0,0,0,0,0,0,0,0,0,40376122895.1499,0,0,0,0,0,0,0,0,0,0,0,0,0,0,0,0,0,0,0,0,0,0,0,0,0,0,0,0,0,0,0,0,0,0,0,0,0,0
"16",2039,0,0,0,0,0,0,0,0,0,0,0,0,4409895071.66929,0,5451639182.51668,3527916057.33543,4661889075.76468,0,0,0,0,0,960205017.576614,3200683391.92205,0,0,0,0,0,0,0,0,0,0,37695467325.2692,0,0,0,0,0,0,0,0,0,0,0,0,0,0,0,0,0,0,0,0,0,0,0,0,0,0,0,0,0,0,0,0,0,0,0,0,0,0
"17",2040,0,0,0,0,0,0,0,0,0,0,0,0,4461497272.97724,0,5515431308.62912,3569197818.38179,4716439974.29023,0,0,0,0,0,923275031.941727,3077583439.80576,0,0,0,0,0,0,0,0,0,0,37943896110.64,0,0,0,0,0,0,0,0,0,0,0,0,0,0,0,0,0,0,0,0,0,0,0,0,0,0,0,0,0,0,0,0,0,0,0,0,0,0
"18",2041,0,0,0,0,0,0,0,0,0,0,0,0,4233982480.65487,0,5234170975.61233,3387185984.5239,4475924336.69229,0,0,0,0,0,908478385.542382,3028261285.14127,0,0,0,0,0,0,0,0,0,0,36138084511.481,0,0,0,0,0,0,0,0,0,0,0,0,0,0,0,0,0,0,0,0,0,0,0,0,0,0,0,0,0,0,0,0,0,0,0,0,0,0
"19",2042,0,0,0,0,0,0,0,0,0,0,0,0,3983839469.9568,0,4924936987.91156,3187071575.96544,4211487439.66862,0,0,0,0,0,932975115.238662,3109917050.79554,0,0,0,0,0,0,0,0,0,0,34315730185.6678,0,0,0,0,0,0,0,0,0,0,0,0,0,0,0,0,0,0,0,0,0,0,0,0,0,0,0,0,0,0,0,0,0,0,0,0,0,0
"20",2043,0,0,0,0,0,0,0,0,0,0,0,0,3663384795.35037,0,4528781698.06614,2930707836.2803,3872721069.37039,0,0,0,0,0,904137464.287957,3013791547.62652,0,0,0,0,0,0,0,0,0,0,31740257562.2501,0,0,0,0,0,0,0,0,0,0,0,0,0,0,0,0,0,0,0,0,0,0,0,0,0,0,0,0,0,0,0,0,0,0,0,0,0,0
"21",2044,0,0,0,0,0,0,0,0,0,0,0,0,3536547351.73884,0,4371981600.5207,2829237881.39107,3738635771.8382,0,0,0,0,0,906527650.558916,3021758835.19639,0,0,0,0,0,0,0,0,0,0,30776090623.9303,0,0,0,0,0,0,0,0,0,0,0,0,0,0,0,0,0,0,0,0,0,0,0,0,0,0,0,0,0,0,0,0,0,0,0,0,0,0
"22",2045,0,0,0,0,0,0,0,0,0,0,0,0,3123542322.5695,0,3861412899.2242,2498833858.0556,3302030455.28776,0,0,0,0,0,882668661.145699,2942228870.48566,0,0,0,0,0,0,0,0,0,0,27510026034.5715,0,0,0,0,0,0,0,0,0,0,0,0,0,0,0,0,0,0,0,0,0,0,0,0,0,0,0,0,0,0,0,0,0,0,0,0,0,0
"23",2046,0,0,0,0,0,0,0,0,0,0,0,0,2818697694.30643,0,3484555197.84819,2254958155.44514,2979766133.98108,0,0,0,0,0,863381036.954725,2877936789.84908,0,0,0,0,0,0,0,0,0,0,25092591429.0726,0,0,0,0,0,0,0,0,0,0,0,0,0,0,0,0,0,0,0,0,0,0,0,0,0,0,0,0,0,0,0,0,0,0,0,0,0,0
"24",2047,0,0,0,0,0,0,0,0,0,0,0,0,2469201096.4564,0,3052497446.80645,1975360877.16512,2610298301.96819,0,0,0,0,0,820411275.697952,2734704252.32651,0,0,0,0,0,0,0,0,0,0,22237636291.5925,0,0,0,0,0,0,0,0,0,0,0,0,0,0,0,0,0,0,0,0,0,0,0,0,0,0,0,0,0,0,0,0,0,0,0,0,0,0
"25",2048,0,0,0,0,0,0,0,0,0,0,0,0,2030526033.28648,0,2510194710.8221,1624420826.62918,2146556092.33142,0,0,0,0,0,831526177.774097,2771753925.91366,0,0,0,0,0,0,0,0,0,0,18914399099.4504,0,0,0,0,0,0,0,0,0,0,0,0,0,0,0,0,0,0,0,0,0,0,0,0,0,0,0,0,0,0,0,0,0,0,0,0,0,0
"26",2049,0,0,0,0,0,0,0,0,0,0,0,0,1456388902.34191,0,1800429868.72796,1165111121.87353,1539611125.33287,0,0,0,0,0,781439449.324872,2604798164.41624,0,0,0,0,0,0,0,0,0,0,14306416691.3361,0,0,0,0,0,0,0,0,0,0,0,0,0,0,0,0,0,0,0,0,0,0,0,0,0,0,0,0,0,0,0,0,0,0,0,0,0,0
"27",2050,0,0,0,0,0,0,0,0,0,0,0,0,1017624500.65952,0,1258016689.90379,814099600.52762,1075774472.12578,0,0,0,0,0,732467426.580498,2441558088.60166,0,0,0,0,0,0,0,0,0,0,10742145950.5263,0,0,0,0,0,0,0,0,0,0,0,0,0,0,0,0,0,0,0,0,0,0,0,0,0,0,0,0,0,0,0,0,0,0,0,0,0,0
