run_id,date,design,closures,status,gate_summary,headline_metrics,commit
matrix_5x3-ALPHA-F1,2026-09-17,matrix_5x3,ALPHA+F1,executed,budget 1.11e-16<=1e-09 ok; labour 2.22e-16<=1e-06 ok; resid 2.22e-15<=1e-06 ok,,848a9cbdc826e9af8af643363a4c6d49135986fb
matrix_5x3-ALPHA-F2,2026-09-17,matrix_5x3,ALPHA+F2,executed,budget 0<=1e-09 ok; labour 4.44e-16<=1e-06 ok; resid 2.22e-15<=1e-06 ok,,848a9cbdc826e9af8af643363a4c6d49135986fb
matrix_5x3-ALPHA-F3,2026-09-17,matrix_5x3,ALPHA+F3,executed,budget 1.11e-16<=1e-09 ok; labour 4.44e-16<=1e-06 ok; resid 2.22e-15<=1e-06 ok,,848a9cbdc826e9af8af643363a4c6d49135986fb
matrix_5x3-BETA-F1,2026-09-17,matrix_5x3,BETA+F1,executed,budget 0<=1e-09 ok; labour 0<=1e-06 ok; resid 2.22e-15<=1e-06 ok,,848a9cbdc826e9af8af643363a4c6d49135986fb
matrix_5x3-BETA-F2,2026-09-17,matrix_5x3,BETA+F2,executed,budget 0<=1e-09 ok; labour 0<=1e-06 ok; resid 2.22e-15<=1e-06 ok,,848a9cbdc826e9af8af643363a4c6d49135986fb
matrix_5x3-BETA-F3,2026-09-17,matrix_5x3,BETA+F3,executed,budget 0<=1e-09 ok; labour 2.22e-16<=1e-06 ok; resid 2.22e-15<=1e-06 ok,,848a9cbdc826e9af8af643363a4c6d49135986fb
matrix_5x3-BF-F1,2026-09-17,matrix_5x3,BF+F1,executed,budget 0<=1e-09 ok; labour 0<=1e-06 ok; resid 9.27e-07<=1e-06 ok,,848a9cbdc826e9af8af643363a4c6d49135986fb
matrix_5x3-BF-F2,2026-09-17,matrix_5x3,BF+F2,executed,budget 0<=1e-09 ok; labour 0<=1e-06 ok; resid 2.22e-15<=1e-06 ok,,848a9cbdc826e9af8af643363a4c6d49135986fb
matrix_5x3-BF-F3,2026-09-17,matrix_5x3,BF+F3,executed,budget 1.11e-16<=1e-09 ok; labour 0<=1e-06 ok; resid 2.22e-15<=1e-06 ok,,848a9cbdc826e9af8af643363a4c6d49135986fb
matrix_5x3-DELTA-F1,2026-09-17,matrix_5x3,DELTA+F1,failed,overall=fail,,848a9cbdc826e9af8af643363a4c6d49135986fb
matrix_5x3-DELTA-F2,2026-09-17,matrix_5x3,DELTA+F2,executed,budget 1.11e-16<=1e-09 ok; resid 8.71e-07<=1e-06 ok; wage 0<=1e-08 ok,,848a9cbdc826e9af8af643363a4c6d49135986fb
matrix_5x3-DELTA-F3,2026-09-17,matrix_5x3,DELTA+F3,executed,budget 1.11e-16<=1e-09 ok; resid 4.44e-16<=1e-06 ok; wage 0<=1e-08 ok,,848a9cbdc826e9af8af643363a4c6d49135986fb
matrix_5x3-GAMMA-F1,2026-09-17,matrix_5x3,GAMMA+F1,failed,overall=fail,,848a9cbdc826e9af8af643363a4c6d49135986fb
matrix_5x3-GAMMA-F2,2026-09-17,matrix_5x3,GAMMA+F2,executed,budget 1.11e-16<=1e-09 ok; resid 4.85e-07<=1e-06 ok; wage 0<=1e-08 ok,,848a9cbdc826e9af8af643363a4c6d49135986fb
matrix_5x3-GAMMA-F3,2026-09-17,matrix_5x3,GAMMA+F3,executed,budget 1.11e-16<=1e-09 ok; resid 8.88e-16<=1e-06 ok; wage 0<=1e-08 ok,,848a9cbdc826e9af8af643363a4c6d49135986fb
matrix_5x3-v10-ALPHA-F1,2026-09-20,matrix_5x3_v10,ALPHA+F1,executed,budget 1.11e-16<=1e-09 ok; labour 5.55e-16<=1e-06 ok; resid 6.66e-16<=1e-06 ok,gdp_rel=0.000000; cons_rel=0.001432; L=1.000000; w=1.000000,979a58eaa44a269054e384a1d1a1220fffafd23a
matrix_5x3-v10-ALPHA-F2,2026-09-20,matrix_5x3_v10,ALPHA+F2,executed,budget 1.11e-16<=1e-09 ok; labour 5.55e-16<=1e-06 ok; resid 6.66e-16<=1e-06 ok,gdp_rel=0.000000; cons_rel=-0.018226; L=1.000000; w=1.000000,979a58eaa44a269054e384a1d1a1220fffafd23a
matrix_5x3-v10-ALPHA-F3,2026-09-20,matrix_5x3_v10,ALPHA+F3,executed,budget 1.11e-16<=1e-09 ok; labour 5.55e-16<=1e-06 ok; resid 6.66e-16<=1e-06 ok,gdp_rel=0.000000; cons_rel=-0.018226; L=1.000000; w=1.000000,979a58eaa44a269054e384a1d1a1220fffafd23a
matrix_5x3-v10-BETA-F1,2026-09-20,matrix_5x3_v10,BETA+F1,executed,budget 1.11e-16<=1e-09 ok; labour 5.55e-16<=1e-06 ok; resid 6.66e-16<=1e-06 ok,gdp_rel=0.000000; cons_rel=0.001432; L=1.000000; w=1.000000,979a58eaa44a269054e384a1d1a1220fffafd23a
matrix_5x3-v10-BETA-F1-etas025,2026-09-20,matrix_5x3_v10,BETA+F1,executed,budget 0<=1e-09 ok; resid 7.95e-13<=1e-06 ok; sectoral 1.62e-13<=1e-06 ok,gdp_rel=0.000811; cons_rel=0.003252; L=1.000809; w=1.003773,979a58eaa44a269054e384a1d1a1220fffafd23a
matrix_5x3-v10-BETA-F1-etas05,2026-09-20,matrix_5x3_v10,BETA+F1,executed,budget 1.11e-16<=1e-09 ok; resid 4.49e-13<=1e-06 ok; sectoral 2.51e-13<=1e-06 ok,gdp_rel=0.001217; cons_rel=0.004227; L=1.001191; w=1.002726,979a58eaa44a269054e384a1d1a1220fffafd23a
matrix_5x3-v10-BETA-F1-etas1,2026-09-20,matrix_5x3_v10,BETA+F1,executed,budget 1.11e-16<=1e-09 ok; resid 8.59e-13<=1e-06 ok; sectoral 2.23e-13<=1e-06 ok,gdp_rel=0.001597; cons_rel=0.005119; L=1.001564; w=1.001758,979a58eaa44a269054e384a1d1a1220fffafd23a
matrix_5x3-v10-BETA-F1-etas2,2026-09-20,matrix_5x3_v10,BETA+F1,executed,budget 1.11e-16<=1e-09 ok; resid 1.21e-12<=1e-06 ok; sectoral 7.79e-13<=1e-06 ok,gdp_rel=0.001886; cons_rel=0.005784; L=1.001859; w=1.001030,979a58eaa44a269054e384a1d1a1220fffafd23a
matrix_5x3-v10-BETA-F1-rigidhalf,2026-09-20,matrix_5x3_v10,BETA+F1,executed,budget 2.22e-16<=1e-09 ok; resid 5.25e-13<=1e-06 ok; sectoral 1.67e-13<=1e-06 ok,gdp_rel=0.000144; cons_rel=0.001496; L=1.000188; w=1.005594,979a58eaa44a269054e384a1d1a1220fffafd23a
matrix_5x3-v10-BETA-F1-rigidprog,2026-09-20,matrix_5x3_v10,BETA+F1,executed,budget 1.11e-16<=1e-09 ok; resid 3.76e-13<=1e-06 ok; sectoral 2.13e-13<=1e-06 ok,gdp_rel=-0.003012; cons_rel=-0.005416; L=0.996999; w=1.005437,979a58eaa44a269054e384a1d1a1220fffafd23a
matrix_5x3-v10-BETA-F2,2026-09-20,matrix_5x3_v10,BETA+F2,executed,budget 1.11e-16<=1e-09 ok; labour 5.55e-16<=1e-06 ok; resid 6.66e-16<=1e-06 ok,gdp_rel=0.000000; cons_rel=-0.018226; L=1.000000; w=1.000000,979a58eaa44a269054e384a1d1a1220fffafd23a
matrix_5x3-v10-BETA-F2-etas025,2026-09-20,matrix_5x3_v10,BETA+F2,executed,budget 0<=1e-09 ok; resid 3.74e-13<=1e-06 ok; sectoral 2.52e-13<=1e-06 ok,gdp_rel=0.000864; cons_rel=-0.016888; L=1.000864; w=1.004088,979a58eaa44a269054e384a1d1a1220fffafd23a
matrix_5x3-v10-BETA-F2-etas05,2026-09-20,matrix_5x3_v10,BETA+F2,executed,budget 0<=1e-09 ok; resid 7.64e-13<=1e-06 ok; sectoral 1.45e-13<=1e-06 ok,gdp_rel=0.001287; cons_rel=-0.015712; L=1.001255; w=1.002900,979a58eaa44a269054e384a1d1a1220fffafd23a
matrix_5x3-v10-BETA-F2-etas1,2026-09-20,matrix_5x3_v10,BETA+F2,executed,budget 2.22e-16<=1e-09 ok; resid 9.18e-13<=1e-06 ok; sectoral 1.78e-13<=1e-06 ok,gdp_rel=0.001667; cons_rel=-0.014669; L=1.001627; w=1.001839,979a58eaa44a269054e384a1d1a1220fffafd23a
matrix_5x3-v10-BETA-F2-etas2,2026-09-20,matrix_5x3_v10,BETA+F2,executed,budget 1.11e-16<=1e-09 ok; resid 7.89e-13<=1e-06 ok; sectoral 2.66e-13<=1e-06 ok,gdp_rel=0.001945; cons_rel=-0.013912; L=1.001914; w=1.001064,979a58eaa44a269054e384a1d1a1220fffafd23a
matrix_5x3-v10-BETA-F2-rigidhalf,2026-09-20,matrix_5x3_v10,BETA+F2,executed,budget 0<=1e-09 ok; resid 4.15e-13<=1e-06 ok; sectoral 2.77e-13<=1e-06 ok,gdp_rel=0.000124; cons_rel=-0.019053; L=1.000196; w=1.006208,979a58eaa44a269054e384a1d1a1220fffafd23a
matrix_5x3-v10-BETA-F2-rigidprog,2026-09-20,matrix_5x3_v10,BETA+F2,executed,budget 1.11e-16<=1e-09 ok; resid 4.02e-12<=1e-06 ok; sectoral 4.02e-12<=1e-06 ok,gdp_rel=-0.003414; cons_rel=-0.026914; L=0.996621; w=1.006154,979a58eaa44a269054e384a1d1a1220fffafd23a
matrix_5x3-v10-BETA-F3,2026-09-20,matrix_5x3_v10,BETA+F3,executed,budget 1.11e-16<=1e-09 ok; labour 5.55e-16<=1e-06 ok; resid 6.66e-16<=1e-06 ok,gdp_rel=0.000000; cons_rel=-0.018226; L=1.000000; w=1.000000,979a58eaa44a269054e384a1d1a1220fffafd23a
matrix_5x3-v10-BETA-F3-etas025,2026-09-20,matrix_5x3_v10,BETA+F3,executed,budget 1.11e-16<=1e-09 ok; resid 4.04e-13<=1e-06 ok; sectoral 2.46e-13<=1e-06 ok,gdp_rel=0.000864; cons_rel=-0.016888; L=1.000864; w=1.004088,979a58eaa44a269054e384a1d1a1220fffafd23a
matrix_5x3-v10-BETA-F3-etas05,2026-09-20,matrix_5x3_v10,BETA+F3,executed,budget 2.22e-16<=1e-09 ok; resid 8.46e-13<=1e-06 ok; sectoral 3.05e-13<=1e-06 ok,gdp_rel=0.001287; cons_rel=-0.015712; L=1.001255; w=1.002900,979a58eaa44a269054e384a1d1a1220fffafd23a
matrix_5x3-v10-BETA-F3-etas1,2026-09-20,matrix_5x3_v10,BETA+F3,executed,budget 0<=1e-09 ok; resid 2.24e-12<=1e-06 ok; sectoral 5.51e-13<=1e-06 ok,gdp_rel=0.001667; cons_rel=-0.014669; L=1.001627; w=1.001839,979a58eaa44a269054e384a1d1a1220fffafd23a
matrix_5x3-v10-BETA-F3-etas2,2026-09-20,matrix_5x3_v10,BETA+F3,executed,budget 2.22e-16<=1e-09 ok; resid 6.73e-13<=1e-06 ok; sectoral 4.1e-13<=1e-06 ok,gdp_rel=0.001945; cons_rel=-0.013912; L=1.001914; w=1.001064,979a58eaa44a269054e384a1d1a1220fffafd23a
matrix_5x3-v10-BETA-F3-rigidhalf,2026-09-20,matrix_5x3_v10,BETA+F3,executed,budget 1.11e-16<=1e-09 ok; resid 4.73e-13<=1e-06 ok; sectoral 1.35e-13<=1e-06 ok,gdp_rel=0.000124; cons_rel=-0.019053; L=1.000196; w=1.006208,979a58eaa44a269054e384a1d1a1220fffafd23a
matrix_5x3-v10-BETA-F3-rigidprog,2026-09-20,matrix_5x3_v10,BETA+F3,executed,budget 2.22e-16<=1e-09 ok; resid 4.51e-12<=1e-06 ok; sectoral 4.51e-12<=1e-06 ok,gdp_rel=-0.003414; cons_rel=-0.026914; L=0.996621; w=1.006154,979a58eaa44a269054e384a1d1a1220fffafd23a
matrix_5x3-v10-BF-F1,2026-09-20,matrix_5x3_v10,BF+F1,executed,budget 2.22e-16<=1e-09 ok; resid 4.52e-13<=1e-06 ok; sectoral 3.36e-13<=1e-06 ok,gdp_rel=-0.000110; cons_rel=0.000963; L=1.000000; w=1.006216,979a58eaa44a269054e384a1d1a1220fffafd23a
matrix_5x3-v10-BF-F2,2026-09-20,matrix_5x3_v10,BF+F2,executed,budget 0<=1e-09 ok; resid 5.42e-13<=1e-06 ok; sectoral 4.44e-13<=1e-06 ok,gdp_rel=-0.000162; cons_rel=-0.019800; L=1.000000; w=1.007018,979a58eaa44a269054e384a1d1a1220fffafd23a
matrix_5x3-v10-BF-F3,2026-09-20,matrix_5x3_v10,BF+F3,executed,budget 1.11e-16<=1e-09 ok; resid 6e-13<=1e-06 ok; sectoral 6e-13<=1e-06 ok,gdp_rel=-0.000162; cons_rel=-0.019800; L=1.000000; w=1.007018,979a58eaa44a269054e384a1d1a1220fffafd23a
matrix_5x3-v10-DELTA-F1,2026-09-20,matrix_5x3_v10,DELTA+F1,executed,budget 1.11e-16<=1e-09 ok; resid 1.28e-13<=1e-06 ok; wage 0<=1e-08 ok,gdp_rel=-0.000973; cons_rel=-0.000806; L=0.999027; w=1.000000,979a58eaa44a269054e384a1d1a1220fffafd23a
matrix_5x3-v10-DELTA-F2,2026-09-20,matrix_5x3_v10,DELTA+F2,executed,budget 0<=1e-09 ok; resid 1.71e-13<=1e-06 ok; wage 0<=1e-08 ok,gdp_rel=0.001260; cons_rel=-0.015333; L=1.001260; w=1.000000,979a58eaa44a269054e384a1d1a1220fffafd23a
matrix_5x3-v10-DELTA-F3,2026-09-20,matrix_5x3_v10,DELTA+F3,executed,budget 1.11e-16<=1e-09 ok; resid 4.44e-16<=1e-06 ok; wage 0<=1e-08 ok,gdp_rel=0.017796; cons_rel=0.022644; L=1.017796; w=1.000000,979a58eaa44a269054e384a1d1a1220fffafd23a
matrix_5x3-v10-GAMMA-F1,2026-09-20,matrix_5x3_v10,GAMMA+F1,executed,budget 1.11e-16<=1e-09 ok; resid 6.66e-14<=1e-06 ok; wage 0<=1e-08 ok,gdp_rel=-0.000973; cons_rel=-0.000806; L=0.999027; w=1.000000,979a58eaa44a269054e384a1d1a1220fffafd23a
matrix_5x3-v10-GAMMA-F2,2026-09-20,matrix_5x3_v10,GAMMA+F2,executed,budget 2.22e-16<=1e-09 ok; resid 1.03e-13<=1e-06 ok; wage 0<=1e-08 ok,gdp_rel=0.001260; cons_rel=-0.015333; L=1.001260; w=1.000000,979a58eaa44a269054e384a1d1a1220fffafd23a
matrix_5x3-v10-GAMMA-F3,2026-09-20,matrix_5x3_v10,GAMMA+F3,executed,budget 2.22e-16<=1e-09 ok; resid 2.01e-13<=1e-06 ok; wage 0<=1e-08 ok,gdp_rel=0.017796; cons_rel=0.022644; L=1.017796; w=1.000000,979a58eaa44a269054e384a1d1a1220fffafd23a
matrix_5x3-v2-ALPHA-F1,2026-09-17,matrix_5x3_v2,ALPHA+F1,executed,budget 1.11e-16<=1e-09 ok; labour 2.22e-16<=1e-06 ok; resid 2.22e-15<=1e-06 ok,,24118732b5e979be74f168c989ba2667b8d5f98d
matrix_5x3-v2-ALPHA-F2,2026-09-17,matrix_5x3_v2,ALPHA+F2,executed,budget 0<=1e-09 ok; labour 4.44e-16<=1e-06 ok; resid 2.22e-15<=1e-06 ok,,24118732b5e979be74f168c989ba2667b8d5f98d
matrix_5x3-v2-ALPHA-F3,2026-09-17,matrix_5x3_v2,ALPHA+F3,executed,budget 1.11e-16<=1e-09 ok; labour 4.44e-16<=1e-06 ok; resid 2.22e-15<=1e-06 ok,,24118732b5e979be74f168c989ba2667b8d5f98d
matrix_5x3-v2-BETA-F1,2026-09-17,matrix_5x3_v2,BETA+F1,executed,budget 0<=1e-09 ok; labour 1.22e-15<=1e-06 ok; resid 2.22e-15<=1e-06 ok,,24118732b5e979be74f168c989ba2667b8d5f98d
matrix_5x3-v2-BETA-F2,2026-09-17,matrix_5x3_v2,BETA+F2,executed,budget 0<=1e-09 ok; labour 1.22e-15<=1e-06 ok; resid 2.22e-15<=1e-06 ok,,24118732b5e979be74f168c989ba2667b8d5f98d
matrix_5x3-v2-BETA-F3,2026-09-17,matrix_5x3_v2,BETA+F3,executed,budget 0<=1e-09 ok; labour 1.44e-15<=1e-06 ok; resid 2.22e-15<=1e-06 ok,,24118732b5e979be74f168c989ba2667b8d5f98d
matrix_5x3-v2-BF-F1,2026-09-17,matrix_5x3_v2,BF+F1,executed,budget 0<=1e-09 ok; labour 0<=1e-06 ok; resid 9.27e-07<=1e-06 ok,,24118732b5e979be74f168c989ba2667b8d5f98d
matrix_5x3-v2-BF-F2,2026-09-17,matrix_5x3_v2,BF+F2,executed,budget 0<=1e-09 ok; labour 0<=1e-06 ok; resid 2.22e-15<=1e-06 ok,,24118732b5e979be74f168c989ba2667b8d5f98d
matrix_5x3-v2-BF-F3,2026-09-17,matrix_5x3_v2,BF+F3,executed,budget 1.11e-16<=1e-09 ok; labour 0<=1e-06 ok; resid 2.22e-15<=1e-06 ok,,24118732b5e979be74f168c989ba2667b8d5f98d
matrix_5x3-v2-DELTA-F1,2026-09-17,matrix_5x3_v2,DELTA+F1,executed,budget 1.11e-16<=1e-09 ok; resid 4.44e-16<=1e-06 ok; wage 0<=1e-08 ok,,24118732b5e979be74f168c989ba2667b8d5f98d
matrix_5x3-v2-DELTA-F2,2026-09-17,matrix_5x3_v2,DELTA+F2,executed,budget 1.11e-16<=1e-09 ok; resid 8.71e-07<=1e-06 ok; wage 0<=1e-08 ok,,24118732b5e979be74f168c989ba2667b8d5f98d
matrix_5x3-v2-DELTA-F3,2026-09-17,matrix_5x3_v2,DELTA+F3,executed,budget 1.11e-16<=1e-09 ok; resid 4.44e-16<=1e-06 ok; wage 0<=1e-08 ok,,24118732b5e979be74f168c989ba2667b8d5f98d
matrix_5x3-v2-GAMMA-F1,2026-09-17,matrix_5x3_v2,GAMMA+F1,executed,budget 1.11e-16<=1e-09 ok; resid 8.88e-16<=1e-06 ok; wage 0<=1e-08 ok,,24118732b5e979be74f168c989ba2667b8d5f98d
matrix_5x3-v2-GAMMA-F2,2026-09-17,matrix_5x3_v2,GAMMA+F2,executed,budget 1.11e-16<=1e-09 ok; resid 4.85e-07<=1e-06 ok; wage 0<=1e-08 ok,,24118732b5e979be74f168c989ba2667b8d5f98d
matrix_5x3-v2-GAMMA-F3,2026-09-17,matrix_5x3_v2,GAMMA+F3,executed,budget 1.11e-16<=1e-09 ok; resid 8.88e-16<=1e-06 ok; wage 0<=1e-08 ok,,24118732b5e979be74f168c989ba2667b8d5f98d
matrix_5x3-v3-ALPHA-F1,2026-09-18,matrix_5x3_v3,ALPHA+F1,executed,budget 1.11e-16<=1e-09 ok; labour 2.22e-16<=1e-06 ok; resid 2.22e-15<=1e-06 ok,,3ee1f2f200cd51766a54309abb8631ee38eab935
matrix_5x3-v3-ALPHA-F2,2026-09-18,matrix_5x3_v3,ALPHA+F2,executed,budget 0<=1e-09 ok; labour 4.44e-16<=1e-06 ok; resid 2.22e-15<=1e-06 ok,,3ee1f2f200cd51766a54309abb8631ee38eab935
matrix_5x3-v3-ALPHA-F3,2026-09-18,matrix_5x3_v3,ALPHA+F3,executed,budget 1.11e-16<=1e-09 ok; labour 4.44e-16<=1e-06 ok; resid 2.22e-15<=1e-06 ok,,3ee1f2f200cd51766a54309abb8631ee38eab935
matrix_5x3-v3-BETA-F1,2026-09-18,matrix_5x3_v3,BETA+F1,executed,budget 0<=1e-09 ok; labour 1.22e-15<=1e-06 ok; resid 2.22e-15<=1e-06 ok,,3ee1f2f200cd51766a54309abb8631ee38eab935
matrix_5x3-v3-BETA-F2,2026-09-18,matrix_5x3_v3,BETA+F2,executed,budget 0<=1e-09 ok; labour 1.22e-15<=1e-06 ok; resid 2.22e-15<=1e-06 ok,,3ee1f2f200cd51766a54309abb8631ee38eab935
matrix_5x3-v3-BETA-F3,2026-09-18,matrix_5x3_v3,BETA+F3,executed,budget 0<=1e-09 ok; labour 1.44e-15<=1e-06 ok; resid 2.22e-15<=1e-06 ok,,3ee1f2f200cd51766a54309abb8631ee38eab935
matrix_5x3-v3-BF-F1,2026-09-18,matrix_5x3_v3,BF+F1,executed,budget 1.11e-16<=1e-09 ok; labour 0<=1e-06 ok; resid 3.94e-13<=1e-06 ok,,3ee1f2f200cd51766a54309abb8631ee38eab935
matrix_5x3-v3-BF-F2,2026-09-18,matrix_5x3_v3,BF+F2,executed,budget 0<=1e-09 ok; labour 0<=1e-06 ok; resid 2.22e-15<=1e-06 ok,,3ee1f2f200cd51766a54309abb8631ee38eab935
matrix_5x3-v3-BF-F3,2026-09-18,matrix_5x3_v3,BF+F3,executed,budget 1.11e-16<=1e-09 ok; labour 0<=1e-06 ok; resid 2.22e-15<=1e-06 ok,,3ee1f2f200cd51766a54309abb8631ee38eab935
matrix_5x3-v3-DELTA-F1,2026-09-18,matrix_5x3_v3,DELTA+F1,executed,budget 1.11e-16<=1e-09 ok; resid 4.44e-16<=1e-06 ok; wage 0<=1e-08 ok,,3ee1f2f200cd51766a54309abb8631ee38eab935
matrix_5x3-v3-DELTA-F2,2026-09-18,matrix_5x3_v3,DELTA+F2,executed,budget 1.11e-16<=1e-09 ok; resid 1.78e-13<=1e-06 ok; wage 0<=1e-08 ok,,3ee1f2f200cd51766a54309abb8631ee38eab935
matrix_5x3-v3-DELTA-F3,2026-09-18,matrix_5x3_v3,DELTA+F3,executed,budget 1.11e-16<=1e-09 ok; resid 4.44e-16<=1e-06 ok; wage 0<=1e-08 ok,,3ee1f2f200cd51766a54309abb8631ee38eab935
matrix_5x3-v3-GAMMA-F1,2026-09-18,matrix_5x3_v3,GAMMA+F1,executed,budget 1.11e-16<=1e-09 ok; resid 8.88e-16<=1e-06 ok; wage 0<=1e-08 ok,,3ee1f2f200cd51766a54309abb8631ee38eab935
matrix_5x3-v3-GAMMA-F2,2026-09-18,matrix_5x3_v3,GAMMA+F2,executed,budget 0<=1e-09 ok; resid 9e-14<=1e-06 ok; wage 0<=1e-08 ok,,3ee1f2f200cd51766a54309abb8631ee38eab935
matrix_5x3-v3-GAMMA-F3,2026-09-18,matrix_5x3_v3,GAMMA+F3,executed,budget 1.11e-16<=1e-09 ok; resid 8.88e-16<=1e-06 ok; wage 0<=1e-08 ok,,3ee1f2f200cd51766a54309abb8631ee38eab935
matrix_5x3-v4-ALPHA-F1,2026-09-18,matrix_5x3_v4,ALPHA+F1,executed,budget 0<=1e-09 ok; labour 3.33e-16<=1e-06 ok; resid 6.66e-16<=1e-06 ok,gdp_rel=0.000000; cons_rel=0.000433; L=1.000000; w=1.000000,3e78c98a89fe05aa2b0bc6814532d3daa5ed0c86
matrix_5x3-v4-ALPHA-F2,2026-09-18,matrix_5x3_v4,ALPHA+F2,executed,budget 1.11e-16<=1e-09 ok; labour 3.33e-16<=1e-06 ok; resid 6.66e-16<=1e-06 ok,gdp_rel=0.000000; cons_rel=-0.016936; L=1.000000; w=1.000000,3e78c98a89fe05aa2b0bc6814532d3daa5ed0c86
matrix_5x3-v4-ALPHA-F3,2026-09-18,matrix_5x3_v4,ALPHA+F3,executed,budget 1.11e-16<=1e-09 ok; labour 3.33e-16<=1e-06 ok; resid 6.66e-16<=1e-06 ok,gdp_rel=0.000000; cons_rel=0.000000; L=1.000000; w=1.000000,3e78c98a89fe05aa2b0bc6814532d3daa5ed0c86
matrix_5x3-v4-BETA-F1,2026-09-18,matrix_5x3_v4,BETA+F1,executed,budget 0<=1e-09 ok; labour 3.33e-16<=1e-06 ok; resid 6.66e-16<=1e-06 ok,gdp_rel=0.000000; cons_rel=0.000433; L=1.000000; w=1.000000,3e78c98a89fe05aa2b0bc6814532d3daa5ed0c86
matrix_5x3-v4-BETA-F2,2026-09-18,matrix_5x3_v4,BETA+F2,executed,budget 1.11e-16<=1e-09 ok; labour 3.33e-16<=1e-06 ok; resid 6.66e-16<=1e-06 ok,gdp_rel=0.000000; cons_rel=-0.016936; L=1.000000; w=1.000000,3e78c98a89fe05aa2b0bc6814532d3daa5ed0c86
matrix_5x3-v4-BETA-F3,2026-09-18,matrix_5x3_v4,BETA+F3,executed,budget 1.11e-16<=1e-09 ok; labour 3.33e-16<=1e-06 ok; resid 6.66e-16<=1e-06 ok,gdp_rel=0.000000; cons_rel=0.000000; L=1.000000; w=1.000000,3e78c98a89fe05aa2b0bc6814532d3daa5ed0c86
matrix_5x3-v4-BF-F1,2026-09-18,matrix_5x3_v4,BF+F1,executed,budget 0<=1e-09 ok; labour 0<=1e-06 ok; resid 6.66e-16<=1e-06 ok,gdp_rel=0.000000; cons_rel=0.000433; L=1.000000; w=1.000000,3e78c98a89fe05aa2b0bc6814532d3daa5ed0c86
matrix_5x3-v4-BF-F2,2026-09-18,matrix_5x3_v4,BF+F2,executed,budget 0<=1e-09 ok; labour 0<=1e-06 ok; resid 6.66e-16<=1e-06 ok,gdp_rel=0.000000; cons_rel=-0.016936; L=1.000000; w=1.000000,3e78c98a89fe05aa2b0bc6814532d3daa5ed0c86
matrix_5x3-v4-BF-F3,2026-09-18,matrix_5x3_v4,BF+F3,executed,budget 1.11e-16<=1e-09 ok; labour 0<=1e-06 ok; resid 6.66e-16<=1e-06 ok,gdp_rel=0.000000; cons_rel=0.000000; L=1.000000; w=1.000000,3e78c98a89fe05aa2b0bc6814532d3daa5ed0c86
matrix_5x3-v4-DELTA-F1,2026-09-18,matrix_5x3_v4,DELTA+F1,executed,budget 1.11e-16<=1e-09 ok; resid 1.35e-13<=1e-06 ok; wage 0<=1e-08 ok,gdp_rel=-0.000973; cons_rel=-0.000806; L=0.999027; w=1.000000,3e78c98a89fe05aa2b0bc6814532d3daa5ed0c86
matrix_5x3-v4-DELTA-F2,2026-09-18,matrix_5x3_v4,DELTA+F2,executed,budget 0<=1e-09 ok; resid 4.47e-14<=1e-06 ok; wage 0<=1e-08 ok,gdp_rel=0.001260; cons_rel=-0.015333; L=1.001260; w=1.000000,3e78c98a89fe05aa2b0bc6814532d3daa5ed0c86
matrix_5x3-v4-DELTA-F3,2026-09-18,matrix_5x3_v4,DELTA+F3,executed,budget 1.11e-16<=1e-09 ok; resid 1.42e-13<=1e-06 ok; wage 0<=1e-08 ok,gdp_rel=0.017796; cons_rel=0.022644; L=1.017796; w=1.000000,3e78c98a89fe05aa2b0bc6814532d3daa5ed0c86
matrix_5x3-v4-GAMMA-F1,2026-09-18,matrix_5x3_v4,GAMMA+F1,executed,budget 2.22e-16<=1e-09 ok; resid 8.88e-16<=1e-06 ok; wage 0<=1e-08 ok,gdp_rel=-0.000973; cons_rel=-0.000806; L=0.999027; w=1.000000,3e78c98a89fe05aa2b0bc6814532d3daa5ed0c86
matrix_5x3-v4-GAMMA-F2,2026-09-18,matrix_5x3_v4,GAMMA+F2,executed,budget 0<=1e-09 ok; resid 8.88e-16<=1e-06 ok; wage 0<=1e-08 ok,gdp_rel=0.001260; cons_rel=-0.015333; L=1.001260; w=1.000000,3e78c98a89fe05aa2b0bc6814532d3daa5ed0c86
matrix_5x3-v4-GAMMA-F3,2026-09-18,matrix_5x3_v4,GAMMA+F3,executed,budget 1.11e-16<=1e-09 ok; resid 8.88e-16<=1e-06 ok; wage 0<=1e-08 ok,gdp_rel=0.017796; cons_rel=0.022644; L=1.017796; w=1.000000,3e78c98a89fe05aa2b0bc6814532d3daa5ed0c86
matrix_5x3-v5-ALPHA-F1,2026-09-18,matrix_5x3_v5,ALPHA+F1,executed,budget 1.11e-16<=1e-09 ok; labour 5.55e-16<=1e-06 ok; resid 6.66e-16<=1e-06 ok,gdp_rel=0.000000; cons_rel=0.001432; L=1.000000; w=1.000000,49d7999dece02ea584dad0235a9f7683833229c2
matrix_5x3-v5-ALPHA-F2,2026-09-18,matrix_5x3_v5,ALPHA+F2,executed,budget 1.11e-16<=1e-09 ok; labour 5.55e-16<=1e-06 ok; resid 6.66e-16<=1e-06 ok,gdp_rel=0.000000; cons_rel=-0.018226; L=1.000000; w=1.000000,49d7999dece02ea584dad0235a9f7683833229c2
matrix_5x3-v5-ALPHA-F3,2026-09-18,matrix_5x3_v5,ALPHA+F3,executed,budget 1.11e-16<=1e-09 ok; labour 5.55e-16<=1e-06 ok; resid 6.66e-16<=1e-06 ok,gdp_rel=0.000000; cons_rel=-0.018226; L=1.000000; w=1.000000,49d7999dece02ea584dad0235a9f7683833229c2
matrix_5x3-v5-BETA-F1,2026-09-18,matrix_5x3_v5,BETA+F1,executed,budget 1.11e-16<=1e-09 ok; labour 5.55e-16<=1e-06 ok; resid 6.66e-16<=1e-06 ok,gdp_rel=0.000000; cons_rel=0.001432; L=1.000000; w=1.000000,49d7999dece02ea584dad0235a9f7683833229c2
matrix_5x3-v5-BETA-F2,2026-09-18,matrix_5x3_v5,BETA+F2,executed,budget 1.11e-16<=1e-09 ok; labour 5.55e-16<=1e-06 ok; resid 6.66e-16<=1e-06 ok,gdp_rel=0.000000; cons_rel=-0.018226; L=1.000000; w=1.000000,49d7999dece02ea584dad0235a9f7683833229c2
matrix_5x3-v5-BETA-F3,2026-09-18,matrix_5x3_v5,BETA+F3,executed,budget 1.11e-16<=1e-09 ok; labour 5.55e-16<=1e-06 ok; resid 6.66e-16<=1e-06 ok,gdp_rel=0.000000; cons_rel=-0.018226; L=1.000000; w=1.000000,49d7999dece02ea584dad0235a9f7683833229c2
matrix_5x3-v5-BF-F1,2026-09-18,matrix_5x3_v5,BF+F1,executed,budget 0<=1e-09 ok; labour 0<=1e-06 ok; resid 6.66e-16<=1e-06 ok,gdp_rel=0.000000; cons_rel=0.000433; L=1.000000; w=1.000000,49d7999dece02ea584dad0235a9f7683833229c2
matrix_5x3-v5-BF-F2,2026-09-18,matrix_5x3_v5,BF+F2,executed,budget 0<=1e-09 ok; labour 0<=1e-06 ok; resid 6.66e-16<=1e-06 ok,gdp_rel=0.000000; cons_rel=-0.016936; L=1.000000; w=1.000000,49d7999dece02ea584dad0235a9f7683833229c2
matrix_5x3-v5-BF-F3,2026-09-18,matrix_5x3_v5,BF+F3,executed,budget 1.11e-16<=1e-09 ok; labour 0<=1e-06 ok; resid 6.66e-16<=1e-06 ok,gdp_rel=0.000000; cons_rel=0.000000; L=1.000000; w=1.000000,49d7999dece02ea584dad0235a9f7683833229c2
matrix_5x3-v5-DELTA-F1,2026-09-18,matrix_5x3_v5,DELTA+F1,executed,budget 1.11e-16<=1e-09 ok; resid 1.28e-13<=1e-06 ok; wage 0<=1e-08 ok,gdp_rel=-0.000973; cons_rel=-0.000806; L=0.999027; w=1.000000,49d7999dece02ea584dad0235a9f7683833229c2
matrix_5x3-v5-DELTA-F2,2026-09-18,matrix_5x3_v5,DELTA+F2,executed,budget 0<=1e-09 ok; resid 1.71e-13<=1e-06 ok; wage 0<=1e-08 ok,gdp_rel=0.001260; cons_rel=-0.015333; L=1.001260; w=1.000000,49d7999dece02ea584dad0235a9f7683833229c2
matrix_5x3-v5-DELTA-F3,2026-09-18,matrix_5x3_v5,DELTA+F3,executed,budget 1.11e-16<=1e-09 ok; resid 4.44e-16<=1e-06 ok; wage 0<=1e-08 ok,gdp_rel=0.017796; cons_rel=0.022644; L=1.017796; w=1.000000,49d7999dece02ea584dad0235a9f7683833229c2
matrix_5x3-v5-GAMMA-F1,2026-09-18,matrix_5x3_v5,GAMMA+F1,executed,budget 1.11e-16<=1e-09 ok; resid 6.66e-14<=1e-06 ok; wage 0<=1e-08 ok,gdp_rel=-0.000973; cons_rel=-0.000806; L=0.999027; w=1.000000,49d7999dece02ea584dad0235a9f7683833229c2
matrix_5x3-v5-GAMMA-F2,2026-09-18,matrix_5x3_v5,GAMMA+F2,executed,budget 2.22e-16<=1e-09 ok; resid 1.03e-13<=1e-06 ok; wage 0<=1e-08 ok,gdp_rel=0.001260; cons_rel=-0.015333; L=1.001260; w=1.000000,49d7999dece02ea584dad0235a9f7683833229c2
matrix_5x3-v5-GAMMA-F3,2026-09-18,matrix_5x3_v5,GAMMA+F3,executed,budget 2.22e-16<=1e-09 ok; resid 2.01e-13<=1e-06 ok; wage 0<=1e-08 ok,gdp_rel=0.017796; cons_rel=0.022644; L=1.017796; w=1.000000,49d7999dece02ea584dad0235a9f7683833229c2
matrix_5x3-v6-ALPHA-F1,2026-09-18,matrix_5x3_v6,ALPHA+F1,executed,budget 0<=1e-09 ok; labour 2.22e-16<=1e-06 ok; resid 2.22e-15<=1e-06 ok,gdp_rel=0.000000; cons_rel=0.001432; L=1.000000; w=1.000000,6db1da59fa5582a31c249714d59ca3ba27e8937f
matrix_5x3-v6-ALPHA-F2,2026-09-18,matrix_5x3_v6,ALPHA+F2,executed,budget 1.11e-16<=1e-09 ok; labour 2.22e-16<=1e-06 ok; resid 2.22e-15<=1e-06 ok,gdp_rel=0.000000; cons_rel=-0.018226; L=1.000000; w=1.000000,6db1da59fa5582a31c249714d59ca3ba27e8937f
matrix_5x3-v6-ALPHA-F3,2026-09-18,matrix_5x3_v6,ALPHA+F3,executed,budget 0<=1e-09 ok; labour 2.22e-16<=1e-06 ok; resid 2.22e-15<=1e-06 ok,gdp_rel=0.000000; cons_rel=-0.018226; L=1.000000; w=1.000000,6db1da59fa5582a31c249714d59ca3ba27e8937f
matrix_5x3-v6-BETA-F1,2026-09-18,matrix_5x3_v6,BETA+F1,executed,budget 0<=1e-09 ok; labour 1.22e-15<=1e-06 ok; resid 2.22e-15<=1e-06 ok,gdp_rel=0.000000; cons_rel=0.001432; L=1.000000; w=1.000000,6db1da59fa5582a31c249714d59ca3ba27e8937f
matrix_5x3-v6-BETA-F2,2026-09-18,matrix_5x3_v6,BETA+F2,executed,budget 0<=1e-09 ok; labour 1.44e-15<=1e-06 ok; resid 2.22e-15<=1e-06 ok,gdp_rel=0.000000; cons_rel=-0.018226; L=1.000000; w=1.000000,6db1da59fa5582a31c249714d59ca3ba27e8937f
matrix_5x3-v6-BETA-F3,2026-09-18,matrix_5x3_v6,BETA+F3,executed,budget 1.11e-16<=1e-09 ok; labour 1.44e-15<=1e-06 ok; resid 2.22e-15<=1e-06 ok,gdp_rel=0.000000; cons_rel=-0.018226; L=1.000000; w=1.000000,6db1da59fa5582a31c249714d59ca3ba27e8937f
matrix_5x3-v6-BF-F1,2026-09-18,matrix_5x3_v6,BF+F1,executed,budget 1.11e-16<=1e-09 ok; resid 9.84e-12<=1e-06 ok; sectoral 1.56e-12<=1e-06 ok,gdp_rel=-0.000110; cons_rel=0.000963; L=1.000000; w=1.006216,6db1da59fa5582a31c249714d59ca3ba27e8937f
matrix_5x3-v6-BF-F2,2026-09-18,matrix_5x3_v6,BF+F2,executed,budget 0<=1e-09 ok; resid 5.25e-13<=1e-06 ok; sectoral 5.25e-13<=1e-06 ok,gdp_rel=-0.000162; cons_rel=-0.019800; L=1.000000; w=1.007018,6db1da59fa5582a31c249714d59ca3ba27e8937f
matrix_5x3-v6-BF-F3,2026-09-18,matrix_5x3_v6,BF+F3,executed,budget 2.22e-16<=1e-09 ok; resid 6.04e-13<=1e-06 ok; sectoral 6.04e-13<=1e-06 ok,gdp_rel=-0.000162; cons_rel=-0.019800; L=1.000000; w=1.007018,6db1da59fa5582a31c249714d59ca3ba27e8937f
matrix_5x3-v6-DELTA-F1,2026-09-18,matrix_5x3_v6,DELTA+F1,executed,budget 1.11e-16<=1e-09 ok; resid 4.4e-14<=1e-06 ok; wage 0<=1e-08 ok,gdp_rel=-0.000973; cons_rel=-0.000806; L=0.999027; w=1.000000,6db1da59fa5582a31c249714d59ca3ba27e8937f
matrix_5x3-v6-DELTA-F2,2026-09-18,matrix_5x3_v6,DELTA+F2,executed,budget 0<=1e-09 ok; resid 1.82e-13<=1e-06 ok; wage 0<=1e-08 ok,gdp_rel=0.001260; cons_rel=-0.015333; L=1.001260; w=1.000000,6db1da59fa5582a31c249714d59ca3ba27e8937f
matrix_5x3-v6-DELTA-F3,2026-09-18,matrix_5x3_v6,DELTA+F3,executed,budget 1.11e-16<=1e-09 ok; resid 4.44e-16<=1e-06 ok; wage 0<=1e-08 ok,gdp_rel=0.017796; cons_rel=0.022644; L=1.017796; w=1.000000,6db1da59fa5582a31c249714d59ca3ba27e8937f
matrix_5x3-v6-GAMMA-F1,2026-09-18,matrix_5x3_v6,GAMMA+F1,executed,budget 0<=1e-09 ok; resid 1.41e-13<=1e-06 ok; wage 0<=1e-08 ok,gdp_rel=-0.000973; cons_rel=-0.000806; L=0.999027; w=1.000000,6db1da59fa5582a31c249714d59ca3ba27e8937f
matrix_5x3-v6-GAMMA-F2,2026-09-18,matrix_5x3_v6,GAMMA+F2,executed,budget 0<=1e-09 ok; resid 8.88e-16<=1e-06 ok; wage 0<=1e-08 ok,gdp_rel=0.001260; cons_rel=-0.015333; L=1.001260; w=1.000000,6db1da59fa5582a31c249714d59ca3ba27e8937f
matrix_5x3-v6-GAMMA-F3,2026-09-18,matrix_5x3_v6,GAMMA+F3,executed,budget 0<=1e-09 ok; resid 8.88e-16<=1e-06 ok; wage 0<=1e-08 ok,gdp_rel=0.017796; cons_rel=0.022644; L=1.017796; w=1.000000,6db1da59fa5582a31c249714d59ca3ba27e8937f
matrix_5x3-v7-ALPHA-F1,2026-09-19,matrix_5x3_v7,ALPHA+F1,executed,budget 0<=1e-09 ok; labour 2.22e-16<=1e-06 ok; resid 2.22e-15<=1e-06 ok,gdp_rel=0.000000; cons_rel=0.001432; L=1.000000; w=1.000000,bc83d5ae9df9d5191c76e1e46fb3f21eef7d88bb
matrix_5x3-v7-ALPHA-F2,2026-09-19,matrix_5x3_v7,ALPHA+F2,executed,budget 1.11e-16<=1e-09 ok; labour 2.22e-16<=1e-06 ok; resid 2.22e-15<=1e-06 ok,gdp_rel=0.000000; cons_rel=-0.018226; L=1.000000; w=1.000000,bc83d5ae9df9d5191c76e1e46fb3f21eef7d88bb
matrix_5x3-v7-ALPHA-F3,2026-09-19,matrix_5x3_v7,ALPHA+F3,executed,budget 0<=1e-09 ok; labour 2.22e-16<=1e-06 ok; resid 2.22e-15<=1e-06 ok,gdp_rel=0.000000; cons_rel=-0.018226; L=1.000000; w=1.000000,bc83d5ae9df9d5191c76e1e46fb3f21eef7d88bb
matrix_5x3-v7-BETA-F1,2026-09-19,matrix_5x3_v7,BETA+F1,executed,budget 0<=1e-09 ok; labour 1.22e-15<=1e-06 ok; resid 2.22e-15<=1e-06 ok,gdp_rel=0.000000; cons_rel=0.001432; L=1.000000; w=1.000000,bc83d5ae9df9d5191c76e1e46fb3f21eef7d88bb
matrix_5x3-v7-BETA-F1-etas025,2026-09-19,matrix_5x3_v7,BETA+F1,failed,overall=fail,,bc83d5ae9df9d5191c76e1e46fb3f21eef7d88bb
matrix_5x3-v7-BETA-F1-etas05,2026-09-19,matrix_5x3_v7,BETA+F1,failed,overall=fail,,bc83d5ae9df9d5191c76e1e46fb3f21eef7d88bb
matrix_5x3-v7-BETA-F1-etas1,2026-09-19,matrix_5x3_v7,BETA+F1,failed,overall=fail,,bc83d5ae9df9d5191c76e1e46fb3f21eef7d88bb
matrix_5x3-v7-BETA-F1-etas2,2026-09-19,matrix_5x3_v7,BETA+F1,failed,overall=fail,,bc83d5ae9df9d5191c76e1e46fb3f21eef7d88bb
matrix_5x3-v7-BETA-F1-rigidhalf,2026-09-19,matrix_5x3_v7,BETA+F1,failed,overall=fail,,bc83d5ae9df9d5191c76e1e46fb3f21eef7d88bb
matrix_5x3-v7-BETA-F1-rigidprog,2026-09-19,matrix_5x3_v7,BETA+F1,failed,overall=fail,,bc83d5ae9df9d5191c76e1e46fb3f21eef7d88bb
matrix_5x3-v7-BETA-F2,2026-09-19,matrix_5x3_v7,BETA+F2,executed,budget 0<=1e-09 ok; labour 1.44e-15<=1e-06 ok; resid 2.22e-15<=1e-06 ok,gdp_rel=0.000000; cons_rel=-0.018226; L=1.000000; w=1.000000,bc83d5ae9df9d5191c76e1e46fb3f21eef7d88bb
matrix_5x3-v7-BETA-F2-etas025,2026-09-19,matrix_5x3_v7,BETA+F2,failed,overall=fail,,bc83d5ae9df9d5191c76e1e46fb3f21eef7d88bb
matrix_5x3-v7-BETA-F2-etas05,2026-09-19,matrix_5x3_v7,BETA+F2,failed,overall=fail,,bc83d5ae9df9d5191c76e1e46fb3f21eef7d88bb
matrix_5x3-v7-BETA-F2-etas1,2026-09-19,matrix_5x3_v7,BETA+F2,failed,overall=fail,,bc83d5ae9df9d5191c76e1e46fb3f21eef7d88bb
matrix_5x3-v7-BETA-F2-etas2,2026-09-19,matrix_5x3_v7,BETA+F2,failed,overall=fail,,bc83d5ae9df9d5191c76e1e46fb3f21eef7d88bb
matrix_5x3-v7-BETA-F2-rigidhalf,2026-09-19,matrix_5x3_v7,BETA+F2,failed,overall=fail,,bc83d5ae9df9d5191c76e1e46fb3f21eef7d88bb
matrix_5x3-v7-BETA-F2-rigidprog,2026-09-19,matrix_5x3_v7,BETA+F2,failed,overall=fail,,bc83d5ae9df9d5191c76e1e46fb3f21eef7d88bb
matrix_5x3-v7-BETA-F3,2026-09-19,matrix_5x3_v7,BETA+F3,executed,budget 1.11e-16<=1e-09 ok; labour 1.44e-15<=1e-06 ok; resid 2.22e-15<=1e-06 ok,gdp_rel=0.000000; cons_rel=-0.018226; L=1.000000; w=1.000000,bc83d5ae9df9d5191c76e1e46fb3f21eef7d88bb
matrix_5x3-v7-BETA-F3-etas025,2026-09-19,matrix_5x3_v7,BETA+F3,failed,overall=fail,,bc83d5ae9df9d5191c76e1e46fb3f21eef7d88bb
matrix_5x3-v7-BETA-F3-etas05,2026-09-19,matrix_5x3_v7,BETA+F3,failed,overall=fail,,bc83d5ae9df9d5191c76e1e46fb3f21eef7d88bb
matrix_5x3-v7-BETA-F3-etas1,2026-09-19,matrix_5x3_v7,BETA+F3,failed,overall=fail,,bc83d5ae9df9d5191c76e1e46fb3f21eef7d88bb
matrix_5x3-v7-BETA-F3-etas2,2026-09-19,matrix_5x3_v7,BETA+F3,failed,overall=fail,,bc83d5ae9df9d5191c76e1e46fb3f21eef7d88bb
matrix_5x3-v7-BETA-F3-rigidhalf,2026-09-19,matrix_5x3_v7,BETA+F3,failed,overall=fail,,bc83d5ae9df9d5191c76e1e46fb3f21eef7d88bb
matrix_5x3-v7-BETA-F3-rigidprog,2026-09-19,matrix_5x3_v7,BETA+F3,failed,overall=fail,,bc83d5ae9df9d5191c76e1e46fb3f21eef7d88bb
matrix_5x3-v7-BF-F1,2026-09-19,matrix_5x3_v7,BF+F1,executed,budget 1.11e-16<=1e-09 ok; resid 9.84e-12<=1e-06 ok; sectoral 1.56e-12<=1e-06 ok,gdp_rel=-0.000110; cons_rel=0.000963; L=1.000000; w=1.006216,bc83d5ae9df9d5191c76e1e46fb3f21eef7d88bb
matrix_5x3-v7-BF-F2,2026-09-19,matrix_5x3_v7,BF+F2,executed,budget 0<=1e-09 ok; resid 5.25e-13<=1e-06 ok; sectoral 5.25e-13<=1e-06 ok,gdp_rel=-0.000162; cons_rel=-0.019800; L=1.000000; w=1.007018,bc83d5ae9df9d5191c76e1e46fb3f21eef7d88bb
matrix_5x3-v7-BF-F3,2026-09-19,matrix_5x3_v7,BF+F3,executed,budget 2.22e-16<=1e-09 ok; resid 6.04e-13<=1e-06 ok; sectoral 6.04e-13<=1e-06 ok,gdp_rel=-0.000162; cons_rel=-0.019800; L=1.000000; w=1.007018,bc83d5ae9df9d5191c76e1e46fb3f21eef7d88bb
matrix_5x3-v7-DELTA-F1,2026-09-19,matrix_5x3_v7,DELTA+F1,executed,budget 1.11e-16<=1e-09 ok; resid 4.4e-14<=1e-06 ok; wage 0<=1e-08 ok,gdp_rel=-0.000973; cons_rel=-0.000806; L=0.999027; w=1.000000,bc83d5ae9df9d5191c76e1e46fb3f21eef7d88bb
matrix_5x3-v7-DELTA-F2,2026-09-19,matrix_5x3_v7,DELTA+F2,executed,budget 0<=1e-09 ok; resid 1.82e-13<=1e-06 ok; wage 0<=1e-08 ok,gdp_rel=0.001260; cons_rel=-0.015333; L=1.001260; w=1.000000,bc83d5ae9df9d5191c76e1e46fb3f21eef7d88bb
matrix_5x3-v7-DELTA-F3,2026-09-19,matrix_5x3_v7,DELTA+F3,executed,budget 1.11e-16<=1e-09 ok; resid 4.44e-16<=1e-06 ok; wage 0<=1e-08 ok,gdp_rel=0.017796; cons_rel=0.022644; L=1.017796; w=1.000000,bc83d5ae9df9d5191c76e1e46fb3f21eef7d88bb
matrix_5x3-v7-GAMMA-F1,2026-09-19,matrix_5x3_v7,GAMMA+F1,executed,budget 0<=1e-09 ok; resid 1.41e-13<=1e-06 ok; wage 0<=1e-08 ok,gdp_rel=-0.000973; cons_rel=-0.000806; L=0.999027; w=1.000000,bc83d5ae9df9d5191c76e1e46fb3f21eef7d88bb
matrix_5x3-v7-GAMMA-F2,2026-09-19,matrix_5x3_v7,GAMMA+F2,executed,budget 0<=1e-09 ok; resid 8.88e-16<=1e-06 ok; wage 0<=1e-08 ok,gdp_rel=0.001260; cons_rel=-0.015333; L=1.001260; w=1.000000,bc83d5ae9df9d5191c76e1e46fb3f21eef7d88bb
matrix_5x3-v7-GAMMA-F3,2026-09-19,matrix_5x3_v7,GAMMA+F3,executed,budget 0<=1e-09 ok; resid 8.88e-16<=1e-06 ok; wage 0<=1e-08 ok,gdp_rel=0.017796; cons_rel=0.022644; L=1.017796; w=1.000000,bc83d5ae9df9d5191c76e1e46fb3f21eef7d88bb
matrix_5x3-v8-ALPHA-F1,2026-09-19,matrix_5x3_v8,ALPHA+F1,executed,budget 0<=1e-09 ok; labour 2.22e-16<=1e-06 ok; resid 2.22e-15<=1e-06 ok,gdp_rel=0.000000; cons_rel=0.001432; L=1.000000; w=1.000000,bc83d5ae9df9d5191c76e1e46fb3f21eef7d88bb
matrix_5x3-v8-ALPHA-F2,2026-09-19,matrix_5x3_v8,ALPHA+F2,executed,budget 1.11e-16<=1e-09 ok; labour 2.22e-16<=1e-06 ok; resid 2.22e-15<=1e-06 ok,gdp_rel=0.000000; cons_rel=-0.018226; L=1.000000; w=1.000000,bc83d5ae9df9d5191c76e1e46fb3f21eef7d88bb
matrix_5x3-v8-ALPHA-F3,2026-09-19,matrix_5x3_v8,ALPHA+F3,executed,budget 0<=1e-09 ok; labour 2.22e-16<=1e-06 ok; resid 2.22e-15<=1e-06 ok,gdp_rel=0.000000; cons_rel=-0.018226; L=1.000000; w=1.000000,bc83d5ae9df9d5191c76e1e46fb3f21eef7d88bb
matrix_5x3-v8-BETA-F1,2026-09-19,matrix_5x3_v8,BETA+F1,executed,budget 0<=1e-09 ok; labour 1.22e-15<=1e-06 ok; resid 2.22e-15<=1e-06 ok,gdp_rel=0.000000; cons_rel=0.001432; L=1.000000; w=1.000000,bc83d5ae9df9d5191c76e1e46fb3f21eef7d88bb
matrix_5x3-v8-BETA-F1-etas025,2026-09-19,matrix_5x3_v8,BETA+F1,failed,overall=fail,,bc83d5ae9df9d5191c76e1e46fb3f21eef7d88bb
matrix_5x3-v8-BETA-F1-etas05,2026-09-19,matrix_5x3_v8,BETA+F1,failed,overall=fail,,bc83d5ae9df9d5191c76e1e46fb3f21eef7d88bb
matrix_5x3-v8-BETA-F1-etas1,2026-09-19,matrix_5x3_v8,BETA+F1,failed,overall=fail,,bc83d5ae9df9d5191c76e1e46fb3f21eef7d88bb
matrix_5x3-v8-BETA-F1-etas2,2026-09-19,matrix_5x3_v8,BETA+F1,failed,overall=fail,,bc83d5ae9df9d5191c76e1e46fb3f21eef7d88bb
matrix_5x3-v8-BETA-F1-rigidhalf,2026-09-19,matrix_5x3_v8,BETA+F1,failed,overall=fail,,bc83d5ae9df9d5191c76e1e46fb3f21eef7d88bb
matrix_5x3-v8-BETA-F1-rigidprog,2026-09-19,matrix_5x3_v8,BETA+F1,failed,overall=fail,,bc83d5ae9df9d5191c76e1e46fb3f21eef7d88bb
matrix_5x3-v8-BETA-F2,2026-09-19,matrix_5x3_v8,BETA+F2,executed,budget 0<=1e-09 ok; labour 1.44e-15<=1e-06 ok; resid 2.22e-15<=1e-06 ok,gdp_rel=0.000000; cons_rel=-0.018226; L=1.000000; w=1.000000,bc83d5ae9df9d5191c76e1e46fb3f21eef7d88bb
matrix_5x3-v8-BETA-F2-etas025,2026-09-19,matrix_5x3_v8,BETA+F2,failed,overall=fail,,bc83d5ae9df9d5191c76e1e46fb3f21eef7d88bb
matrix_5x3-v8-BETA-F2-etas05,2026-09-19,matrix_5x3_v8,BETA+F2,failed,overall=fail,,bc83d5ae9df9d5191c76e1e46fb3f21eef7d88bb
matrix_5x3-v8-BETA-F2-etas1,2026-09-19,matrix_5x3_v8,BETA+F2,failed,overall=fail,,bc83d5ae9df9d5191c76e1e46fb3f21eef7d88bb
matrix_5x3-v8-BETA-F2-etas2,2026-09-19,matrix_5x3_v8,BETA+F2,failed,overall=fail,,bc83d5ae9df9d5191c76e1e46fb3f21eef7d88bb
matrix_5x3-v8-BETA-F2-rigidhalf,2026-09-19,matrix_5x3_v8,BETA+F2,failed,overall=fail,,bc83d5ae9df9d5191c76e1e46fb3f21eef7d88bb
matrix_5x3-v8-BETA-F2-rigidprog,2026-09-19,matrix_5x3_v8,BETA+F2,failed,overall=fail,,bc83d5ae9df9d5191c76e1e46fb3f21eef7d88bb
matrix_5x3-v8-BETA-F3,2026-09-19,matrix_5x3_v8,BETA+F3,executed,budget 1.11e-16<=1e-09 ok; labour 1.44e-15<=1e-06 ok; resid 2.22e-15<=1e-06 ok,gdp_rel=0.000000; cons_rel=-0.018226; L=1.000000; w=1.000000,bc83d5ae9df9d5191c76e1e46fb3f21eef7d88bb
matrix_5x3-v8-BETA-F3-etas025,2026-09-19,matrix_5x3_v8,BETA+F3,failed,overall=fail,,bc83d5ae9df9d5191c76e1e46fb3f21eef7d88bb
matrix_5x3-v8-BETA-F3-etas05,2026-09-19,matrix_5x3_v8,BETA+F3,failed,overall=fail,,bc83d5ae9df9d5191c76e1e46fb3f21eef7d88bb
matrix_5x3-v8-BETA-F3-etas1,2026-09-19,matrix_5x3_v8,BETA+F3,failed,overall=fail,,bc83d5ae9df9d5191c76e1e46fb3f21eef7d88bb
matrix_5x3-v8-BETA-F3-etas2,2026-09-19,matrix_5x3_v8,BETA+F3,failed,overall=fail,,bc83d5ae9df9d5191c76e1e46fb3f21eef7d88bb
matrix_5x3-v8-BETA-F3-rigidhalf,2026-09-19,matrix_5x3_v8,BETA+F3,failed,overall=fail,,bc83d5ae9df9d5191c76e1e46fb3f21eef7d88bb
matrix_5x3-v8-BETA-F3-rigidprog,2026-09-19,matrix_5x3_v8,BETA+F3,failed,overall=fail,,bc83d5ae9df9d5191c76e1e46fb3f21eef7d88bb
matrix_5x3-v8-BF-F1,2026-09-19,matrix_5x3_v8,BF+F1,executed,budget 1.11e-16<=1e-09 ok; resid 9.84e-12<=1e-06 ok; sectoral 1.56e-12<=1e-06 ok,gdp_rel=-0.000110; cons_rel=0.000963; L=1.000000; w=1.006216,bc83d5ae9df9d5191c76e1e46fb3f21eef7d88bb
matrix_5x3-v8-BF-F2,2026-09-19,matrix_5x3_v8,BF+F2,executed,budget 0<=1e-09 ok; resid 5.25e-13<=1e-06 ok; sectoral 5.25e-13<=1e-06 ok,gdp_rel=-0.000162; cons_rel=-0.019800; L=1.000000; w=1.007018,bc83d5ae9df9d5191c76e1e46fb3f21eef7d88bb
matrix_5x3-v8-BF-F3,2026-09-19,matrix_5x3_v8,BF+F3,executed,budget 2.22e-16<=1e-09 ok; resid 6.04e-13<=1e-06 ok; sectoral 6.04e-13<=1e-06 ok,gdp_rel=-0.000162; cons_rel=-0.019800; L=1.000000; w=1.007018,bc83d5ae9df9d5191c76e1e46fb3f21eef7d88bb
matrix_5x3-v8-DELTA-F1,2026-09-19,matrix_5x3_v8,DELTA+F1,executed,budget 1.11e-16<=1e-09 ok; resid 4.4e-14<=1e-06 ok; wage 0<=1e-08 ok,gdp_rel=-0.000973; cons_rel=-0.000806; L=0.999027; w=1.000000,bc83d5ae9df9d5191c76e1e46fb3f21eef7d88bb
matrix_5x3-v8-DELTA-F2,2026-09-19,matrix_5x3_v8,DELTA+F2,executed,budget 0<=1e-09 ok; resid 1.82e-13<=1e-06 ok; wage 0<=1e-08 ok,gdp_rel=0.001260; cons_rel=-0.015333; L=1.001260; w=1.000000,bc83d5ae9df9d5191c76e1e46fb3f21eef7d88bb
matrix_5x3-v8-DELTA-F3,2026-09-19,matrix_5x3_v8,DELTA+F3,executed,budget 1.11e-16<=1e-09 ok; resid 4.44e-16<=1e-06 ok; wage 0<=1e-08 ok,gdp_rel=0.017796; cons_rel=0.022644; L=1.017796; w=1.000000,bc83d5ae9df9d5191c76e1e46fb3f21eef7d88bb
matrix_5x3-v8-GAMMA-F1,2026-09-19,matrix_5x3_v8,GAMMA+F1,executed,budget 0<=1e-09 ok; resid 1.41e-13<=1e-06 ok; wage 0<=1e-08 ok,gdp_rel=-0.000973; cons_rel=-0.000806; L=0.999027; w=1.000000,bc83d5ae9df9d5191c76e1e46fb3f21eef7d88bb
matrix_5x3-v8-GAMMA-F2,2026-09-19,matrix_5x3_v8,GAMMA+F2,executed,budget 0<=1e-09 ok; resid 8.88e-16<=1e-06 ok; wage 0<=1e-08 ok,gdp_rel=0.001260; cons_rel=-0.015333; L=1.001260; w=1.000000,bc83d5ae9df9d5191c76e1e46fb3f21eef7d88bb
matrix_5x3-v8-GAMMA-F3,2026-09-19,matrix_5x3_v8,GAMMA+F3,executed,budget 0<=1e-09 ok; resid 8.88e-16<=1e-06 ok; wage 0<=1e-08 ok,gdp_rel=0.017796; cons_rel=0.022644; L=1.017796; w=1.000000,bc83d5ae9df9d5191c76e1e46fb3f21eef7d88bb
matrix_5x3-v9-ALPHA-F1,2026-09-19,matrix_5x3_v9,ALPHA+F1,executed,budget 0<=1e-09 ok; labour 2.22e-16<=1e-06 ok; resid 2.22e-15<=1e-06 ok,gdp_rel=0.000000; cons_rel=0.001432; L=1.000000; w=1.000000,bc83d5ae9df9d5191c76e1e46fb3f21eef7d88bb
matrix_5x3-v9-ALPHA-F2,2026-09-19,matrix_5x3_v9,ALPHA+F2,executed,budget 1.11e-16<=1e-09 ok; labour 2.22e-16<=1e-06 ok; resid 2.22e-15<=1e-06 ok,gdp_rel=0.000000; cons_rel=-0.018226; L=1.000000; w=1.000000,bc83d5ae9df9d5191c76e1e46fb3f21eef7d88bb
matrix_5x3-v9-ALPHA-F3,2026-09-19,matrix_5x3_v9,ALPHA+F3,executed,budget 0<=1e-09 ok; labour 2.22e-16<=1e-06 ok; resid 2.22e-15<=1e-06 ok,gdp_rel=0.000000; cons_rel=-0.018226; L=1.000000; w=1.000000,bc83d5ae9df9d5191c76e1e46fb3f21eef7d88bb
matrix_5x3-v9-BETA-F1,2026-09-19,matrix_5x3_v9,BETA+F1,executed,budget 0<=1e-09 ok; labour 1.22e-15<=1e-06 ok; resid 2.22e-15<=1e-06 ok,gdp_rel=0.000000; cons_rel=0.001432; L=1.000000; w=1.000000,bc83d5ae9df9d5191c76e1e46fb3f21eef7d88bb
matrix_5x3-v9-BETA-F1-etas025,2026-09-19,matrix_5x3_v9,BETA+F1,executed,budget 0<=1e-09 ok; resid 7.95e-13<=1e-06 ok; sectoral 1.94e-13<=1e-06 ok,gdp_rel=-0.007086; cons_rel=0.003252; L=1.000809; w=1.003773,bc83d5ae9df9d5191c76e1e46fb3f21eef7d88bb
matrix_5x3-v9-BETA-F1-etas05,2026-09-19,matrix_5x3_v9,BETA+F1,executed,budget 1.11e-16<=1e-09 ok; resid 4.49e-13<=1e-06 ok; sectoral 2.38e-13<=1e-06 ok,gdp_rel=-0.004414; cons_rel=0.004227; L=1.001191; w=1.002726,bc83d5ae9df9d5191c76e1e46fb3f21eef7d88bb
matrix_5x3-v9-BETA-F1-etas1,2026-09-19,matrix_5x3_v9,BETA+F1,executed,budget 3.33e-16<=1e-09 ok; resid 9.68e-13<=1e-06 ok; sectoral 3.96e-13<=1e-06 ok,gdp_rel=-0.001981; cons_rel=0.005119; L=1.001564; w=1.001758,bc83d5ae9df9d5191c76e1e46fb3f21eef7d88bb
matrix_5x3-v9-BETA-F1-etas2,2026-09-19,matrix_5x3_v9,BETA+F1,executed,budget 2.22e-16<=1e-09 ok; resid 1.23e-12<=1e-06 ok; sectoral 1.03e-12<=1e-06 ok,gdp_rel=-0.000184; cons_rel=0.005784; L=1.001859; w=1.001030,bc83d5ae9df9d5191c76e1e46fb3f21eef7d88bb
matrix_5x3-v9-BETA-F1-rigidhalf,2026-09-19,matrix_5x3_v9,BETA+F1,executed,budget 2.22e-16<=1e-09 ok; resid 5.23e-13<=1e-06 ok; sectoral 2.33e-13<=1e-06 ok,gdp_rel=-0.007748; cons_rel=0.001496; L=1.000188; w=1.005594,bc83d5ae9df9d5191c76e1e46fb3f21eef7d88bb
matrix_5x3-v9-BETA-F1-rigidprog,2026-09-19,matrix_5x3_v9,BETA+F1,executed,budget 1.11e-16<=1e-09 ok; resid 8.32e-12<=1e-06 ok; sectoral 1.31e-12<=1e-06 ok,gdp_rel=-0.012839; cons_rel=-0.005416; L=0.996999; w=1.005437,bc83d5ae9df9d5191c76e1e46fb3f21eef7d88bb
matrix_5x3-v9-BETA-F2,2026-09-19,matrix_5x3_v9,BETA+F2,executed,budget 0<=1e-09 ok; labour 1.44e-15<=1e-06 ok; resid 2.22e-15<=1e-06 ok,gdp_rel=0.000000; cons_rel=-0.018226; L=1.000000; w=1.000000,bc83d5ae9df9d5191c76e1e46fb3f21eef7d88bb
matrix_5x3-v9-BETA-F2-etas025,2026-09-19,matrix_5x3_v9,BETA+F2,executed,budget 1.11e-16<=1e-09 ok; resid 3.74e-13<=1e-06 ok; sectoral 2.25e-13<=1e-06 ok,gdp_rel=-0.007671; cons_rel=-0.016888; L=1.000864; w=1.004088,bc83d5ae9df9d5191c76e1e46fb3f21eef7d88bb
matrix_5x3-v9-BETA-F2-etas05,2026-09-19,matrix_5x3_v9,BETA+F2,executed,budget 0<=1e-09 ok; resid 7.64e-13<=1e-06 ok; sectoral 1.64e-13<=1e-06 ok,gdp_rel=-0.004690; cons_rel=-0.015712; L=1.001255; w=1.002900,bc83d5ae9df9d5191c76e1e46fb3f21eef7d88bb
matrix_5x3-v9-BETA-F2-etas1,2026-09-19,matrix_5x3_v9,BETA+F2,executed,budget 0<=1e-09 ok; resid 1.09e-12<=1e-06 ok; sectoral 2.65e-13<=1e-06 ok,gdp_rel=-0.002069; cons_rel=-0.014669; L=1.001627; w=1.001839,bc83d5ae9df9d5191c76e1e46fb3f21eef7d88bb
matrix_5x3-v9-BETA-F2-etas2,2026-09-19,matrix_5x3_v9,BETA+F2,executed,budget 1.11e-16<=1e-09 ok; resid 8.9e-13<=1e-06 ok; sectoral 2.84e-13<=1e-06 ok,gdp_rel=-0.000189; cons_rel=-0.013912; L=1.001914; w=1.001064,bc83d5ae9df9d5191c76e1e46fb3f21eef7d88bb
matrix_5x3-v9-BETA-F2-rigidhalf,2026-09-19,matrix_5x3_v9,BETA+F2,executed,budget 0<=1e-09 ok; resid 4.14e-13<=1e-06 ok; sectoral 2.84e-13<=1e-06 ok,gdp_rel=-0.008652; cons_rel=-0.019053; L=1.000196; w=1.006208,bc83d5ae9df9d5191c76e1e46fb3f21eef7d88bb
matrix_5x3-v9-BETA-F2-rigidprog,2026-09-19,matrix_5x3_v9,BETA+F2,executed,budget 0<=1e-09 ok; resid 4.03e-12<=1e-06 ok; sectoral 4.03e-12<=1e-06 ok,gdp_rel=-0.014525; cons_rel=-0.026914; L=0.996621; w=1.006154,bc83d5ae9df9d5191c76e1e46fb3f21eef7d88bb
matrix_5x3-v9-BETA-F3,2026-09-19,matrix_5x3_v9,BETA+F3,executed,budget 1.11e-16<=1e-09 ok; labour 1.44e-15<=1e-06 ok; resid 2.22e-15<=1e-06 ok,gdp_rel=0.000000; cons_rel=-0.018226; L=1.000000; w=1.000000,bc83d5ae9df9d5191c76e1e46fb3f21eef7d88bb
matrix_5x3-v9-BETA-F3-etas025,2026-09-19,matrix_5x3_v9,BETA+F3,executed,budget 1.11e-16<=1e-09 ok; resid 4.04e-13<=1e-06 ok; sectoral 2.18e-13<=1e-06 ok,gdp_rel=-0.007671; cons_rel=-0.016888; L=1.000864; w=1.004088,bc83d5ae9df9d5191c76e1e46fb3f21eef7d88bb
matrix_5x3-v9-BETA-F3-etas05,2026-09-19,matrix_5x3_v9,BETA+F3,executed,budget 2.22e-16<=1e-09 ok; resid 8.46e-13<=1e-06 ok; sectoral 2.04e-13<=1e-06 ok,gdp_rel=-0.004690; cons_rel=-0.015712; L=1.001255; w=1.002900,bc83d5ae9df9d5191c76e1e46fb3f21eef7d88bb
matrix_5x3-v9-BETA-F3-etas1,2026-09-19,matrix_5x3_v9,BETA+F3,executed,budget 0<=1e-09 ok; resid 2.25e-12<=1e-06 ok; sectoral 4.31e-13<=1e-06 ok,gdp_rel=-0.002069; cons_rel=-0.014669; L=1.001627; w=1.001839,bc83d5ae9df9d5191c76e1e46fb3f21eef7d88bb
matrix_5x3-v9-BETA-F3-etas2,2026-09-19,matrix_5x3_v9,BETA+F3,executed,budget 0<=1e-09 ok; resid 2.1e-12<=1e-06 ok; sectoral 1.2e-12<=1e-06 ok,gdp_rel=-0.000189; cons_rel=-0.013912; L=1.001914; w=1.001064,bc83d5ae9df9d5191c76e1e46fb3f21eef7d88bb
matrix_5x3-v9-BETA-F3-rigidhalf,2026-09-19,matrix_5x3_v9,BETA+F3,executed,budget 2.22e-16<=1e-09 ok; resid 4.74e-13<=1e-06 ok; sectoral 1.92e-13<=1e-06 ok,gdp_rel=-0.008652; cons_rel=-0.019053; L=1.000196; w=1.006208,bc83d5ae9df9d5191c76e1e46fb3f21eef7d88bb
matrix_5x3-v9-BETA-F3-rigidprog,2026-09-19,matrix_5x3_v9,BETA+F3,executed,budget 1.11e-16<=1e-09 ok; resid 4.4e-12<=1e-06 ok; sectoral 4.4e-12<=1e-06 ok,gdp_rel=-0.014525; cons_rel=-0.026914; L=0.996621; w=1.006154,bc83d5ae9df9d5191c76e1e46fb3f21eef7d88bb
matrix_5x3-v9-BF-F1,2026-09-19,matrix_5x3_v9,BF+F1,executed,budget 1.11e-16<=1e-09 ok; resid 9.84e-12<=1e-06 ok; sectoral 1.56e-12<=1e-06 ok,gdp_rel=-0.000110; cons_rel=0.000963; L=1.000000; w=1.006216,bc83d5ae9df9d5191c76e1e46fb3f21eef7d88bb
matrix_5x3-v9-BF-F2,2026-09-19,matrix_5x3_v9,BF+F2,executed,budget 0<=1e-09 ok; resid 5.25e-13<=1e-06 ok; sectoral 5.25e-13<=1e-06 ok,gdp_rel=-0.000162; cons_rel=-0.019800; L=1.000000; w=1.007018,bc83d5ae9df9d5191c76e1e46fb3f21eef7d88bb
matrix_5x3-v9-BF-F3,2026-09-19,matrix_5x3_v9,BF+F3,executed,budget 2.22e-16<=1e-09 ok; resid 6.04e-13<=1e-06 ok; sectoral 6.04e-13<=1e-06 ok,gdp_rel=-0.000162; cons_rel=-0.019800; L=1.000000; w=1.007018,bc83d5ae9df9d5191c76e1e46fb3f21eef7d88bb
matrix_5x3-v9-DELTA-F1,2026-09-19,matrix_5x3_v9,DELTA+F1,executed,budget 1.11e-16<=1e-09 ok; resid 4.4e-14<=1e-06 ok; wage 0<=1e-08 ok,gdp_rel=-0.000973; cons_rel=-0.000806; L=0.999027; w=1.000000,bc83d5ae9df9d5191c76e1e46fb3f21eef7d88bb
matrix_5x3-v9-DELTA-F2,2026-09-19,matrix_5x3_v9,DELTA+F2,executed,budget 0<=1e-09 ok; resid 1.82e-13<=1e-06 ok; wage 0<=1e-08 ok,gdp_rel=0.001260; cons_rel=-0.015333; L=1.001260; w=1.000000,bc83d5ae9df9d5191c76e1e46fb3f21eef7d88bb
matrix_5x3-v9-DELTA-F3,2026-09-19,matrix_5x3_v9,DELTA+F3,executed,budget 1.11e-16<=1e-09 ok; resid 4.44e-16<=1e-06 ok; wage 0<=1e-08 ok,gdp_rel=0.017796; cons_rel=0.022644; L=1.017796; w=1.000000,bc83d5ae9df9d5191c76e1e46fb3f21eef7d88bb
matrix_5x3-v9-GAMMA-F1,2026-09-19,matrix_5x3_v9,GAMMA+F1,executed,budget 0<=1e-09 ok; resid 1.41e-13<=1e-06 ok; wage 0<=1e-08 ok,gdp_rel=-0.000973; cons_rel=-0.000806; L=0.999027; w=1.000000,bc83d5ae9df9d5191c76e1e46fb3f21eef7d88bb
matrix_5x3-v9-GAMMA-F2,2026-09-19,matrix_5x3_v9,GAMMA+F2,executed,budget 0<=1e-09 ok; resid 8.88e-16<=1e-06 ok; wage 0<=1e-08 ok,gdp_rel=0.001260; cons_rel=-0.015333; L=1.001260; w=1.000000,bc83d5ae9df9d5191c76e1e46fb3f21eef7d88bb
matrix_5x3-v9-GAMMA-F3,2026-09-19,matrix_5x3_v9,GAMMA+F3,executed,budget 0<=1e-09 ok; resid 8.88e-16<=1e-06 ok; wage 0<=1e-08 ok,gdp_rel=0.017796; cons_rel=0.022644; L=1.017796; w=1.000000,bc83d5ae9df9d5191c76e1e46fb3f21eef7d88bb
supply_etas_prog-ALPHA-F1-a05,2026-09-20,supply_etas_prog,ALPHA+F1,executed,budget 2.22e-16<=1e-09 ok; labour 1.53e-14<=1e-06 ok; resid 1.71e-13<=1e-06 ok,gdp_rel=0.002888; cons_rel=0.007531; L=1.000000; w=1.002350,5b834cb6016c160c5a20c6441edba809e67682a3
supply_etas_prog-ALPHA-F1-a10,2026-09-20,supply_etas_prog,ALPHA+F1,executed,budget 0<=1e-09 ok; labour 2.89e-15<=1e-06 ok; resid 1.81e-13<=1e-06 ok,gdp_rel=0.005675; cons_rel=0.013381; L=1.000000; w=1.004611,5b834cb6016c160c5a20c6441edba809e67682a3
supply_etas_prog-ALPHA-F1-a20,2026-09-20,supply_etas_prog,ALPHA+F1,executed,budget 1.11e-16<=1e-09 ok; labour 8.77e-15<=1e-06 ok; resid 1.39e-13<=1e-06 ok,gdp_rel=0.010975; cons_rel=0.024404; L=1.000000; w=1.008888,5b834cb6016c160c5a20c6441edba809e67682a3
supply_etas_prog-ALPHA-F2-a05,2026-09-20,supply_etas_prog,ALPHA+F2,executed,budget 2.22e-16<=1e-09 ok; labour 3.29e-14<=1e-06 ok; resid 1.24e-13<=1e-06 ok,gdp_rel=0.002885; cons_rel=-0.011929; L=1.000000; w=1.002350,5b834cb6016c160c5a20c6441edba809e67682a3
supply_etas_prog-ALPHA-F2-a10,2026-09-20,supply_etas_prog,ALPHA+F2,executed,budget 1.11e-16<=1e-09 ok; labour 9.1e-15<=1e-06 ok; resid 1.12e-13<=1e-06 ok,gdp_rel=0.005658; cons_rel=-0.005901; L=1.000000; w=1.004611,5b834cb6016c160c5a20c6441edba809e67682a3
supply_etas_prog-ALPHA-F2-a20,2026-09-20,supply_etas_prog,ALPHA+F2,executed,budget 0<=1e-09 ok; labour 4.22e-14<=1e-06 ok; resid 2.39e-13<=1e-06 ok,gdp_rel=0.010902; cons_rel=0.005432; L=1.000000; w=1.008888,5b834cb6016c160c5a20c6441edba809e67682a3
supply_etas_prog-ALPHA-F3-a05,2026-09-20,supply_etas_prog,ALPHA+F3,executed,budget 2.22e-16<=1e-09 ok; labour 1.22e-14<=1e-06 ok; resid 9.88e-14<=1e-06 ok,gdp_rel=0.002885; cons_rel=-0.011929; L=1.000000; w=1.002350,5b834cb6016c160c5a20c6441edba809e67682a3
supply_etas_prog-ALPHA-F3-a10,2026-09-20,supply_etas_prog,ALPHA+F3,executed,budget 1.11e-16<=1e-09 ok; labour 4.06e-14<=1e-06 ok; resid 1.41e-13<=1e-06 ok,gdp_rel=0.005658; cons_rel=-0.005901; L=1.000000; w=1.004611,5b834cb6016c160c5a20c6441edba809e67682a3
supply_etas_prog-ALPHA-F3-a20,2026-09-20,supply_etas_prog,ALPHA+F3,executed,budget 0<=1e-09 ok; labour 1.48e-14<=1e-06 ok; resid 1.04e-13<=1e-06 ok,gdp_rel=0.010902; cons_rel=0.005432; L=1.000000; w=1.008888,5b834cb6016c160c5a20c6441edba809e67682a3
supply_etas_prog-BETA-F1-e05-a05,2026-09-20,supply_etas_prog,BETA+F1,executed,budget 1.11e-16<=1e-09 ok; labour 1.11e-15<=1e-06 ok; resid 2.22e-15<=1e-06 ok,gdp_rel=0.004066; cons_rel=0.010238; L=1.001174; w=1.002350,5b834cb6016c160c5a20c6441edba809e67682a3
supply_etas_prog-BETA-F1-e05-a10,2026-09-20,supply_etas_prog,BETA+F1,executed,budget 0<=1e-09 ok; labour 4.44e-16<=1e-06 ok; resid 8.88e-16<=1e-06 ok,gdp_rel=0.007991; cons_rel=0.018700; L=1.002303; w=1.004611,5b834cb6016c160c5a20c6441edba809e67682a3
supply_etas_prog-BETA-F1-e05-a20,2026-09-20,supply_etas_prog,BETA+F1,executed,budget 1.11e-16<=1e-09 ok; labour 2.22e-16<=1e-06 ok; resid 6.66e-16<=1e-06 ok,gdp_rel=0.015458; cons_rel=0.034691; L=1.004434; w=1.008888,5b834cb6016c160c5a20c6441edba809e67682a3
supply_etas_prog-BETA-F1-e1-a05,2026-09-20,supply_etas_prog,BETA+F1,executed,budget 1.11e-16<=1e-09 ok; labour 1.55e-15<=1e-06 ok; resid 1.55e-15<=1e-06 ok,gdp_rel=0.005245; cons_rel=0.012948; L=1.002350; w=1.002350,5b834cb6016c160c5a20c6441edba809e67682a3
supply_etas_prog-BETA-F1-e1-a10,2026-09-20,supply_etas_prog,BETA+F1,executed,budget 1.11e-16<=1e-09 ok; labour 0<=1e-06 ok; resid 6.66e-16<=1e-06 ok,gdp_rel=0.010312; cons_rel=0.024032; L=1.004611; w=1.004611,5b834cb6016c160c5a20c6441edba809e67682a3
supply_etas_prog-BETA-F1-e1-a20,2026-09-20,supply_etas_prog,BETA+F1,executed,budget 0<=1e-09 ok; labour 4.44e-16<=1e-06 ok; resid 6.66e-16<=1e-06 ok,gdp_rel=0.019962; cons_rel=0.045023; L=1.008888; w=1.008888,5b834cb6016c160c5a20c6441edba809e67682a3
supply_etas_prog-BETA-F1-e2-a05,2026-09-20,supply_etas_prog,BETA+F1,executed,budget 2.22e-16<=1e-09 ok; labour 4.88e-15<=1e-06 ok; resid 4.88e-15<=1e-06 ok,gdp_rel=0.007607; cons_rel=0.018378; L=1.004705; w=1.002350,5b834cb6016c160c5a20c6441edba809e67682a3
supply_etas_prog-BETA-F1-e2-a10,2026-09-20,supply_etas_prog,BETA+F1,executed,budget 1.11e-16<=1e-09 ok; labour 0<=1e-06 ok; resid 4.44e-16<=1e-06 ok,gdp_rel=0.014971; cons_rel=0.034733; L=1.009243; w=1.004611,5b834cb6016c160c5a20c6441edba809e67682a3
supply_etas_prog-BETA-F1-e2-a20,2026-09-20,supply_etas_prog,BETA+F1,executed,budget 1.11e-16<=1e-09 ok; labour 4.44e-16<=1e-06 ok; resid 6.66e-16<=1e-06 ok,gdp_rel=0.029029; cons_rel=0.065825; L=1.017856; w=1.008888,5b834cb6016c160c5a20c6441edba809e67682a3
supply_etas_prog-BETA-F1-e5-a05,2026-09-20,supply_etas_prog,BETA+F1,executed,budget 1.11e-16<=1e-09 ok; labour 5.33e-15<=1e-06 ok; resid 5.33e-15<=1e-06 ok,gdp_rel=0.014728; cons_rel=0.034744; L=1.011805; w=1.002350,5b834cb6016c160c5a20c6441edba809e67682a3
supply_etas_prog-BETA-F1-e5-a10,2026-09-20,supply_etas_prog,BETA+F1,executed,budget 2.22e-16<=1e-09 ok; labour 1.09e-14<=1e-06 ok; resid 1.09e-14<=1e-06 ok,gdp_rel=0.029075; cons_rel=0.067132; L=1.023267; w=1.004611,5b834cb6016c160c5a20c6441edba809e67682a3
supply_etas_prog-BETA-F1-e5-a20,2026-09-20,supply_etas_prog,BETA+F1,executed,budget 1.11e-16<=1e-09 ok; labour 2.22e-16<=1e-06 ok; resid 4.44e-16<=1e-06 ok,gdp_rel=0.056716; cons_rel=0.129348; L=1.045239; w=1.008888,5b834cb6016c160c5a20c6441edba809e67682a3
supply_etas_prog-BETA-F1-sec-e05-a05,2026-09-20,supply_etas_prog,BETA+F1,executed,budget 0<=1e-09 ok; resid 3.02e-13<=1e-06 ok; sectoral 3.02e-13<=1e-06 ok,gdp_rel=0.004807; cons_rel=0.012001; L=1.001917; w=1.004065,5b834cb6016c160c5a20c6441edba809e67682a3
supply_etas_prog-BETA-F1-sec-e05-a10,2026-09-20,supply_etas_prog,BETA+F1,executed,budget 1.11e-16<=1e-09 ok; resid 1.2e-12<=1e-06 ok; sectoral 1.56e-13<=1e-06 ok,gdp_rel=0.008270; cons_rel=0.019433; L=1.002609; w=1.005373,5b834cb6016c160c5a20c6441edba809e67682a3
supply_etas_prog-BETA-F1-sec-e05-a20,2026-09-20,supply_etas_prog,BETA+F1,executed,budget 1.11e-16<=1e-09 ok; resid 5.59e-13<=1e-06 ok; sectoral 1.76e-13<=1e-06 ok,gdp_rel=0.014859; cons_rel=0.033377; L=1.003900; w=1.007893,5b834cb6016c160c5a20c6441edba809e67682a3
supply_etas_prog-BETA-F1-sec-e2-a05,2026-09-20,supply_etas_prog,BETA+F1,executed,budget 1.11e-16<=1e-09 ok; resid 1.96e-12<=1e-06 ok; sectoral 8.23e-13<=1e-06 ok,gdp_rel=0.008204; cons_rel=0.019796; L=1.005299; w=1.002712,5b834cb6016c160c5a20c6441edba809e67682a3
supply_etas_prog-BETA-F1-sec-e2-a10,2026-09-20,supply_etas_prog,BETA+F1,executed,budget 3.33e-16<=1e-09 ok; resid 9.85e-13<=1e-06 ok; sectoral 5.1e-13<=1e-06 ok,gdp_rel=0.014323; cons_rel=0.033305; L=1.008617; w=1.004344,5b834cb6016c160c5a20c6441edba809e67682a3
supply_etas_prog-BETA-F1-sec-e2-a20,2026-09-20,supply_etas_prog,BETA+F1,executed,budget 2.22e-16<=1e-09 ok; resid 1.24e-12<=1e-06 ok; sectoral 1.46e-13<=1e-06 ok,gdp_rel=0.026020; cons_rel=0.058952; L=1.014913; w=1.007467,5b834cb6016c160c5a20c6441edba809e67682a3
supply_etas_prog-BETA-F2-e05-a05,2026-09-20,supply_etas_prog,BETA+F2,executed,budget 2.22e-16<=1e-09 ok; labour 6.66e-16<=1e-06 ok; resid 1.11e-15<=1e-06 ok,gdp_rel=0.004063; cons_rel=-0.009227; L=1.001174; w=1.002350,5b834cb6016c160c5a20c6441edba809e67682a3
supply_etas_prog-BETA-F2-e05-a10,2026-09-20,supply_etas_prog,BETA+F2,executed,budget 1.11e-16<=1e-09 ok; labour 0<=1e-06 ok; resid 6.66e-16<=1e-06 ok,gdp_rel=0.007973; cons_rel=-0.000591; L=1.002303; w=1.004611,5b834cb6016c160c5a20c6441edba809e67682a3
supply_etas_prog-BETA-F2-e05-a20,2026-09-20,supply_etas_prog,BETA+F2,executed,budget 1.11e-16<=1e-09 ok; labour 0<=1e-06 ok; resid 5.55e-16<=1e-06 ok,gdp_rel=0.015383; cons_rel=0.015696; L=1.004434; w=1.008888,5b834cb6016c160c5a20c6441edba809e67682a3
supply_etas_prog-BETA-F2-e1-a05,2026-09-20,supply_etas_prog,BETA+F2,executed,budget 1.11e-16<=1e-09 ok; labour 2e-15<=1e-06 ok; resid 2.22e-15<=1e-06 ok,gdp_rel=0.005242; cons_rel=-0.006521; L=1.002350; w=1.002350,5b834cb6016c160c5a20c6441edba809e67682a3
supply_etas_prog-BETA-F2-e1-a10,2026-09-20,supply_etas_prog,BETA+F2,executed,budget 1.11e-16<=1e-09 ok; labour 2.44e-15<=1e-06 ok; resid 2.44e-15<=1e-06 ok,gdp_rel=0.010294; cons_rel=0.004731; L=1.004611; w=1.004611,5b834cb6016c160c5a20c6441edba809e67682a3
supply_etas_prog-BETA-F2-e1-a20,2026-09-20,supply_etas_prog,BETA+F2,executed,budget 1.11e-16<=1e-09 ok; labour 2.22e-16<=1e-06 ok; resid 8.88e-16<=1e-06 ok,gdp_rel=0.019885; cons_rel=0.026006; L=1.008888; w=1.008888,5b834cb6016c160c5a20c6441edba809e67682a3
supply_etas_prog-BETA-F2-e2-a05,2026-09-20,supply_etas_prog,BETA+F2,executed,budget 0<=1e-09 ok; labour 6.66e-16<=1e-06 ok; resid 8.88e-16<=1e-06 ok,gdp_rel=0.007604; cons_rel=-0.001100; L=1.004705; w=1.002350,5b834cb6016c160c5a20c6441edba809e67682a3
supply_etas_prog-BETA-F2-e2-a10,2026-09-20,supply_etas_prog,BETA+F2,executed,budget 1.11e-16<=1e-09 ok; labour 4.66e-15<=1e-06 ok; resid 4.66e-15<=1e-06 ok,gdp_rel=0.014951; cons_rel=0.015412; L=1.009243; w=1.004611,5b834cb6016c160c5a20c6441edba809e67682a3
supply_etas_prog-BETA-F2-e2-a20,2026-09-20,supply_etas_prog,BETA+F2,executed,budget 3.33e-16<=1e-09 ok; labour 2.22e-16<=1e-06 ok; resid 4.44e-16<=1e-06 ok,gdp_rel=0.028947; cons_rel=0.046763; L=1.017856; w=1.008888,5b834cb6016c160c5a20c6441edba809e67682a3
supply_etas_prog-BETA-F2-e5-a05,2026-09-20,supply_etas_prog,BETA+F2,executed,budget 1.11e-16<=1e-09 ok; labour 1.69e-14<=1e-06 ok; resid 1.69e-14<=1e-06 ok,gdp_rel=0.014723; cons_rel=0.015239; L=1.011805; w=1.002350,5b834cb6016c160c5a20c6441edba809e67682a3
supply_etas_prog-BETA-F2-e5-a10,2026-09-20,supply_etas_prog,BETA+F2,executed,budget 1.11e-16<=1e-09 ok; labour 6.66e-16<=1e-06 ok; resid 6.66e-16<=1e-06 ok,gdp_rel=0.029052; cons_rel=0.047752; L=1.023267; w=1.004611,5b834cb6016c160c5a20c6441edba809e67682a3
supply_etas_prog-BETA-F2-e5-a20,2026-09-20,supply_etas_prog,BETA+F2,executed,budget 1.11e-16<=1e-09 ok; labour 4.44e-16<=1e-06 ok; resid 4.44e-16<=1e-06 ok,gdp_rel=0.056620; cons_rel=0.110147; L=1.045239; w=1.008888,5b834cb6016c160c5a20c6441edba809e67682a3
supply_etas_prog-BETA-F2-sec-e05-a05,2026-09-20,supply_etas_prog,BETA+F2,executed,budget 1.11e-16<=1e-09 ok; resid 5e-13<=1e-06 ok; sectoral 1.95e-13<=1e-06 ok,gdp_rel=0.004832; cons_rel=-0.007747; L=1.001942; w=1.004131,5b834cb6016c160c5a20c6441edba809e67682a3
supply_etas_prog-BETA-F2-sec-e05-a10,2026-09-20,supply_etas_prog,BETA+F2,executed,budget 2.22e-16<=1e-09 ok; resid 3.19e-13<=1e-06 ok; sectoral 1.47e-13<=1e-06 ok,gdp_rel=0.008239; cons_rel=-0.000148; L=1.002595; w=1.005346,5b834cb6016c160c5a20c6441edba809e67682a3
supply_etas_prog-BETA-F2-sec-e05-a20,2026-09-20,supply_etas_prog,BETA+F2,executed,budget 1.11e-16<=1e-09 ok; resid 9.55e-13<=1e-06 ok; sectoral 2.08e-13<=1e-06 ok,gdp_rel=0.014679; cons_rel=0.014067; L=1.003812; w=1.007718,5b834cb6016c160c5a20c6441edba809e67682a3
supply_etas_prog-BETA-F2-sec-e2-a05,2026-09-20,supply_etas_prog,BETA+F2,executed,budget 1.11e-16<=1e-09 ok; resid 9.94e-13<=1e-06 ok; sectoral 3.5e-13<=1e-06 ok,gdp_rel=0.008185; cons_rel=0.000160; L=1.005286; w=1.002705,5b834cb6016c160c5a20c6441edba809e67682a3
supply_etas_prog-BETA-F2-sec-e2-a10,2026-09-20,supply_etas_prog,BETA+F2,executed,budget 1.11e-16<=1e-09 ok; resid 1.29e-12<=1e-06 ok; sectoral 4.7e-13<=1e-06 ok,gdp_rel=0.014219; cons_rel=0.013717; L=1.008540; w=1.004302,5b834cb6016c160c5a20c6441edba809e67682a3
supply_etas_prog-BETA-F2-sec-e2-a20,2026-09-20,supply_etas_prog,BETA+F2,executed,budget 3.33e-16<=1e-09 ok; resid 2.2e-12<=1e-06 ok; sectoral 3.14e-13<=1e-06 ok,gdp_rel=0.025724; cons_rel=0.039424; L=1.014720; w=1.007370,5b834cb6016c160c5a20c6441edba809e67682a3
supply_etas_prog-BETA-F3-e05-a05,2026-09-20,supply_etas_prog,BETA+F3,executed,budget 2.22e-16<=1e-09 ok; labour 1.11e-15<=1e-06 ok; resid 3.33e-15<=1e-06 ok,gdp_rel=0.004063; cons_rel=-0.009227; L=1.001174; w=1.002350,5b834cb6016c160c5a20c6441edba809e67682a3
supply_etas_prog-BETA-F3-e05-a10,2026-09-20,supply_etas_prog,BETA+F3,executed,budget 0<=1e-09 ok; labour 0<=1e-06 ok; resid 4.44e-16<=1e-06 ok,gdp_rel=0.007973; cons_rel=-0.000591; L=1.002303; w=1.004611,5b834cb6016c160c5a20c6441edba809e67682a3
supply_etas_prog-BETA-F3-e05-a20,2026-09-20,supply_etas_prog,BETA+F3,executed,budget 2.22e-16<=1e-09 ok; labour 2.22e-16<=1e-06 ok; resid 6.66e-16<=1e-06 ok,gdp_rel=0.015383; cons_rel=0.015696; L=1.004434; w=1.008888,5b834cb6016c160c5a20c6441edba809e67682a3
supply_etas_prog-BETA-F3-e1-a05,2026-09-20,supply_etas_prog,BETA+F3,executed,budget 0<=1e-09 ok; labour 2.89e-15<=1e-06 ok; resid 3.33e-15<=1e-06 ok,gdp_rel=0.005242; cons_rel=-0.006521; L=1.002350; w=1.002350,5b834cb6016c160c5a20c6441edba809e67682a3
supply_etas_prog-BETA-F3-e1-a10,2026-09-20,supply_etas_prog,BETA+F3,executed,budget 1.11e-16<=1e-09 ok; labour 2e-15<=1e-06 ok; resid 2.22e-15<=1e-06 ok,gdp_rel=0.010294; cons_rel=0.004731; L=1.004611; w=1.004611,5b834cb6016c160c5a20c6441edba809e67682a3
supply_etas_prog-BETA-F3-e1-a20,2026-09-20,supply_etas_prog,BETA+F3,executed,budget 3.33e-16<=1e-09 ok; labour 4.44e-16<=1e-06 ok; resid 6.66e-16<=1e-06 ok,gdp_rel=0.019885; cons_rel=0.026006; L=1.008888; w=1.008888,5b834cb6016c160c5a20c6441edba809e67682a3
supply_etas_prog-BETA-F3-e2-a05,2026-09-20,supply_etas_prog,BETA+F3,executed,budget 1.11e-16<=1e-09 ok; labour 6.44e-15<=1e-06 ok; resid 6.44e-15<=1e-06 ok,gdp_rel=0.007604; cons_rel=-0.001100; L=1.004705; w=1.002350,5b834cb6016c160c5a20c6441edba809e67682a3
supply_etas_prog-BETA-F3-e2-a10,2026-09-20,supply_etas_prog,BETA+F3,executed,budget 1.11e-16<=1e-09 ok; labour 4.22e-15<=1e-06 ok; resid 4.22e-15<=1e-06 ok,gdp_rel=0.014951; cons_rel=0.015412; L=1.009243; w=1.004611,5b834cb6016c160c5a20c6441edba809e67682a3
supply_etas_prog-BETA-F3-e2-a20,2026-09-20,supply_etas_prog,BETA+F3,executed,budget 2.22e-16<=1e-09 ok; labour 0<=1e-06 ok; resid 5.55e-16<=1e-06 ok,gdp_rel=0.028947; cons_rel=0.046763; L=1.017856; w=1.008888,5b834cb6016c160c5a20c6441edba809e67682a3
supply_etas_prog-BETA-F3-e5-a05,2026-09-20,supply_etas_prog,BETA+F3,executed,budget 1.11e-16<=1e-09 ok; labour 2.22e-16<=1e-06 ok; resid 6.66e-16<=1e-06 ok,gdp_rel=0.014723; cons_rel=0.015239; L=1.011805; w=1.002350,5b834cb6016c160c5a20c6441edba809e67682a3
supply_etas_prog-BETA-F3-e5-a10,2026-09-20,supply_etas_prog,BETA+F3,executed,budget 0<=1e-09 ok; labour 1.11e-14<=1e-06 ok; resid 1.11e-14<=1e-06 ok,gdp_rel=0.029052; cons_rel=0.047752; L=1.023267; w=1.004611,5b834cb6016c160c5a20c6441edba809e67682a3
supply_etas_prog-BETA-F3-e5-a20,2026-09-20,supply_etas_prog,BETA+F3,executed,budget 2.22e-16<=1e-09 ok; labour 0<=1e-06 ok; resid 7.77e-16<=1e-06 ok,gdp_rel=0.056620; cons_rel=0.110147; L=1.045239; w=1.008888,5b834cb6016c160c5a20c6441edba809e67682a3
supply_etas_prog-BETA-F3-sec-e05-a05,2026-09-20,supply_etas_prog,BETA+F3,executed,budget 0<=1e-09 ok; resid 5.56e-13<=1e-06 ok; sectoral 1.3e-13<=1e-06 ok,gdp_rel=0.004832; cons_rel=-0.007747; L=1.001942; w=1.004131,5b834cb6016c160c5a20c6441edba809e67682a3
supply_etas_prog-BETA-F3-sec-e05-a10,2026-09-20,supply_etas_prog,BETA+F3,executed,budget 0<=1e-09 ok; resid 3.57e-13<=1e-06 ok; sectoral 2.75e-13<=1e-06 ok,gdp_rel=0.008239; cons_rel=-0.000148; L=1.002595; w=1.005346,5b834cb6016c160c5a20c6441edba809e67682a3
supply_etas_prog-BETA-F3-sec-e05-a20,2026-09-20,supply_etas_prog,BETA+F3,executed,budget 0<=1e-09 ok; resid 9.86e-13<=1e-06 ok; sectoral 2.09e-13<=1e-06 ok,gdp_rel=0.014679; cons_rel=0.014067; L=1.003812; w=1.007718,5b834cb6016c160c5a20c6441edba809e67682a3
supply_etas_prog-BETA-F3-sec-e2-a05,2026-09-20,supply_etas_prog,BETA+F3,executed,budget 0<=1e-09 ok; resid 9.56e-13<=1e-06 ok; sectoral 3.43e-13<=1e-06 ok,gdp_rel=0.008185; cons_rel=0.000160; L=1.005286; w=1.002705,5b834cb6016c160c5a20c6441edba809e67682a3
supply_etas_prog-BETA-F3-sec-e2-a10,2026-09-20,supply_etas_prog,BETA+F3,executed,budget 1.11e-16<=1e-09 ok; resid 1.23e-12<=1e-06 ok; sectoral 5.82e-13<=1e-06 ok,gdp_rel=0.014219; cons_rel=0.013717; L=1.008540; w=1.004302,5b834cb6016c160c5a20c6441edba809e67682a3
supply_etas_prog-BETA-F3-sec-e2-a20,2026-09-20,supply_etas_prog,BETA+F3,executed,budget 2.22e-16<=1e-09 ok; resid 2.19e-12<=1e-06 ok; sectoral 2.05e-13<=1e-06 ok,gdp_rel=0.025724; cons_rel=0.039424; L=1.014720; w=1.007370,5b834cb6016c160c5a20c6441edba809e67682a3
supply_etas_s1-ALPHA-F1-m11,2026-09-20,supply_etas_s1,ALPHA+F1,executed,budget 1.11e-16<=1e-09 ok; labour 1.32e-14<=1e-06 ok; resid 1.55e-13<=1e-06 ok,gdp_rel=0.001536; cons_rel=0.005105; L=1.000000; w=1.002617,1cc4ab821ddc144ad1e4be4a2f50bae030da60b6
supply_etas_s1-ALPHA-F1-m12,2026-09-20,supply_etas_s1,ALPHA+F1,executed,budget 0<=1e-09 ok; labour 1.22e-14<=1e-06 ok; resid 5.4e-13<=1e-06 ok,gdp_rel=0.002896; cons_rel=0.008275; L=1.000000; w=1.004903,1cc4ab821ddc144ad1e4be4a2f50bae030da60b6
supply_etas_s1-ALPHA-F1-m13,2026-09-20,supply_etas_s1,ALPHA+F1,executed,budget 1.11e-16<=1e-09 ok; labour 6.99e-15<=1e-06 ok; resid 1.09e-13<=1e-06 ok,gdp_rel=0.004119; cons_rel=0.011049; L=1.000000; w=1.006925,1cc4ab821ddc144ad1e4be4a2f50bae030da60b6
supply_etas_s1-ALPHA-F2-m11,2026-09-20,supply_etas_s1,ALPHA+F2,executed,budget 2.22e-16<=1e-09 ok; labour 2.21e-14<=1e-06 ok; resid 9.48e-14<=1e-06 ok,gdp_rel=0.001550; cons_rel=-0.014581; L=1.000000; w=1.002617,1cc4ab821ddc144ad1e4be4a2f50bae030da60b6
supply_etas_s1-ALPHA-F2-m12,2026-09-20,supply_etas_s1,ALPHA+F2,executed,budget 1.11e-16<=1e-09 ok; labour 1.44e-14<=1e-06 ok; resid 5.25e-13<=1e-06 ok,gdp_rel=0.002924; cons_rel=-0.011435; L=1.000000; w=1.004903,1cc4ab821ddc144ad1e4be4a2f50bae030da60b6
supply_etas_s1-ALPHA-F2-m13,2026-09-20,supply_etas_s1,ALPHA+F2,executed,budget 0<=1e-09 ok; labour 3.33e-15<=1e-06 ok; resid 1.29e-13<=1e-06 ok,gdp_rel=0.004158; cons_rel=-0.008683; L=1.000000; w=1.006925,1cc4ab821ddc144ad1e4be4a2f50bae030da60b6
supply_etas_s1-ALPHA-F3-m11,2026-09-20,supply_etas_s1,ALPHA+F3,executed,budget 1.11e-16<=1e-09 ok; labour 6.88e-15<=1e-06 ok; resid 1.03e-13<=1e-06 ok,gdp_rel=0.001550; cons_rel=-0.014581; L=1.000000; w=1.002617,1cc4ab821ddc144ad1e4be4a2f50bae030da60b6
supply_etas_s1-ALPHA-F3-m12,2026-09-20,supply_etas_s1,ALPHA+F3,executed,budget 0<=1e-09 ok; labour 9.99e-15<=1e-06 ok; resid 6.53e-13<=1e-06 ok,gdp_rel=0.002924; cons_rel=-0.011435; L=1.000000; w=1.004903,1cc4ab821ddc144ad1e4be4a2f50bae030da60b6
supply_etas_s1-ALPHA-F3-m13,2026-09-20,supply_etas_s1,ALPHA+F3,executed,budget 0<=1e-09 ok; labour 1.11e-16<=1e-06 ok; resid 1.58e-13<=1e-06 ok,gdp_rel=0.004158; cons_rel=-0.008683; L=1.000000; w=1.006925,1cc4ab821ddc144ad1e4be4a2f50bae030da60b6
supply_etas_s1-BETA-F1-e05-m11,2026-09-20,supply_etas_s1,BETA+F1,executed,budget 1.11e-16<=1e-09 ok; labour 8.88e-16<=1e-06 ok; resid 2.22e-15<=1e-06 ok,gdp_rel=0.002845; cons_rel=0.008119; L=1.001307; w=1.002617,1cc4ab821ddc144ad1e4be4a2f50bae030da60b6
supply_etas_s1-BETA-F1-e05-m12,2026-09-20,supply_etas_s1,BETA+F1,executed,budget 1.11e-16<=1e-09 ok; labour 2.22e-16<=1e-06 ok; resid 6.66e-16<=1e-06 ok,gdp_rel=0.005352; cons_rel=0.013931; L=1.002448; w=1.004903,1cc4ab821ddc144ad1e4be4a2f50bae030da60b6
supply_etas_s1-BETA-F1-e05-m13,2026-09-20,supply_etas_s1,BETA+F1,executed,budget 0<=1e-09 ok; labour 1.33e-15<=1e-06 ok; resid 2.22e-15<=1e-06 ok,gdp_rel=0.007589; cons_rel=0.019048; L=1.003456; w=1.006925,1cc4ab821ddc144ad1e4be4a2f50bae030da60b6
supply_etas_s1-BETA-F1-e1-m11,2026-09-20,supply_etas_s1,BETA+F1,executed,budget 1.11e-16<=1e-09 ok; labour 2.22e-15<=1e-06 ok; resid 2.22e-15<=1e-06 ok,gdp_rel=0.004157; cons_rel=0.011137; L=1.002617; w=1.002617,1cc4ab821ddc144ad1e4be4a2f50bae030da60b6
supply_etas_s1-BETA-F1-e1-m12,2026-09-20,supply_etas_s1,BETA+F1,executed,budget 0<=1e-09 ok; labour 3.33e-15<=1e-06 ok; resid 3.33e-15<=1e-06 ok,gdp_rel=0.007814; cons_rel=0.019601; L=1.004903; w=1.004903,1cc4ab821ddc144ad1e4be4a2f50bae030da60b6
supply_etas_s1-BETA-F1-e1-m13,2026-09-20,supply_etas_s1,BETA+F1,executed,budget 2.22e-16<=1e-09 ok; labour 2e-15<=1e-06 ok; resid 2.22e-15<=1e-06 ok,gdp_rel=0.011072; cons_rel=0.027074; L=1.006925; w=1.006925,1cc4ab821ddc144ad1e4be4a2f50bae030da60b6
supply_etas_s1-BETA-F1-e2-m11,2026-09-20,supply_etas_s1,BETA+F1,executed,budget 1.11e-16<=1e-09 ok; labour 0<=1e-06 ok; resid 8.88e-16<=1e-06 ok,gdp_rel=0.006784; cons_rel=0.017185; L=1.005240; w=1.002617,1cc4ab821ddc144ad1e4be4a2f50bae030da60b6
supply_etas_s1-BETA-F1-e2-m12,2026-09-20,supply_etas_s1,BETA+F1,executed,budget 0<=1e-09 ok; labour 8.66e-15<=1e-06 ok; resid 8.66e-15<=1e-06 ok,gdp_rel=0.012755; cons_rel=0.030983; L=1.009830; w=1.004903,1cc4ab821ddc144ad1e4be4a2f50bae030da60b6
supply_etas_s1-BETA-F1-e2-m13,2026-09-20,supply_etas_s1,BETA+F1,executed,budget 2.22e-16<=1e-09 ok; labour 4.22e-15<=1e-06 ok; resid 4.22e-15<=1e-06 ok,gdp_rel=0.018074; cons_rel=0.043211; L=1.013897; w=1.006925,1cc4ab821ddc144ad1e4be4a2f50bae030da60b6
supply_etas_s1-BETA-F1-e5-m11,2026-09-20,supply_etas_s1,BETA+F1,executed,budget 0<=1e-09 ok; labour 2.22e-16<=1e-06 ok; resid 8.88e-16<=1e-06 ok,gdp_rel=0.014708; cons_rel=0.035425; L=1.013152; w=1.002617,1cc4ab821ddc144ad1e4be4a2f50bae030da60b6
supply_etas_s1-BETA-F1-e5-m12,2026-09-20,supply_etas_s1,BETA+F1,executed,budget 2.22e-16<=1e-09 ok; labour 2.33e-14<=1e-06 ok; resid 2.33e-14<=1e-06 ok,gdp_rel=0.027725; cons_rel=0.065463; L=1.024756; w=1.004903,1cc4ab821ddc144ad1e4be4a2f50bae030da60b6
supply_etas_s1-BETA-F1-e5-m13,2026-09-20,supply_etas_s1,BETA+F1,executed,budget 1.11e-16<=1e-09 ok; labour 1.22e-14<=1e-06 ok; resid 1.22e-14<=1e-06 ok,gdp_rel=0.039371; cons_rel=0.092293; L=1.035107; w=1.006925,1cc4ab821ddc144ad1e4be4a2f50bae030da60b6
supply_etas_s1-BETA-F1-sec-e05-m11,2026-09-20,supply_etas_s1,BETA+F1,executed,budget 1.11e-16<=1e-09 ok; resid 8.22e-13<=1e-06 ok; sectoral 2.79e-13<=1e-06 ok,gdp_rel=0.003930; cons_rel=0.010697; L=1.002369; w=1.005097,1cc4ab821ddc144ad1e4be4a2f50bae030da60b6
supply_etas_s1-BETA-F1-sec-e05-m12,2026-09-20,supply_etas_s1,BETA+F1,executed,budget 1.11e-16<=1e-09 ok; resid 2.64e-12<=1e-06 ok; sectoral 1.72e-13<=1e-06 ok,gdp_rel=0.006317; cons_rel=0.016270; L=1.003386; w=1.007163,1cc4ab821ddc144ad1e4be4a2f50bae030da60b6
supply_etas_s1-BETA-F1-sec-e05-m13,2026-09-20,supply_etas_s1,BETA+F1,executed,budget 1.11e-16<=1e-09 ok; resid 5.48e-13<=1e-06 ok; sectoral 4.02e-13<=1e-06 ok,gdp_rel=0.008449; cons_rel=0.021137; L=1.004274; w=1.008985,1cc4ab821ddc144ad1e4be4a2f50bae030da60b6
supply_etas_s1-BETA-F1-sec-e2-m11,2026-09-20,supply_etas_s1,BETA+F1,executed,budget 1.11e-16<=1e-09 ok; resid 1.4e-12<=1e-06 ok; sectoral 8.14e-13<=1e-06 ok,gdp_rel=0.007821; cons_rel=0.019637; L=1.006260; w=1.003227,1cc4ab821ddc144ad1e4be4a2f50bae030da60b6
supply_etas_s1-BETA-F1-sec-e2-m12,2026-09-20,supply_etas_s1,BETA+F1,executed,budget 1.11e-16<=1e-09 ok; resid 1.26e-12<=1e-06 ok; sectoral 3.5e-13<=1e-06 ok,gdp_rel=0.013043; cons_rel=0.031736; L=1.010106; w=1.005151,1cc4ab821ddc144ad1e4be4a2f50bae030da60b6
supply_etas_s1-BETA-F1-sec-e2-m13,2026-09-20,supply_etas_s1,BETA+F1,executed,budget 0<=1e-09 ok; resid 4.78e-13<=1e-06 ok; sectoral 4.78e-13<=1e-06 ok,gdp_rel=0.017697; cons_rel=0.042430; L=1.013506; w=1.006856,1cc4ab821ddc144ad1e4be4a2f50bae030da60b6
supply_etas_s1-BETA-F2-e05-m11,2026-09-20,supply_etas_s1,BETA+F2,executed,budget 0<=1e-09 ok; labour 1.78e-15<=1e-06 ok; resid 2.22e-15<=1e-06 ok,gdp_rel=0.002860; cons_rel=-0.011571; L=1.001307; w=1.002617,1cc4ab821ddc144ad1e4be4a2f50bae030da60b6
supply_etas_s1-BETA-F2-e05-m12,2026-09-20,supply_etas_s1,BETA+F2,executed,budget 1.11e-16<=1e-09 ok; labour 4.44e-16<=1e-06 ok; resid 8.88e-16<=1e-06 ok,gdp_rel=0.005379; cons_rel=-0.005787; L=1.002448; w=1.004903,1cc4ab821ddc144ad1e4be4a2f50bae030da60b6
supply_etas_s1-BETA-F2-e05-m13,2026-09-20,supply_etas_s1,BETA+F2,executed,budget 2.22e-16<=1e-09 ok; labour 1.11e-15<=1e-06 ok; resid 2.22e-15<=1e-06 ok,gdp_rel=0.007629; cons_rel=-0.000695; L=1.003456; w=1.006925,1cc4ab821ddc144ad1e4be4a2f50bae030da60b6
supply_etas_s1-BETA-F2-e1-m11,2026-09-20,supply_etas_s1,BETA+F2,executed,budget 2.22e-16<=1e-09 ok; labour 2.22e-15<=1e-06 ok; resid 2.22e-15<=1e-06 ok,gdp_rel=0.004171; cons_rel=-0.008557; L=1.002617; w=1.002617,1cc4ab821ddc144ad1e4be4a2f50bae030da60b6
supply_etas_s1-BETA-F2-e1-m12,2026-09-20,supply_etas_s1,BETA+F2,executed,budget 1.11e-16<=1e-09 ok; labour 2e-15<=1e-06 ok; resid 2.22e-15<=1e-06 ok,gdp_rel=0.007841; cons_rel=-0.000125; L=1.004903; w=1.004903,1cc4ab821ddc144ad1e4be4a2f50bae030da60b6
supply_etas_s1-BETA-F2-e1-m13,2026-09-20,supply_etas_s1,BETA+F2,executed,budget 1.11e-16<=1e-09 ok; labour 1.78e-15<=1e-06 ok; resid 2.22e-15<=1e-06 ok,gdp_rel=0.011112; cons_rel=0.007320; L=1.006925; w=1.006925,1cc4ab821ddc144ad1e4be4a2f50bae030da60b6
supply_etas_s1-BETA-F2-e2-m11,2026-09-20,supply_etas_s1,BETA+F2,executed,budget 0<=1e-09 ok; labour 6.44e-15<=1e-06 ok; resid 6.44e-15<=1e-06 ok,gdp_rel=0.006798; cons_rel=-0.002518; L=1.005240; w=1.002617,1cc4ab821ddc144ad1e4be4a2f50bae030da60b6
supply_etas_s1-BETA-F2-e2-m12,2026-09-20,supply_etas_s1,BETA+F2,executed,budget 2.22e-16<=1e-09 ok; labour 2.44e-15<=1e-06 ok; resid 2.44e-15<=1e-06 ok,gdp_rel=0.012782; cons_rel=0.011241; L=1.009830; w=1.004903,1cc4ab821ddc144ad1e4be4a2f50bae030da60b6
supply_etas_s1-BETA-F2-e2-m13,2026-09-20,supply_etas_s1,BETA+F2,executed,budget 1.11e-16<=1e-09 ok; labour 4.22e-15<=1e-06 ok; resid 4.22e-15<=1e-06 ok,gdp_rel=0.018114; cons_rel=0.023434; L=1.013897; w=1.006925,1cc4ab821ddc144ad1e4be4a2f50bae030da60b6
supply_etas_s1-BETA-F2-e5-m11,2026-09-20,supply_etas_s1,BETA+F2,executed,budget 1.11e-16<=1e-09 ok; labour 1.15e-14<=1e-06 ok; resid 1.15e-14<=1e-06 ok,gdp_rel=0.014722; cons_rel=0.015696; L=1.013152; w=1.002617,1cc4ab821ddc144ad1e4be4a2f50bae030da60b6
supply_etas_s1-BETA-F2-e5-m12,2026-09-20,supply_etas_s1,BETA+F2,executed,budget 1.11e-16<=1e-09 ok; labour 6.66e-15<=1e-06 ok; resid 6.66e-15<=1e-06 ok,gdp_rel=0.027753; cons_rel=0.045673; L=1.024756; w=1.004903,1cc4ab821ddc144ad1e4be4a2f50bae030da60b6
supply_etas_s1-BETA-F2-e5-m13,2026-09-20,supply_etas_s1,BETA+F2,executed,budget 1.11e-16<=1e-09 ok; labour 1.15e-14<=1e-06 ok; resid 1.15e-14<=1e-06 ok,gdp_rel=0.039412; cons_rel=0.072449; L=1.035107; w=1.006925,1cc4ab821ddc144ad1e4be4a2f50bae030da60b6
supply_etas_s1-BETA-F2-sec-e05-m11,2026-09-20,supply_etas_s1,BETA+F2,executed,budget 0<=1e-09 ok; resid 4.69e-13<=1e-06 ok; sectoral 1.89e-13<=1e-06 ok,gdp_rel=0.004003; cons_rel=-0.009285; L=1.002428; w=1.005257,1cc4ab821ddc144ad1e4be4a2f50bae030da60b6
supply_etas_s1-BETA-F2-sec-e05-m12,2026-09-20,supply_etas_s1,BETA+F2,executed,budget 1.11e-16<=1e-09 ok; resid 7.37e-13<=1e-06 ok; sectoral 2.1e-13<=1e-06 ok,gdp_rel=0.006394; cons_rel=-0.003750; L=1.003440; w=1.007311,1cc4ab821ddc144ad1e4be4a2f50bae030da60b6
supply_etas_s1-BETA-F2-sec-e05-m13,2026-09-20,supply_etas_s1,BETA+F2,executed,budget 1.11e-16<=1e-09 ok; resid 5.33e-13<=1e-06 ok; sectoral 1.85e-13<=1e-06 ok,gdp_rel=0.008531; cons_rel=0.001086; L=1.004324; w=1.009123,1cc4ab821ddc144ad1e4be4a2f50bae030da60b6
supply_etas_s1-BETA-F2-sec-e2-m11,2026-09-20,supply_etas_s1,BETA+F2,executed,budget 0<=1e-09 ok; resid 7.06e-13<=1e-06 ok; sectoral 2.8e-13<=1e-06 ok,gdp_rel=0.007864; cons_rel=-0.000151; L=1.006292; w=1.003247,1cc4ab821ddc144ad1e4be4a2f50bae030da60b6
supply_etas_s1-BETA-F2-sec-e2-m12,2026-09-20,supply_etas_s1,BETA+F2,executed,budget 0<=1e-09 ok; resid 1.24e-12<=1e-06 ok; sectoral 5.68e-13<=1e-06 ok,gdp_rel=0.013073; cons_rel=0.011867; L=1.010117; w=1.005159,1cc4ab821ddc144ad1e4be4a2f50bae030da60b6
supply_etas_s1-BETA-F2-sec-e2-m13,2026-09-20,supply_etas_s1,BETA+F2,executed,budget 1.11e-16<=1e-09 ok; resid 2.15e-13<=1e-06 ok; sectoral 2.15e-13<=1e-06 ok,gdp_rel=0.017716; cons_rel=0.022491; L=1.013499; w=1.006853,1cc4ab821ddc144ad1e4be4a2f50bae030da60b6
supply_etas_s1-BETA-F3-e05-m11,2026-09-20,supply_etas_s1,BETA+F3,executed,budget 2.22e-16<=1e-09 ok; labour 1.55e-15<=1e-06 ok; resid 2.22e-15<=1e-06 ok,gdp_rel=0.002860; cons_rel=-0.011571; L=1.001307; w=1.002617,1cc4ab821ddc144ad1e4be4a2f50bae030da60b6
supply_etas_s1-BETA-F3-e05-m12,2026-09-20,supply_etas_s1,BETA+F3,executed,budget 0<=1e-09 ok; labour 6.66e-16<=1e-06 ok; resid 2.22e-15<=1e-06 ok,gdp_rel=0.005379; cons_rel=-0.005787; L=1.002448; w=1.004903,1cc4ab821ddc144ad1e4be4a2f50bae030da60b6
supply_etas_s1-BETA-F3-e05-m13,2026-09-20,supply_etas_s1,BETA+F3,executed,budget 1.11e-16<=1e-09 ok; labour 1.11e-15<=1e-06 ok; resid 2.22e-15<=1e-06 ok,gdp_rel=0.007629; cons_rel=-0.000695; L=1.003456; w=1.006925,1cc4ab821ddc144ad1e4be4a2f50bae030da60b6
supply_etas_s1-BETA-F3-e1-m11,2026-09-20,supply_etas_s1,BETA+F3,executed,budget 0<=1e-09 ok; labour 2e-15<=1e-06 ok; resid 2.22e-15<=1e-06 ok,gdp_rel=0.004171; cons_rel=-0.008557; L=1.002617; w=1.002617,1cc4ab821ddc144ad1e4be4a2f50bae030da60b6
supply_etas_s1-BETA-F3-e1-m12,2026-09-20,supply_etas_s1,BETA+F3,executed,budget 1.11e-16<=1e-09 ok; labour 2.44e-15<=1e-06 ok; resid 2.44e-15<=1e-06 ok,gdp_rel=0.007841; cons_rel=-0.000125; L=1.004903; w=1.004903,1cc4ab821ddc144ad1e4be4a2f50bae030da60b6
supply_etas_s1-BETA-F3-e1-m13,2026-09-20,supply_etas_s1,BETA+F3,executed,budget 0<=1e-09 ok; labour 2.22e-16<=1e-06 ok; resid 6.66e-16<=1e-06 ok,gdp_rel=0.011112; cons_rel=0.007320; L=1.006925; w=1.006925,1cc4ab821ddc144ad1e4be4a2f50bae030da60b6
supply_etas_s1-BETA-F3-e2-m11,2026-09-20,supply_etas_s1,BETA+F3,executed,budget 0<=1e-09 ok; labour 4.44e-16<=1e-06 ok; resid 8.88e-16<=1e-06 ok,gdp_rel=0.006798; cons_rel=-0.002518; L=1.005240; w=1.002617,1cc4ab821ddc144ad1e4be4a2f50bae030da60b6
supply_etas_s1-BETA-F3-e2-m12,2026-09-20,supply_etas_s1,BETA+F3,executed,budget 0<=1e-09 ok; labour 9.55e-15<=1e-06 ok; resid 9.55e-15<=1e-06 ok,gdp_rel=0.012782; cons_rel=0.011241; L=1.009830; w=1.004903,1cc4ab821ddc144ad1e4be4a2f50bae030da60b6
supply_etas_s1-BETA-F3-e2-m13,2026-09-20,supply_etas_s1,BETA+F3,executed,budget 1.11e-16<=1e-09 ok; labour 4.44e-15<=1e-06 ok; resid 4.44e-15<=1e-06 ok,gdp_rel=0.018114; cons_rel=0.023434; L=1.013897; w=1.006925,1cc4ab821ddc144ad1e4be4a2f50bae030da60b6
supply_etas_s1-BETA-F3-e5-m11,2026-09-20,supply_etas_s1,BETA+F3,executed,budget 0<=1e-09 ok; labour 2.22e-16<=1e-06 ok; resid 1.11e-15<=1e-06 ok,gdp_rel=0.014722; cons_rel=0.015696; L=1.013152; w=1.002617,1cc4ab821ddc144ad1e4be4a2f50bae030da60b6
supply_etas_s1-BETA-F3-e5-m12,2026-09-20,supply_etas_s1,BETA+F3,executed,budget 1.11e-16<=1e-09 ok; labour 1.11e-14<=1e-06 ok; resid 1.11e-14<=1e-06 ok,gdp_rel=0.027753; cons_rel=0.045673; L=1.024756; w=1.004903,1cc4ab821ddc144ad1e4be4a2f50bae030da60b6
supply_etas_s1-BETA-F3-e5-m13,2026-09-20,supply_etas_s1,BETA+F3,executed,budget 1.11e-16<=1e-09 ok; labour 4.44e-16<=1e-06 ok; resid 6.66e-16<=1e-06 ok,gdp_rel=0.039412; cons_rel=0.072449; L=1.035107; w=1.006925,1cc4ab821ddc144ad1e4be4a2f50bae030da60b6
supply_etas_s1-BETA-F3-sec-e05-m11,2026-09-20,supply_etas_s1,BETA+F3,executed,budget 0<=1e-09 ok; resid 4.88e-13<=1e-06 ok; sectoral 2.9e-13<=1e-06 ok,gdp_rel=0.004003; cons_rel=-0.009285; L=1.002428; w=1.005257,1cc4ab821ddc144ad1e4be4a2f50bae030da60b6
supply_etas_s1-BETA-F3-sec-e05-m12,2026-09-20,supply_etas_s1,BETA+F3,executed,budget 2.22e-16<=1e-09 ok; resid 2.07e-12<=1e-06 ok; sectoral 3.61e-13<=1e-06 ok,gdp_rel=0.006394; cons_rel=-0.003750; L=1.003440; w=1.007311,1cc4ab821ddc144ad1e4be4a2f50bae030da60b6
supply_etas_s1-BETA-F3-sec-e05-m13,2026-09-20,supply_etas_s1,BETA+F3,executed,budget 3.33e-16<=1e-09 ok; resid 4.27e-13<=1e-06 ok; sectoral 2.82e-13<=1e-06 ok,gdp_rel=0.008531; cons_rel=0.001086; L=1.004324; w=1.009123,1cc4ab821ddc144ad1e4be4a2f50bae030da60b6
supply_etas_s1-BETA-F3-sec-e2-m11,2026-09-20,supply_etas_s1,BETA+F3,executed,budget 1.11e-16<=1e-09 ok; resid 6.35e-13<=1e-06 ok; sectoral 2.3e-13<=1e-06 ok,gdp_rel=0.007864; cons_rel=-0.000151; L=1.006292; w=1.003247,1cc4ab821ddc144ad1e4be4a2f50bae030da60b6
supply_etas_s1-BETA-F3-sec-e2-m12,2026-09-20,supply_etas_s1,BETA+F3,executed,budget 0<=1e-09 ok; resid 5.77e-13<=1e-06 ok; sectoral 2.23e-13<=1e-06 ok,gdp_rel=0.013073; cons_rel=0.011867; L=1.010117; w=1.005159,1cc4ab821ddc144ad1e4be4a2f50bae030da60b6
supply_etas_s1-BETA-F3-sec-e2-m13,2026-09-20,supply_etas_s1,BETA+F3,executed,budget 1.11e-16<=1e-09 ok; resid 8.65e-13<=1e-06 ok; sectoral 6.99e-13<=1e-06 ok,gdp_rel=0.017716; cons_rel=0.022491; L=1.013499; w=1.006853,1cc4ab821ddc144ad1e4be4a2f50bae030da60b6
supply_etas_unif-ALPHA-F1-m101,2026-09-20,supply_etas_unif,ALPHA+F1,executed,budget 1.11e-16<=1e-09 ok; labour 1.67e-15<=1e-06 ok; resid 3.16e-13<=1e-06 ok,gdp_rel=0.019670; cons_rel=0.045506; L=1.000000; w=1.020327,5b834cb6016c160c5a20c6441edba809e67682a3
supply_etas_unif-ALPHA-F1-m102,2026-09-20,supply_etas_unif,ALPHA+F1,executed,budget 3.33e-16<=1e-09 ok; labour 6.66e-15<=1e-06 ok; resid 2.56e-13<=1e-06 ok,gdp_rel=0.039409; cons_rel=0.089710; L=1.000000; w=1.040751,5b834cb6016c160c5a20c6441edba809e67682a3
supply_etas_unif-ALPHA-F1-m103,2026-09-20,supply_etas_unif,ALPHA+F1,executed,budget 2.22e-16<=1e-09 ok; labour 2e-15<=1e-06 ok; resid 1.27e-13<=1e-06 ok,gdp_rel=0.059215; cons_rel=0.134045; L=1.000000; w=1.061271,5b834cb6016c160c5a20c6441edba809e67682a3
supply_etas_unif-ALPHA-F2-m101,2026-09-20,supply_etas_unif,ALPHA+F2,executed,budget 1.11e-16<=1e-09 ok; labour 2e-15<=1e-06 ok; resid 1.58e-13<=1e-06 ok,gdp_rel=0.019692; cons_rel=0.025807; L=1.000000; w=1.020327,5b834cb6016c160c5a20c6441edba809e67682a3
supply_etas_unif-ALPHA-F2-m102,2026-09-20,supply_etas_unif,ALPHA+F2,executed,budget 1.11e-16<=1e-09 ok; labour 1.57e-14<=1e-06 ok; resid 9.84e-14<=1e-06 ok,gdp_rel=0.039452; cons_rel=0.069969; L=1.000000; w=1.040751,5b834cb6016c160c5a20c6441edba809e67682a3
supply_etas_unif-ALPHA-F2-m103,2026-09-20,supply_etas_unif,ALPHA+F2,executed,budget 0<=1e-09 ok; labour 1.8e-14<=1e-06 ok; resid 1.6e-13<=1e-06 ok,gdp_rel=0.059280; cons_rel=0.114260; L=1.000000; w=1.061271,5b834cb6016c160c5a20c6441edba809e67682a3
supply_etas_unif-ALPHA-F3-m101,2026-09-20,supply_etas_unif,ALPHA+F3,executed,budget 0<=1e-09 ok; labour 1.15e-14<=1e-06 ok; resid 3.16e-13<=1e-06 ok,gdp_rel=0.019692; cons_rel=0.025807; L=1.000000; w=1.020327,5b834cb6016c160c5a20c6441edba809e67682a3
supply_etas_unif-ALPHA-F3-m102,2026-09-20,supply_etas_unif,ALPHA+F3,executed,budget 1.11e-16<=1e-09 ok; labour 1.53e-14<=1e-06 ok; resid 1e-13<=1e-06 ok,gdp_rel=0.039452; cons_rel=0.069969; L=1.000000; w=1.040751,5b834cb6016c160c5a20c6441edba809e67682a3
supply_etas_unif-ALPHA-F3-m103,2026-09-20,supply_etas_unif,ALPHA+F3,executed,budget 0<=1e-09 ok; labour 2.34e-14<=1e-06 ok; resid 1.05e-13<=1e-06 ok,gdp_rel=0.059280; cons_rel=0.114260; L=1.000000; w=1.061271,5b834cb6016c160c5a20c6441edba809e67682a3
supply_etas_unif-BETA-F1-e05-m101,2026-09-20,supply_etas_unif,BETA+F1,executed,budget 1.11e-16<=1e-09 ok; labour 1.11e-15<=1e-06 ok; resid 2.22e-15<=1e-06 ok,gdp_rel=0.029977; cons_rel=0.069199; L=1.010112; w=1.020327,5b834cb6016c160c5a20c6441edba809e67682a3
supply_etas_unif-BETA-F1-e05-m102,2026-09-20,supply_etas_unif,BETA+F1,executed,budget 1.11e-16<=1e-09 ok; labour 1.11e-15<=1e-06 ok; resid 2.22e-15<=1e-06 ok,gdp_rel=0.060360; cons_rel=0.137846; L=1.020172; w=1.040751,5b834cb6016c160c5a20c6441edba809e67682a3
supply_etas_unif-BETA-F1-e05-m103,2026-09-20,supply_etas_unif,BETA+F1,executed,budget 2.22e-16<=1e-09 ok; labour 6.66e-16<=1e-06 ok; resid 2.22e-15<=1e-06 ok,gdp_rel=0.091149; cons_rel=0.207374; L=1.030180; w=1.061271,5b834cb6016c160c5a20c6441edba809e67682a3
supply_etas_unif-BETA-F1-e1-m101,2026-09-20,supply_etas_unif,BETA+F1,executed,budget 0<=1e-09 ok; labour 2.22e-15<=1e-06 ok; resid 2.22e-15<=1e-06 ok,gdp_rel=0.040389; cons_rel=0.093132; L=1.020327; w=1.020327,5b834cb6016c160c5a20c6441edba809e67682a3
supply_etas_unif-BETA-F1-e1-m102,2026-09-20,supply_etas_unif,BETA+F1,executed,budget 0<=1e-09 ok; labour 2.22e-15<=1e-06 ok; resid 2.22e-15<=1e-06 ok,gdp_rel=0.081735; cons_rel=0.186953; L=1.040751; w=1.040751,5b834cb6016c160c5a20c6441edba809e67682a3
supply_etas_unif-BETA-F1-e1-m103,2026-09-20,supply_etas_unif,BETA+F1,executed,budget 1.11e-16<=1e-09 ok; labour 2e-15<=1e-06 ok; resid 2.22e-15<=1e-06 ok,gdp_rel=0.124047; cons_rel=0.282916; L=1.061271; w=1.061271,5b834cb6016c160c5a20c6441edba809e67682a3
supply_etas_unif-BETA-F1-e2-m101,2026-09-20,supply_etas_unif,BETA+F1,executed,budget 2.22e-16<=1e-09 ok; labour 0<=1e-06 ok; resid 7.77e-16<=1e-06 ok,gdp_rel=0.061529; cons_rel=0.141726; L=1.041067; w=1.020327,5b834cb6016c160c5a20c6441edba809e67682a3
supply_etas_unif-BETA-F1-e2-m102,2026-09-20,supply_etas_unif,BETA+F1,executed,budget 0<=1e-09 ok; labour 4.44e-16<=1e-06 ok; resid 7.77e-16<=1e-06 ok,gdp_rel=0.125786; cons_rel=0.288159; L=1.083163; w=1.040751,5b834cb6016c160c5a20c6441edba809e67682a3
supply_etas_unif-BETA-F1-e2-m103,2026-09-20,supply_etas_unif,BETA+F1,executed,budget 1.11e-16<=1e-09 ok; labour 5.11e-15<=1e-06 ok; resid 5.11e-15<=1e-06 ok,gdp_rel=0.192851; cons_rel=0.440909; L=1.126297; w=1.061271,5b834cb6016c160c5a20c6441edba809e67682a3
supply_etas_unif-BETA-F1-e5-m101,2026-09-20,supply_etas_unif,BETA+F1,executed,budget 1.11e-16<=1e-09 ok; labour 4.44e-16<=1e-06 ok; resid 8.88e-16<=1e-06 ok,gdp_rel=0.127562; cons_rel=0.293515; L=1.105851; w=1.020327,5b834cb6016c160c5a20c6441edba809e67682a3
supply_etas_unif-BETA-F1-e5-m102,2026-09-20,supply_etas_unif,BETA+F1,executed,budget 0<=1e-09 ok; labour 1.35e-14<=1e-06 ok; resid 1.35e-14<=1e-06 ok,gdp_rel=0.269006; cons_rel=0.617201; L=1.221053; w=1.040751,5b834cb6016c160c5a20c6441edba809e67682a3
supply_etas_unif-BETA-F1-e5-m103,2026-09-20,supply_etas_unif,BETA+F1,executed,budget 2.22e-16<=1e-09 ok; labour 2.8e-14<=1e-06 ok; resid 2.8e-14<=1e-06 ok,gdp_rel=0.425610; cons_rel=0.975380; L=1.346270; w=1.061271,5b834cb6016c160c5a20c6441edba809e67682a3
supply_etas_unif-BETA-F1-sec-e05-m101,2026-09-20,supply_etas_unif,BETA+F1,executed,budget 0<=1e-09 ok; resid 1.4e-12<=1e-06 ok; sectoral 1.87e-13<=1e-06 ok,gdp_rel=0.028002; cons_rel=0.065022; L=1.008224; w=1.016906,5b834cb6016c160c5a20c6441edba809e67682a3
supply_etas_unif-BETA-F1-sec-e05-m102,2026-09-20,supply_etas_unif,BETA+F1,executed,budget 1.11e-16<=1e-09 ok; resid 1.34e-12<=1e-06 ok; sectoral 1.34e-12<=1e-06 ok,gdp_rel=0.055351; cons_rel=0.126494; L=1.015287; w=1.031545,5b834cb6016c160c5a20c6441edba809e67682a3
supply_etas_unif-BETA-F1-sec-e05-m103,2026-09-20,supply_etas_unif,BETA+F1,executed,budget 1.11e-16<=1e-09 ok; resid 6.05e-13<=1e-06 ok; sectoral 3.43e-13<=1e-06 ok,gdp_rel=0.083254; cons_rel=0.188641; L=1.022376; w=1.046608,5b834cb6016c160c5a20c6441edba809e67682a3
supply_etas_unif-BETA-F1-sec-e2-m101,2026-09-20,supply_etas_unif,BETA+F1,executed,budget 2.22e-16<=1e-09 ok; resid 6.95e-13<=1e-06 ok; sectoral 3.53e-13<=1e-06 ok,gdp_rel=0.053816; cons_rel=0.124029; L=1.033474; w=1.016806,5b834cb6016c160c5a20c6441edba809e67682a3
supply_etas_unif-BETA-F1-sec-e2-m102,2026-09-20,supply_etas_unif,BETA+F1,executed,budget 0<=1e-09 ok; resid 5.4e-13<=1e-06 ok; sectoral 5.4e-13<=1e-06 ok,gdp_rel=0.108611; cons_rel=0.248005; L=1.066299; w=1.033232,5b834cb6016c160c5a20c6441edba809e67682a3
supply_etas_unif-BETA-F1-sec-e2-m103,2026-09-20,supply_etas_unif,BETA+F1,executed,budget 1.11e-16<=1e-09 ok; resid 8.35e-13<=1e-06 ok; sectoral 1.79e-13<=1e-06 ok,gdp_rel=0.166319; cons_rel=0.377824; L=1.100313; w=1.050244,5b834cb6016c160c5a20c6441edba809e67682a3
supply_etas_unif-BETA-F2-e05-m101,2026-09-20,supply_etas_unif,BETA+F2,executed,budget 1.11e-16<=1e-09 ok; labour 1.11e-15<=1e-06 ok; resid 2.22e-15<=1e-06 ok,gdp_rel=0.029999; cons_rel=0.049466; L=1.010112; w=1.020327,5b834cb6016c160c5a20c6441edba809e67682a3
supply_etas_unif-BETA-F2-e05-m102,2026-09-20,supply_etas_unif,BETA+F2,executed,budget 0<=1e-09 ok; labour 8.88e-16<=1e-06 ok; resid 2.22e-15<=1e-06 ok,gdp_rel=0.060404; cons_rel=0.118036; L=1.020172; w=1.040751,5b834cb6016c160c5a20c6441edba809e67682a3
supply_etas_unif-BETA-F2-e05-m103,2026-09-20,supply_etas_unif,BETA+F2,executed,budget 1.11e-16<=1e-09 ok; labour 4.44e-16<=1e-06 ok; resid 7.77e-16<=1e-06 ok,gdp_rel=0.091214; cons_rel=0.187482; L=1.030180; w=1.061271,5b834cb6016c160c5a20c6441edba809e67682a3
supply_etas_unif-BETA-F2-e1-m101,2026-09-20,supply_etas_unif,BETA+F2,executed,budget 2.22e-16<=1e-09 ok; labour 2.22e-16<=1e-06 ok; resid 9.99e-16<=1e-06 ok,gdp_rel=0.040411; cons_rel=0.073364; L=1.020327; w=1.020327,5b834cb6016c160c5a20c6441edba809e67682a3
supply_etas_unif-BETA-F2-e1-m102,2026-09-20,supply_etas_unif,BETA+F2,executed,budget 1.11e-16<=1e-09 ok; labour 2.44e-15<=1e-06 ok; resid 2.44e-15<=1e-06 ok,gdp_rel=0.081778; cons_rel=0.167071; L=1.040751; w=1.040751,5b834cb6016c160c5a20c6441edba809e67682a3
supply_etas_unif-BETA-F2-e1-m103,2026-09-20,supply_etas_unif,BETA+F2,executed,budget 1.11e-16<=1e-09 ok; labour 2.22e-15<=1e-06 ok; resid 2.22e-15<=1e-06 ok,gdp_rel=0.124112; cons_rel=0.262914; L=1.061271; w=1.061271,5b834cb6016c160c5a20c6441edba809e67682a3
supply_etas_unif-BETA-F2-e2-m101,2026-09-20,supply_etas_unif,BETA+F2,executed,budget 2.22e-16<=1e-09 ok; labour 6.66e-16<=1e-06 ok; resid 8.88e-16<=1e-06 ok,gdp_rel=0.061551; cons_rel=0.121888; L=1.041067; w=1.020327,5b834cb6016c160c5a20c6441edba809e67682a3
supply_etas_unif-BETA-F2-e2-m102,2026-09-20,supply_etas_unif,BETA+F2,executed,budget 2.22e-16<=1e-09 ok; labour 4.66e-15<=1e-06 ok; resid 4.66e-15<=1e-06 ok,gdp_rel=0.125830; cons_rel=0.268130; L=1.083163; w=1.040751,5b834cb6016c160c5a20c6441edba809e67682a3
supply_etas_unif-BETA-F2-e2-m103,2026-09-20,supply_etas_unif,BETA+F2,executed,budget 3.33e-16<=1e-09 ok; labour 9.99e-15<=1e-06 ok; resid 9.99e-15<=1e-06 ok,gdp_rel=0.192916; cons_rel=0.420676; L=1.126297; w=1.061271,5b834cb6016c160c5a20c6441edba809e67682a3
supply_etas_unif-BETA-F2-e5-m101,2026-09-20,supply_etas_unif,BETA+F2,executed,budget 1.11e-16<=1e-09 ok; labour 4.44e-16<=1e-06 ok; resid 8.88e-16<=1e-06 ok,gdp_rel=0.127584; cons_rel=0.273459; L=1.105851; w=1.020327,5b834cb6016c160c5a20c6441edba809e67682a3
supply_etas_unif-BETA-F2-e5-m102,2026-09-20,supply_etas_unif,BETA+F2,executed,budget 4.44e-16<=1e-09 ok; labour 1.33e-14<=1e-06 ok; resid 1.33e-14<=1e-06 ok,gdp_rel=0.269050; cons_rel=0.596695; L=1.221053; w=1.040751,5b834cb6016c160c5a20c6441edba809e67682a3
supply_etas_unif-BETA-F2-e5-m103,2026-09-20,supply_etas_unif,BETA+F2,executed,budget 2.22e-16<=1e-09 ok; labour 1.53e-14<=1e-06 ok; resid 1.53e-14<=1e-06 ok,gdp_rel=0.425676; cons_rel=0.954365; L=1.346270; w=1.061271,5b834cb6016c160c5a20c6441edba809e67682a3
supply_etas_unif-BETA-F2-sec-e05-m101,2026-09-20,supply_etas_unif,BETA+F2,executed,budget 0<=1e-09 ok; resid 1.5e-12<=1e-06 ok; sectoral 3.14e-13<=1e-06 ok,gdp_rel=0.027926; cons_rel=0.044898; L=1.008201; w=1.016859,5b834cb6016c160c5a20c6441edba809e67682a3
supply_etas_unif-BETA-F2-sec-e05-m102,2026-09-20,supply_etas_unif,BETA+F2,executed,budget 1.11e-16<=1e-09 ok; resid 2.26e-13<=1e-06 ok; sectoral 2.09e-13<=1e-06 ok,gdp_rel=0.055140; cons_rel=0.106177; L=1.015179; w=1.031297,5b834cb6016c160c5a20c6441edba809e67682a3
supply_etas_unif-BETA-F2-sec-e05-m103,2026-09-20,supply_etas_unif,BETA+F2,executed,budget 1.11e-16<=1e-09 ok; resid 8.57e-13<=1e-06 ok; sectoral 2.97e-13<=1e-06 ok,gdp_rel=0.082916; cons_rel=0.168125; L=1.022185; w=1.046180,5b834cb6016c160c5a20c6441edba809e67682a3
supply_etas_unif-BETA-F2-sec-e2-m101,2026-09-20,supply_etas_unif,BETA+F2,executed,budget 1.11e-16<=1e-09 ok; resid 2e-12<=1e-06 ok; sectoral 4.6e-13<=1e-06 ok,gdp_rel=0.053592; cons_rel=0.103685; L=1.033293; w=1.016705,5b834cb6016c160c5a20c6441edba809e67682a3
supply_etas_unif-BETA-F2-sec-e2-m102,2026-09-20,supply_etas_unif,BETA+F2,executed,budget 2.22e-16<=1e-09 ok; resid 2.52e-13<=1e-06 ok; sectoral 2.4e-13<=1e-06 ok,gdp_rel=0.108120; cons_rel=0.227016; L=1.065894; w=1.033022,5b834cb6016c160c5a20c6441edba809e67682a3
supply_etas_unif-BETA-F2-sec-e2-m103,2026-09-20,supply_etas_unif,BETA+F2,executed,budget 1.11e-16<=1e-09 ok; resid 8.9e-13<=1e-06 ok; sectoral 4.95e-13<=1e-06 ok,gdp_rel=0.165576; cons_rel=0.356191; L=1.099692; w=1.049948,5b834cb6016c160c5a20c6441edba809e67682a3
supply_etas_unif-BETA-F3-e05-m101,2026-09-20,supply_etas_unif,BETA+F3,executed,budget 1.11e-16<=1e-09 ok; labour 0<=1e-06 ok; resid 6.66e-16<=1e-06 ok,gdp_rel=0.029999; cons_rel=0.049466; L=1.010112; w=1.020327,5b834cb6016c160c5a20c6441edba809e67682a3
supply_etas_unif-BETA-F3-e05-m102,2026-09-20,supply_etas_unif,BETA+F3,executed,budget 1.11e-16<=1e-09 ok; labour 8.88e-16<=1e-06 ok; resid 2.22e-15<=1e-06 ok,gdp_rel=0.060404; cons_rel=0.118036; L=1.020172; w=1.040751,5b834cb6016c160c5a20c6441edba809e67682a3
supply_etas_unif-BETA-F3-e05-m103,2026-09-20,supply_etas_unif,BETA+F3,executed,budget 0<=1e-09 ok; labour 2.44e-15<=1e-06 ok; resid 4.44e-15<=1e-06 ok,gdp_rel=0.091214; cons_rel=0.187482; L=1.030180; w=1.061271,5b834cb6016c160c5a20c6441edba809e67682a3
supply_etas_unif-BETA-F3-e1-m101,2026-09-20,supply_etas_unif,BETA+F3,executed,budget 1.11e-16<=1e-09 ok; labour 2e-15<=1e-06 ok; resid 2.22e-15<=1e-06 ok,gdp_rel=0.040411; cons_rel=0.073364; L=1.020327; w=1.020327,5b834cb6016c160c5a20c6441edba809e67682a3
supply_etas_unif-BETA-F3-e1-m102,2026-09-20,supply_etas_unif,BETA+F3,executed,budget 2.22e-16<=1e-09 ok; labour 2.66e-15<=1e-06 ok; resid 2.66e-15<=1e-06 ok,gdp_rel=0.081778; cons_rel=0.167071; L=1.040751; w=1.040751,5b834cb6016c160c5a20c6441edba809e67682a3
supply_etas_unif-BETA-F3-e1-m103,2026-09-20,supply_etas_unif,BETA+F3,executed,budget 0<=1e-09 ok; labour 2.44e-15<=1e-06 ok; resid 2.44e-15<=1e-06 ok,gdp_rel=0.124112; cons_rel=0.262914; L=1.061271; w=1.061271,5b834cb6016c160c5a20c6441edba809e67682a3
supply_etas_unif-BETA-F3-e2-m101,2026-09-20,supply_etas_unif,BETA+F3,executed,budget 1.11e-16<=1e-09 ok; labour 0<=1e-06 ok; resid 8.88e-16<=1e-06 ok,gdp_rel=0.061551; cons_rel=0.121888; L=1.041067; w=1.020327,5b834cb6016c160c5a20c6441edba809e67682a3
supply_etas_unif-BETA-F3-e2-m102,2026-09-20,supply_etas_unif,BETA+F3,executed,budget 0<=1e-09 ok; labour 4.88e-15<=1e-06 ok; resid 4.88e-15<=1e-06 ok,gdp_rel=0.125830; cons_rel=0.268130; L=1.083163; w=1.040751,5b834cb6016c160c5a20c6441edba809e67682a3
supply_etas_unif-BETA-F3-e2-m103,2026-09-20,supply_etas_unif,BETA+F3,executed,budget 0<=1e-09 ok; labour 4.88e-15<=1e-06 ok; resid 4.88e-15<=1e-06 ok,gdp_rel=0.192916; cons_rel=0.420676; L=1.126297; w=1.061271,5b834cb6016c160c5a20c6441edba809e67682a3
supply_etas_unif-BETA-F3-e5-m101,2026-09-20,supply_etas_unif,BETA+F3,executed,budget 0<=1e-09 ok; labour 1.18e-14<=1e-06 ok; resid 1.18e-14<=1e-06 ok,gdp_rel=0.127584; cons_rel=0.273459; L=1.105851; w=1.020327,5b834cb6016c160c5a20c6441edba809e67682a3
supply_etas_unif-BETA-F3-e5-m102,2026-09-20,supply_etas_unif,BETA+F3,executed,budget 4.44e-16<=1e-09 ok; labour 1.33e-14<=1e-06 ok; resid 1.33e-14<=1e-06 ok,gdp_rel=0.269050; cons_rel=0.596695; L=1.221053; w=1.040751,5b834cb6016c160c5a20c6441edba809e67682a3
supply_etas_unif-BETA-F3-e5-m103,2026-09-20,supply_etas_unif,BETA+F3,executed,budget 2.22e-16<=1e-09 ok; labour 2.93e-14<=1e-06 ok; resid 2.93e-14<=1e-06 ok,gdp_rel=0.425676; cons_rel=0.954365; L=1.346270; w=1.061271,5b834cb6016c160c5a20c6441edba809e67682a3
supply_etas_unif-BETA-F3-sec-e05-m101,2026-09-20,supply_etas_unif,BETA+F3,executed,budget 0<=1e-09 ok; resid 1.55e-12<=1e-06 ok; sectoral 1.28e-13<=1e-06 ok,gdp_rel=0.027926; cons_rel=0.044898; L=1.008201; w=1.016859,5b834cb6016c160c5a20c6441edba809e67682a3
supply_etas_unif-BETA-F3-sec-e05-m102,2026-09-20,supply_etas_unif,BETA+F3,executed,budget 0<=1e-09 ok; resid 4.25e-13<=1e-06 ok; sectoral 3.65e-13<=1e-06 ok,gdp_rel=0.055140; cons_rel=0.106177; L=1.015179; w=1.031297,5b834cb6016c160c5a20c6441edba809e67682a3
supply_etas_unif-BETA-F3-sec-e05-m103,2026-09-20,supply_etas_unif,BETA+F3,executed,budget 0<=1e-09 ok; resid 8.46e-13<=1e-06 ok; sectoral 2.08e-13<=1e-06 ok,gdp_rel=0.082916; cons_rel=0.168125; L=1.022185; w=1.046180,5b834cb6016c160c5a20c6441edba809e67682a3
supply_etas_unif-BETA-F3-sec-e2-m101,2026-09-20,supply_etas_unif,BETA+F3,executed,budget 1.11e-16<=1e-09 ok; resid 1.97e-12<=1e-06 ok; sectoral 1.53e-13<=1e-06 ok,gdp_rel=0.053592; cons_rel=0.103685; L=1.033293; w=1.016705,5b834cb6016c160c5a20c6441edba809e67682a3
supply_etas_unif-BETA-F3-sec-e2-m102,2026-09-20,supply_etas_unif,BETA+F3,executed,budget 1.11e-16<=1e-09 ok; resid 2.52e-13<=1e-06 ok; sectoral 1.94e-13<=1e-06 ok,gdp_rel=0.108120; cons_rel=0.227016; L=1.065894; w=1.033022,5b834cb6016c160c5a20c6441edba809e67682a3
supply_etas_unif-BETA-F3-sec-e2-m103,2026-09-20,supply_etas_unif,BETA+F3,executed,budget 0<=1e-09 ok; resid 8.71e-13<=1e-06 ok; sectoral 2.39e-13<=1e-06 ok,gdp_rel=0.165576; cons_rel=0.356191; L=1.099692; w=1.049948,5b834cb6016c160c5a20c6441edba809e67682a3
