sector,gross_output_basic,gross_value_added,wage,other_production_tax,depreciation,net_operating_surplus,factor_share,wage_share_gross_output,imported_intermediate,import_share,domar_lambda,final_demand_domestic_basic
"Erz. d. Landwirtschaft, Jagd und Dienstleistungen",53574.0,18145.0,6178.0,-5550.0,10175.0,7342.0,0.33869040952700935,0.11531713144435733,4688.0,0.08750513308694516,0.017693930084304935,11745.319476271186
Forstwirtschaftl. Erzeugnisse und Dienstleistungen,6714.0,3717.0,1102.0,-56.0,453.0,2218.0,0.5536193029490617,0.16413464402740544,464.0,0.06910932380101281,0.002217438432561006,1289.7983217503493
"Fische, Fischerei- und Aquakulturerzeugnisse, DL",491.0,184.0,84.0,-13.0,97.0,16.0,0.37474541751527496,0.1710794297352342,93.0,0.1894093686354379,0.00016216298337614745,158.26460112512257
Kohle,2925.0,1196.0,2025.0,-1141.0,500.0,-188.0,0.4088888888888889,0.6923076923076923,272.0,0.09299145299145299,0.0009660422125768457,151.48501508500632
Erdöl und Erdgas,1475.0,812.0,458.0,19.0,339.0,-4.0,0.5505084745762712,0.3105084745762712,120.0,0.08135593220338982,0.00048714949181225556,525.0495272959377
"Erze, Steine und Erden, sonstige Bergbauerz., DL",14170.0,4687.0,3021.0,16.0,1174.0,476.0,0.33076923076923076,0.213196894848271,1674.0,0.11813690896259704,0.004679937829816719,1051.4253132498666
"Nahrungs- u. Futtermittel, Getränke, Tabakerzeugn.",193875.0,42280.0,32515.0,-73.0,5518.0,4320.0,0.21807865892972275,0.1677111540941328,33919.0,0.17495293359123146,0.06403125947464477,102441.60083699902
"Textilien, Bekleidung, Leder und Lederwaren",22525.0,6569.0,4896.0,14.0,883.0,776.0,0.2916315205327414,0.21735849056603773,4925.0,0.21864594894561598,0.007439350713946479,13523.659641760383
"Holz,Holz- u.Korkwaren (oh.Möbel),Flecht- u.Korbw.",25494.0,6476.0,4888.0,8.0,829.0,751.0,0.2540205538558092,0.19173138777751628,2868.0,0.11249705813132502,0.008419924843567217,8897.611159045362
"Papier, Pappe und Waren daraus",44188.0,10361.0,6410.0,38.0,1560.0,2353.0,0.23447542319181677,0.14506200778491898,10419.0,0.23578799674119671,0.014594007962169456,16888.862225957084
"Druckereileist., besp. Ton-, Bild- u. Datenträger",17270.0,6454.0,4241.0,-2.0,1215.0,1000.0,0.37371163867979157,0.24557035321366533,2714.0,0.1571511291256514,0.005703777439727223,2936.592605156683
Kokerei- und Mineralölerzeugnisse,56754.0,2442.0,1456.0,97.0,789.0,100.0,0.04302780420763294,0.025654579412904818,38788.0,0.6834408147443352,0.018744191361567967,26069.59383465085
Chemische Erzeugnisse,165943.0,35462.0,20000.0,210.0,6838.0,8414.0,0.21369988490023684,0.12052331222166647,43282.0,0.26082449997890844,0.05480613431850924,81226.17420087116
Pharmazeutische Erzeugnisse,39128.0,13114.0,2948.0,36.0,4409.0,5721.0,0.3351564097321611,0.07534246575342465,11304.0,0.28889797587405436,0.01292283750212199,56922.192261402015
Gummi- und Kunststoffwaren,79526.0,25643.0,18284.0,31.0,2933.0,4395.0,0.3224480044262254,0.22991222996252797,24653.0,0.3099992455297639,0.02626511897346538,30322.262499503384
Glas und Glaswaren,10485.0,3982.0,2360.0,15.0,810.0,797.0,0.3797806390081068,0.22508345255126372,1514.0,0.14439675727229376,0.0034628897773908473,5251.070972492051
"Keramik, bearbeitete Steine und Erden",38167.0,12164.0,8043.0,92.0,1160.0,2869.0,0.3187046401341473,0.21073178400188644,4124.0,0.10805145806586842,0.012605447223049734,10990.381323509046
"Roheisen, Stahl, Erz.d.erst. Bearb.v.Eisen u.Stahl",91466.0,10211.0,6411.0,-213.0,1918.0,2095.0,0.11163711105766078,0.07009161874357685,13262.0,0.1449937681761529,0.03020855282583035,19441.998012384294
NE-Metalle und Halbzeug daraus,42930.0,4503.0,3418.0,4.0,537.0,544.0,0.10489168413696716,0.07961798276263685,19818.0,0.46163522012578617,0.014178527243050937,17209.32407829214
Gießereierzeugnisse,19227.0,6118.0,5059.0,0.0,734.0,325.0,0.3181983668799085,0.26311957143600145,4461.0,0.23201747542518333,0.006350117477338466,496.72004061276016
Metallerzeugnisse,137946.0,56146.0,41732.0,68.0,5199.0,9147.0,0.40701433894422456,0.30252417612689025,20926.0,0.1516970408710655,0.04555954155764977,41223.7871182877
"DV-Geräte, elektronische und optische Erzeugnisse",78148.0,33392.0,16000.0,38.0,10008.0,7346.0,0.42729180529252186,0.20473972462507037,16023.0,0.20503403797921893,0.025810005753318065,57781.489447770204
Elektrische Ausrüstungen,96796.0,38033.0,25901.0,70.0,4561.0,7501.0,0.39291912888962355,0.2675833712136865,20158.0,0.20825240712426132,0.0319688964131926,51584.40208993818
Maschinen,246876.0,88597.0,62932.0,85.0,9659.0,15921.0,0.35887247038999337,0.25491339781914807,41280.0,0.16720944927818013,0.08153594436653722,139782.6123926366
Kraftwagen und Kraftwagenteile,398948.0,104389.0,49521.0,164.0,31224.0,23480.0,0.2616606675556714,0.12412895916259763,73312.0,0.1837632974723523,0.13176089183695983,191637.7359619353
Sonstige Fahrzeuge,50234.0,13229.0,9105.0,23.0,1941.0,2160.0,0.26334753354301865,0.18125174184815065,10773.0,0.21445634430863558,0.016590825472336843,31944.467278687818
"Möbel und Waren, a.n.g.",54459.0,22726.0,16856.0,32.0,2264.0,3574.0,0.41730476138012085,0.3095172515103105,10316.0,0.1894269083163481,0.017986219779392288,37886.32833772426
"Rep., Instandh. u. Inst. v. Maschinen u. Ausrüst.",54806.0,19195.0,17540.0,14.0,1759.0,-118.0,0.3502353756887932,0.3200379520490457,8764.0,0.1599094989599679,0.018100823761533883,13185.49214991794
"Elektr.Strom,DL d.Elektriz.-,Wärme-u.Kälteversorg.",117745.0,40046.0,13304.0,-1623.0,8698.0,19667.0,0.3401078602063782,0.11298993587838124,17030.0,0.14463459170240775,0.03888774028029426,27142.821091763642
"Indust.erz.Gase, Dienstleistungen d.Gasversorgung",15353.0,6576.0,3221.0,-2.0,2827.0,530.0,0.4283201980069042,0.20979613104930633,1443.0,0.09398814563928874,0.005070648235792244,5403.845513529365
"Wasser, Dienstleistungen der Wasserversorgung",11281.0,7495.0,2403.0,-82.0,4139.0,1035.0,0.664391454658275,0.21301303075968442,336.0,0.02978459356440032,0.0037257853675485117,5203.214934842774
"DL d. Abwasser-, Abfallentsorgung u. Rückgewinnung",62514.0,26437.0,10847.0,-277.0,11393.0,4474.0,0.4228972710112935,0.17351313305819496,5683.0,0.09090763668938158,0.020646551410950065,17846.297475947642
Hochbauarbeiten,74674.0,25848.0,14163.0,20.0,1211.0,10454.0,0.34614457508637547,0.1896644079599325,3284.0,0.04397782360661007,0.02466264484853449,49084.45614018157
Tiefbauarbeiten,48101.0,19996.0,12009.0,-98.0,1367.0,6718.0,0.4157086131265462,0.24966216918567183,2721.0,0.056568470509968605,0.015886357766550036,27949.231858869003
"Vorb.Baustellen-,Bauinstallations-,Ausbauarbeiten",231844.0,108807.0,59809.0,120.0,3800.0,45078.0,0.46931126102034126,0.2579708769689964,24386.0,0.10518279532789289,0.076571313070997,93787.61367673389
"Handelsleistungen mit Kfz, Instandh. und Reparatur",93922.0,60158.0,32616.0,176.0,5059.0,22307.0,0.6405102106002853,0.34726688102893893,6885.0,0.07330550882647303,0.031019698013552994,34841.32549306933
Großhandelsleistungen (oh.Handelsleistungen m.Kfz),290322.0,160416.0,98248.0,1059.0,10498.0,50611.0,0.5525451050902102,0.33841045459868696,13185.0,0.04541509083018166,0.09588489136401197,115069.8283174577
Einzelhandelsleistungen (ohne Handelsleist.m.Kfz),208528.0,111845.0,82112.0,491.0,8622.0,20620.0,0.5363548300468043,0.3937696616281746,9110.0,0.04368717870022251,0.06887071812110239,106185.39284476287
Landverkehrs- u. Transportleist. in Rohrfernleit.,108791.0,50921.0,28960.0,-882.0,8300.0,14543.0,0.4680626154737065,0.266198490683972,3876.0,0.035627947164747084,0.03593049516186244,25751.55982307652
Schifffahrtsleistungen,24584.0,5221.0,756.0,18.0,4620.0,-173.0,0.212373901724699,0.030751708428246014,13259.0,0.5393345265213146,0.008119378377432197,23057.176253032674
Luftfahrtleistungen,25055.0,6912.0,5059.0,43.0,1421.0,389.0,0.2758730792257035,0.20191578527240073,8804.0,0.35138694871283177,0.008274935943970212,11618.125374372048
"Lagereileist.,sonst. Dienstleistungen f.d. Verkehr",143203.0,48889.0,32933.0,-131.0,16086.0,1.0,0.3413964791240407,0.22997423238339978,15592.0,0.1088804005502678,0.04729577537355283,12578.673299980674
"Post-, Kurier- und Expressdienstleistungen",53552.0,20779.0,17806.0,79.0,1836.0,1058.0,0.388015386913654,0.332499253062444,3641.0,0.06798999103674933,0.01768666412578299,2974.8102902262817
Beherbergungs- und Gastronomiedienstleistungen,103424.0,50145.0,34932.0,-26.0,3892.0,11347.0,0.48484877784653463,0.3377552599009901,6795.0,0.0657004176980198,0.03415793155334964,71140.1656857118
Dienstleistungen des Verlagswesens,47335.0,19271.0,10519.0,76.0,2009.0,6667.0,0.40711946762437945,0.22222456955740996,3810.0,0.08049012358719763,0.01563337030164957,22474.80319608587
"DL v. audiovis.Med., Musikverlag. u.RF-veranstalt.",37806.0,16211.0,8145.0,-26.0,4416.0,3676.0,0.4287943712638206,0.21544199333439137,2558.0,0.06766121779611702,0.012486219449121446,18489.269808686437
Telekommunikationsdienstleistungen,68811.0,26614.0,7994.0,22.0,10179.0,8419.0,0.3867695571928907,0.11617328624783828,2717.0,0.03948496606647193,0.022726266902436013,19574.769710301032
IT- und Informationsdienstleistungen,156944.0,90898.0,60153.0,301.0,10670.0,19774.0,0.5791747374859822,0.3832768375981242,9542.0,0.06079875624426547,0.05183402701219162,24805.075066276004
Finanzdienstleistungen,141895.0,66376.0,43618.0,3339.0,5946.0,13473.0,0.46778251524014236,0.3073963141759752,5594.0,0.039423517389619085,0.046863781112338986,42637.8103630989
Dienstleistungen v.Versicherungen u.Pensionskassen,82650.0,28204.0,12152.0,121.0,1982.0,13949.0,0.3412462189957653,0.14702964307320024,7632.0,0.09234119782214156,0.02729688508358164,37772.914656604546
Mit Finanz- u.Versicherungs-DL verbundene Dienstl.,36350.0,18564.0,14198.0,31.0,464.0,3871.0,0.5107015130674003,0.3905914718019257,1147.0,0.03155433287482806,0.012005345103305417,4115.007568054085
Dienstleistungen d. Grundstücks- u. Wohnungswesens,457784.0,341730.0,17247.0,8233.0,181802.0,134448.0,0.7464874263844957,0.037674973349876795,3124.0,0.006824179088827919,0.15119270709137736,217724.24094160064
"DL der Rechts-, Steuer- und Unternehmensberatung",180329.0,96550.0,73516.0,490.0,3661.0,18883.0,0.5354102778809842,0.40767707911650375,7948.0,0.044074996256841664,0.059557410650177785,16756.84678090609
"DL v. Arch.-/Ing.-büros,techn.,phys.,chem.Unters.",81379.0,45259.0,33340.0,123.0,3058.0,8738.0,0.5561508497278168,0.4096880030474693,3746.0,0.04603153147617936,0.026877110843518334,30031.9499703405
Forschungs- und Entwicklungsleistungen,110203.0,75415.0,62343.0,-2788.0,12788.0,3072.0,0.684328012849015,0.56571055234431,5237.0,0.04752139233959148,0.03639683759063458,64173.267762751086
Werbe- und Marktforschungsleistungen,25765.0,12274.0,8327.0,43.0,504.0,3400.0,0.4763826896953231,0.32319037453910343,1420.0,0.055113526101300214,0.008509428241723908,6403.092893249236
"Sonst. freiberufl.,wiss.,techn. u.veterinärmed. DL",34004.0,15527.0,5990.0,51.0,402.0,9084.0,0.45662275026467475,0.1761557463827785,1708.0,0.05022938477826138,0.0112305297081925,5262.982182086066
Dienstleist. der Vermietung v. beweglichen Sachen,86654.0,61448.0,6298.0,177.0,56132.0,-1159.0,0.7091190250882822,0.0726798532093152,1718.0,0.01982597456551342,0.028619289534575723,21591.86957032587
DL d. Vermittlung u. Überlassung v. Arbeitskräften,38323.0,28667.0,28764.0,7.0,290.0,-394.0,0.7480364272108133,0.750567544294549,1002.0,0.02614617853508337,0.012656969474387166,2486.8386770094144
"DL v. Reisebüros, -veranstaltern u. sonst. Reserv.",35779.0,7432.0,3038.0,-200.0,266.0,4328.0,0.20771961206294196,0.08491014282120797,13677.0,0.38226333883004,0.01181676045257674,23059.82612432041
"Wach-, Sicherheits-DL, wirtschaftliche DL a.n.g",131261.0,75033.0,47524.0,28.0,2932.0,24549.0,0.5716320917865931,0.3620572751997928,6330.0,0.048224529753696836,0.04335168097950405,19907.420566905734
DL d. öffentlichen Verwaltung und der Verteidigung,255164.0,160132.0,124783.0,89.0,35260.0,0.0,0.627565017008669,0.48903058425169693,8540.0,0.03346867112915615,0.08427322910425925,198729.4636801409
Dienstleistungen der Sozialversicherung,36162.0,24524.0,23269.0,22.0,1233.0,0.0,0.6781704551739395,0.6434655162878159,711.0,0.019661523145843702,0.011943254185026973,31814.79722950668
Erziehungs- und Unterrichtsdienstleistungen,179280.0,137258.0,106557.0,-1959.0,25410.0,7250.0,0.7656068719321731,0.5943607764390897,2696.0,0.015037929495760822,0.059210956537017745,142098.46707651616
Dienstleistungen des Gesundheitswesens,235109.0,160069.0,113061.0,-2567.0,21868.0,27707.0,0.6808288921308839,0.480887588310103,9077.0,0.03860762454861362,0.07764964736982209,201450.80301362372
Dienstleistungen von Heimen und des Sozialwesens,105833.0,68930.0,69833.0,-717.0,11223.0,-11409.0,0.651309137981537,0.6598414483195223,4472.0,0.04225525119764157,0.03495355401150267,95213.50371400149
"Dienstleist. der Kunst, Kultur u. des Glücksspiels",34472.0,22210.0,9288.0,228.0,4730.0,7964.0,0.6442910187978649,0.2694360640519842,1715.0,0.04975052216291483,0.011385096462204796,23123.69742847961
"DL des Sports, der Unterhaltung und der Erholung",29709.0,17615.0,9041.0,-199.0,5525.0,3248.0,0.5929179709852234,0.30431855666633006,540.0,0.018176310209027567,0.009812016442203593,13924.011794594076
"DL d. Interessenvertr., kirchl. u.sonst. Vereinig.",43472.0,31169.0,29237.0,-106.0,2057.0,-19.0,0.7169902465955098,0.6725478468899522,1035.0,0.02380842841369157,0.01435753403936432,33871.22143865778
Reparaturarbeiten an DV-Geräten u. Gebrauchsgütern,4346.0,2851.0,2172.0,7.0,244.0,428.0,0.6560055223193741,0.49976990335941096,337.0,0.07754256787850898,0.0014353570789261442,1421.9225682709719
Sonstige überwiegend persönliche Dienstleistungen,54172.0,36869.0,10905.0,-67.0,1555.0,24476.0,0.6805914494572842,0.2013032562947648,1391.0,0.02567747175662704,0.01789143204776509,31750.887419737173
