supplier\user,Erz. d. Landwirtschaft, Jagd und Dienstleistungen,Forstwirtschaftl. Erzeugnisse und Dienstleistungen,Fische, Fischerei- und Aquakulturerzeugnisse, DL,Kohle,Erdöl und Erdgas,Erze, Steine und Erden, sonstige Bergbauerz., DL,Nahrungs- u. Futtermittel, Getränke, Tabakerzeugn.,Textilien, Bekleidung, Leder und Lederwaren,Holz,Holz- u.Korkwaren (oh.Möbel),Flecht- u.Korbw.,Papier, Pappe und Waren daraus,Druckereileist., besp. Ton-, Bild- u. Datenträger,Kokerei- und Mineralölerzeugnisse,Chemische Erzeugnisse,Pharmazeutische Erzeugnisse,Gummi- und Kunststoffwaren,Glas und Glaswaren,Keramik, bearbeitete Steine und Erden,Roheisen, Stahl, Erz.d.erst. Bearb.v.Eisen u.Stahl,NE-Metalle und Halbzeug daraus,Gießereierzeugnisse,Metallerzeugnisse,DV-Geräte, elektronische und optische Erzeugnisse,Elektrische Ausrüstungen,Maschinen,Kraftwagen und Kraftwagenteile,Sonstige Fahrzeuge,Möbel und Waren, a.n.g.,Rep., Instandh. u. Inst. v. Maschinen u. Ausrüst.,Elektr.Strom,DL d.Elektriz.-,Wärme-u.Kälteversorg.,Indust.erz.Gase, Dienstleistungen d.Gasversorgung,Wasser, Dienstleistungen der Wasserversorgung,DL d. Abwasser-, Abfallentsorgung u. Rückgewinnung,Hochbauarbeiten,Tiefbauarbeiten,Vorb.Baustellen-,Bauinstallations-,Ausbauarbeiten,Handelsleistungen mit Kfz, Instandh. und Reparatur,Großhandelsleistungen (oh.Handelsleistungen m.Kfz),Einzelhandelsleistungen (ohne Handelsleist.m.Kfz),Landverkehrs- u. Transportleist. in Rohrfernleit.,Schifffahrtsleistungen,Luftfahrtleistungen,Lagereileist.,sonst. Dienstleistungen f.d. Verkehr,Post-, Kurier- und Expressdienstleistungen,Beherbergungs- und Gastronomiedienstleistungen,Dienstleistungen des Verlagswesens,DL v. audiovis.Med., Musikverlag. u.RF-veranstalt.,Telekommunikationsdienstleistungen,IT- und Informationsdienstleistungen,Finanzdienstleistungen,Dienstleistungen v.Versicherungen u.Pensionskassen,Mit Finanz- u.Versicherungs-DL verbundene Dienstl.,Dienstleistungen d. Grundstücks- u. Wohnungswesens,DL der Rechts-, Steuer- und Unternehmensberatung,DL v. Arch.-/Ing.-büros,techn.,phys.,chem.Unters.,Forschungs- und Entwicklungsleistungen,Werbe- und Marktforschungsleistungen,Sonst. freiberufl.,wiss.,techn. u.veterinärmed. DL,Dienstleist. der Vermietung v. beweglichen Sachen,DL d. Vermittlung u. Überlassung v. Arbeitskräften,DL v. Reisebüros, -veranstaltern u. sonst. Reserv.,Wach-, Sicherheits-DL, wirtschaftliche DL a.n.g,DL d. öffentlichen Verwaltung und der Verteidigung,Dienstleistungen der Sozialversicherung,Erziehungs- und Unterrichtsdienstleistungen,Dienstleistungen des Gesundheitswesens,Dienstleistungen von Heimen und des Sozialwesens,Dienstleist. der Kunst, Kultur u. des Glücksspiels,DL des Sports, der Unterhaltung und der Erholung,DL d. Interessenvertr., kirchl. u.sonst. Vereinig.,Reparaturarbeiten an DV-Geräten u. Gebrauchsgütern,Sonstige überwiegend persönliche Dienstleistungen
Erz. d. Landwirtschaft, Jagd und Dienstleistungen,6754.189,6.489,0.0,0.0,0.0,0.0,19318.843,12.03,1.643,0.0,0.0,0.0,5.978,0.0,19.127,0.0,0.811,0.0,0.0,0.0,0.0,0.0,0.0,0.0,0.0,0.0,0.514,0.0,0.0,0.0,0.0,0.0,0.0,0.0,0.0,0.0,0.0,0.0,0.0,0.0,0.043,0.0,0.0,228.73,0.0,0.0,0.0,0.0,0.0,0.0,0.0,0.0,0.0,0.0,8.067,0.0,3.589,0.0,0.0,0.0,786.485,261.179,0.0,21.282,75.064,63.143,8.939,0.0,5.375,0.0,3.644
Forstwirtschaftl. Erzeugnisse und Dienstleistungen,58.03,807.907,0.0,0.0,5.436,42.797,14.169,0.0,1769.314,32.509,0.0,0.0,0.0,0.0,0.0,0.0,0.0,0.0,0.0,0.0,0.0,0.0,0.0,0.0,0.0,0.0,24.138,0.0,1.435,0.0,0.0,0.0,0.0,0.0,0.0,0.0,0.0,0.0,0.0,0.0,0.0,0.0,0.0,10.204,0.0,0.0,0.0,0.0,0.0,0.0,0.0,0.0,0.0,3.535,0.0,0.0,0.0,0.0,0.0,0.0,28.774,11.51,0.0,0.0,5.061,4.21,0.0,0.0,9.855,0.0,10.021
Fische, Fischerei- und Aquakulturerzeugnisse, DL,0.0,0.0,23.743,0.0,0.0,0.0,130.356,0.0,0.0,0.0,0.0,0.0,0.0,0.0,0.0,0.0,0.0,0.0,0.0,0.0,0.0,0.0,0.0,0.0,0.0,0.0,0.0,0.0,0.0,0.0,0.0,0.0,0.0,0.0,0.0,0.0,0.0,0.0,0.0,0.0,0.0,0.0,0.0,53.569,0.0,0.0,0.0,0.0,0.0,0.0,0.0,0.0,0.0,0.0,0.0,0.0,0.0,0.0,0.0,0.0,0.0,0.0,0.0,0.0,4.217,2.526,0.0,0.0,0.0,0.0,0.0
Kohle,1.682,0.0,0.0,78.817,0.0,0.0,4.251,0.0,0.0,0.551,0.0,0.0,0.0,0.0,0.0,0.0,24.334,9.657,0.0,0.0,0.0,0.0,0.0,0.0,0.0,0.0,0.0,0.0,1948.872,0.0,0.0,0.0,0.0,0.0,0.0,0.0,0.0,0.0,0.0,0.0,0.0,0.0,0.0,0.0,0.0,0.0,0.0,0.0,0.0,0.0,0.0,0.0,0.0,0.0,0.807,0.0,0.0,0.0,0.0,0.0,0.0,6.197,0.0,0.0,0.0,0.0,0.0,0.0,0.0,0.0,0.0
Erdöl und Erdgas,0.0,0.0,0.0,0.0,0.0,0.0,1.417,0.0,0.0,0.551,0.0,0.0,1.495,0.0,0.0,0.0,0.0,0.0,0.0,0.0,0.0,0.43,0.0,0.0,1.334,0.586,0.0,0.0,162.107,166.446,0.0,0.802,0.0,0.0,0.0,0.0,0.0,0.894,0.0,0.0,0.0,0.0,0.0,0.0,0.0,0.0,0.0,0.0,0.0,0.0,11.113,0.0,0.0,0.0,0.0,0.0,0.0,0.0,0.0,0.0,0.0,0.885,0.0,0.0,0.843,0.0,0.0,0.0,0.0,0.0,0.0
Erze, Steine und Erden, sonstige Bergbauerz., DL,37.005,0.0,0.0,24.376,102.503,1631.741,81.472,0.547,0.0,6.612,0.0,0.0,2752.041,0.0,0.0,55.664,2012.411,8.852,0.0,13.36,5.24,0.0,3.312,0.0,0.0,0.0,0.0,0.0,4.304,0.0,0.0,45.724,862.141,1057.905,83.199,0.0,0.0,0.894,0.924,0.0,0.0,0.0,0.0,0.0,0.0,0.0,0.0,0.0,0.0,0.0,0.0,0.0,0.0,0.0,3.227,0.0,0.0,0.0,0.0,0.0,34.005,215.141,0.0,0.0,0.0,0.0,0.0,0.0,0.0,0.0,0.0
Nahrungs- u. Futtermittel, Getränke, Tabakerzeugn.,1893.124,0.0,0.0,0.0,0.0,4.669,19869.312,1.094,0.0,0.0,0.0,0.0,461.331,35.093,0.0,0.0,0.0,0.0,0.0,0.0,0.0,0.0,0.0,0.0,0.0,0.0,0.514,0.0,2.869,0.0,0.0,0.802,0.0,0.0,0.0,0.0,0.0,0.0,0.0,0.0,3.041,0.0,0.0,8281.897,0.0,17.307,0.0,0.0,0.0,0.0,0.0,0.0,14.307,0.0,70.99,0.0,3.589,0.0,0.0,0.0,10.463,2389.57,0.0,592.199,3037.152,1698.113,51.198,30.366,167.533,0.0,44.638
Textilien, Bekleidung, Leder und Lederwaren,22.707,1.622,7.554,1.625,0.777,3.113,0.708,1729.091,0.0,3.857,1.323,0.0,0.0,3.353,26.484,0.0,0.0,2.414,0.0,0.477,27.51,15.471,14.669,46.385,292.882,24.629,176.671,18.127,0.0,0.0,0.0,0.0,8.343,5.352,88.446,0.741,0.0,25.94,5.547,0.0,0.043,0.0,0.0,71.425,0.0,6.057,0.0,0.0,0.0,0.0,0.0,0.0,0.0,0.0,8.874,4.411,0.897,0.0,0.0,0.0,128.174,30.102,0.926,1.851,55.666,40.411,26.818,5.694,17.022,2.115,15.487
Holz,Holz- u.Korkwaren (oh.Möbel),Flecht- u.Korbw.,25.23,0.0,0.54,28.439,0.777,22.566,77.222,11.484,4578.531,99.731,1.985,0.0,91.668,0.0,0.0,18.787,46.234,28.971,0.0,9.066,115.28,34.38,21.767,172.654,109.414,259.776,597.807,46.997,5.021,4.001,0.0,23.263,428.29,518.248,2169.927,11.852,73.432,51.881,3.698,0.0,0.0,25.427,6.088,34.862,0.0,6.923,21.411,0.0,2.739,0.0,1.852,12.624,11.625,0.0,17.747,29.993,5.383,5.557,0.884,0.0,240.654,90.306,1.852,60.145,28.676,13.47,16.253,17.081,1.792,2.115,691.439
Papier, Pappe und Waren daraus,0.0,2.433,3.777,3.25,2.33,88.707,1900.075,137.802,101.033,5751.358,756.252,0.0,593.353,165.628,49.731,95.325,56.779,0.0,0.0,0.477,205.015,174.047,218.139,163.634,106.078,22.283,220.326,65.795,0.717,4.001,2.694,0.802,0.0,0.0,20.238,3.704,1554.457,940.117,3.698,0.0,0.129,16.687,25.222,17.006,140.686,10.384,4.655,0.0,17.345,0.0,2.778,1.942,140.392,118.43,58.083,47.635,175.839,17.597,21.211,0.151,320.872,13.28,4.63,11.104,13.495,35.36,8.939,9.49,13.438,0.0,14.576
Druckereileist., besp. Ton-, Bild- u. Datenträger,13.456,2.433,0.54,4.063,1.553,17.119,93.516,48.668,27.106,49.59,1067.884,0.0,38.859,12.07,6.768,7.654,17.845,26.557,0.0,7.634,56.33,42.975,45.899,110.808,207.486,14.66,79.091,23.498,5.738,21.606,7.184,48.131,9.27,8.028,41.225,146.668,462.71,1535.853,64.712,0.0,0.428,30.99,260.913,26.359,2887.856,512.277,354.674,0.0,220.921,34.7,5.557,5.826,544.577,136.99,118.585,176.428,305.027,38.899,121.079,11.087,589.428,394.868,70.373,130.469,51.449,330.867,58.512,12.336,174.7,4.936,19.131
Kokerei- und Mineralölerzeugnisse,623.192,84.36,6.475,0.0,3.106,148.623,70.845,6.562,18.892,14.877,7.278,0.0,1636.079,0.0,3.09,6.958,285.517,832.123,0.0,23.38,35.37,14.611,26.025,47.673,152.112,20.524,12.326,9.399,422.483,0.0,0.0,205.358,304.994,586.04,741.298,98.519,1811.911,347.96,1195.32,0.0,0.514,1098.941,309.616,131.796,27.8,45.863,41.891,29.078,2.739,0.826,0.926,1.942,129.661,33.585,66.956,22.936,72.668,33.342,5.303,0.754,207.521,389.556,2.778,25.909,130.73,61.459,56.074,38.907,60.921,2.115,137.559
Chemische Erzeugnisse,694.678,5.678,1.079,12.188,0.0,215.542,34.006,333.022,812.373,242.441,131.004,0.0,20371.282,467.156,410.351,48.01,450.177,187.509,0.0,161.752,275.755,54.578,40.221,219.682,485.69,105.552,133.017,57.739,2.152,8.802,14.368,135.568,38.935,28.544,1008.135,148.89,0.0,59.931,12.018,0.0,0.214,0.0,3.479,95.233,30.328,4.327,0.0,0.0,0.0,0.0,0.0,4.855,19.673,2.651,91.964,0.0,10.766,1.852,1.768,0.0,873.679,305.447,0.0,27.759,179.648,61.459,13.003,27.52,0.0,14.808,171.266
Pharmazeutische Erzeugnisse,5.046,0.0,0.0,0.0,0.0,0.0,0.0,0.0,0.0,0.0,0.0,0.0,0.0,1102.623,0.0,0.0,0.0,0.0,0.0,0.0,0.0,0.0,0.473,0.644,0.0,0.0,0.0,0.0,0.0,0.0,0.0,0.0,0.0,0.0,0.0,0.0,0.0,1.789,0.0,0.0,0.0,0.0,0.0,0.0,0.0,0.0,0.0,0.0,0.0,0.0,0.0,0.0,0.0,0.0,37.108,0.0,7.177,0.0,0.0,0.0,0.0,0.0,0.0,0.0,247.122,214.685,0.0,0.0,0.0,0.0,0.0
Gummi- und Kunststoffwaren,37.846,5.678,0.0,3.25,0.777,3.113,868.565,90.775,86.248,182.382,31.759,0.0,296.926,79.573,1188.68,7.654,38.123,15.29,0.0,0.0,279.685,230.344,613.723,2975.698,6235.249,132.527,437.056,445.795,0.717,0.0,6.286,117.118,1037.351,743.031,5512.888,811.858,238.875,477.662,106.312,0.0,0.257,96.942,12.176,38.263,0.0,0.0,37.236,0.0,2.739,0.0,0.0,6.798,0.0,70.704,132.299,35.286,57.417,0.0,0.0,0.0,378.42,92.962,0.0,3.701,156.033,158.277,0.813,0.0,0.0,45.13,7.288
Glas und Glaswaren,25.23,0.0,0.0,0.0,0.0,0.0,147.359,0.0,341.706,0.0,0.0,0.0,5.978,38.669,34.282,743.811,0.0,2.414,0.0,0.0,216.805,123.337,52.05,39.298,274.202,6.45,62.143,52.368,0.0,0.0,0.0,1.604,3.708,1.784,98.94,46.667,0.0,1.789,0.0,0.0,0.0,0.0,0.0,17.856,0.0,0.0,0.0,0.0,0.0,0.0,0.0,0.0,0.0,3.535,19.361,2.646,2.691,0.0,0.0,0.0,144.741,8.854,0.0,11.104,20.242,12.629,0.0,2.847,0.0,0.0,0.0
Keramik, bearbeitete Steine und Erden,147.178,19.468,0.0,0.0,0.0,0.0,0.0,50.856,7.393,0.0,0.0,0.0,15.942,0.0,0.0,0.0,3878.819,178.657,0.0,39.126,23.58,19.768,67.666,77.308,62.046,12.314,11.299,65.795,81.054,0.0,22.451,0.0,7517.315,4759.679,4621.682,0.0,0.0,6.261,12.018,0.0,0.0,52.444,8.697,13.605,0.0,0.0,129.396,0.0,0.0,0.0,0.0,12.624,0.0,0.0,9.68,16.761,0.0,12.966,0.0,0.0,147.357,282.428,0.0,0.925,8.434,15.154,18.691,6.643,5.375,0.0,66.502
Roheisen, Stahl, Erz.d.erst. Bearb.v.Eisen u.Stahl,14.297,1.622,0.0,10.563,3.883,40.463,46.758,0.0,18.071,11.02,0.0,0.0,3.986,1.341,11.623,0.696,12.167,39595.85,0.0,301.078,3521.933,42.975,381.388,1774.853,2734.009,146.6,25.679,617.668,16.498,78.422,35.023,0.0,301.286,217.646,508.94,14.815,0.0,52.775,78.579,0.0,0.0,19.865,0.0,0.0,0.0,0.0,10.24,0.0,0.0,0.0,0.0,0.0,0.0,12.373,54.856,1.764,6.28,0.0,0.0,0.0,16.567,5.312,0.0,0.925,0.0,0.0,0.0,0.0,0.0,0.0,0.0
NE-Metalle und Halbzeug daraus,0.0,0.0,0.0,0.0,0.0,0.0,1.417,1.094,0.0,7.714,4.631,0.0,0.498,2.235,5.444,0.0,0.0,106.228,0.0,452.333,1350.609,266.872,404.574,240.942,736.541,86.787,187.457,469.965,7.173,0.0,0.0,0.0,55.622,29.436,91.444,2.963,46.006,0.0,0.0,0.0,0.0,5.562,0.0,0.0,0.0,0.0,0.931,0.0,0.0,0.0,0.0,0.0,0.0,0.0,25.008,0.0,0.0,0.0,0.0,0.0,0.0,12.395,0.0,0.0,0.0,0.0,0.0,0.0,0.0,0.0,0.0
Gießereierzeugnisse,0.0,0.0,0.0,0.0,1.553,0.0,0.0,0.0,0.0,0.0,0.0,0.0,0.0,0.0,0.0,0.0,0.0,18.51,0.0,689.474,759.145,73.057,371.451,3047.208,5975.058,188.235,26.193,465.265,0.0,3.201,20.655,0.0,0.0,0.0,70.457,338.521,0.0,0.0,13.867,0.0,0.0,3.973,0.0,0.0,0.0,0.0,0.0,0.0,0.0,0.0,0.0,0.0,0.0,0.0,67.763,0.0,0.0,0.0,0.0,0.0,0.0,8.854,0.0,0.0,0.0,0.0,0.0,0.0,0.0,29.617,0.0
Metallerzeugnisse,74.009,8.923,4.317,47.94,11.648,85.594,372.647,58.511,60.784,4.408,6.616,0.0,186.326,33.528,95.93,52.881,44.612,236.6,0.0,0.0,15738.985,495.927,996.057,7874.423,9621.071,2511.558,759.584,2316.257,7.89,90.425,65.556,461.253,1268.182,511.112,6160.494,1006.674,0.0,105.551,133.121,0.0,0.0,168.457,15.655,15.305,7.582,12.115,27.927,0.0,3.652,0.0,0.0,28.161,0.0,0.0,241.204,25.582,2.691,0.0,0.0,0.0,498.747,152.281,4.63,27.759,26.989,26.099,4.876,0.0,17.022,27.501,0.911
DV-Geräte, elektronische und optische Erzeugnisse,0.0,0.0,0.0,0.0,0.0,3.113,26.921,2.734,0.0,4.408,68.81,0.0,13.451,32.187,0.883,0.0,0.0,26.557,0.0,8.111,48.47,1140.975,494.006,195.202,266.863,58.64,490.982,727.775,497.081,58.416,29.635,0.802,4.635,0.0,20.987,16.296,37.158,35.78,19.414,0.0,0.043,25.427,36.528,8.503,16.006,208.545,1119.877,74.773,24.648,0.826,3.704,0.971,31.298,18.56,160.534,10.586,19.737,5.557,0.0,0.151,210.136,245.243,11.112,93.456,130.73,119.55,12.19,11.387,7.167,23.27,11.843
Elektrische Ausrüstungen,14.297,1.622,0.0,0.0,0.777,6.225,1.417,3.828,0.0,0.0,3.308,0.0,26.404,0.0,2.207,0.696,0.0,65.99,0.0,12.883,91.045,109.585,4670.349,1516.517,1870.041,150.119,176.671,558.587,1311.203,0.0,16.164,0.0,20.395,16.056,4501.755,48.149,92.896,33.991,70.259,0.0,0.043,85.023,3.479,286.55,4.212,4.327,82.85,0.831,3.652,0.0,0.926,2.913,0.0,0.0,81.477,11.468,0.897,0.0,0.0,0.0,133.406,30.987,0.0,4.627,5.904,21.889,8.939,0.949,1.792,20.45,73.79
Maschinen,424.712,120.862,0.0,2.438,8.542,31.125,505.836,31.716,0.0,7.163,46.315,0.0,66.26,6.706,15.007,23.657,66.513,82.086,0.0,9.543,704.125,64.032,213.407,23091.134,1684.571,471.467,147.397,1184.312,16.498,20.006,175.115,2.407,0.0,15.164,1774.918,156.297,35.389,100.184,12.942,0.0,0.0,11.124,14.785,79.928,3.37,1.731,46.545,0.0,0.0,0.0,0.0,0.0,0.0,0.0,98.418,1.764,5.383,0.0,0.0,0.0,28.774,29.217,0.0,0.0,68.317,18.522,4.063,0.0,0.0,20.45,4.555
Kraftwagen und Kraftwagenteile,165.68,3.245,0.0,0.0,0.0,0.778,0.0,0.0,0.0,0.0,0.0,0.0,0.0,0.0,0.0,0.0,0.0,0.0,0.0,0.0,18.995,0.0,12.776,2813.996,65829.048,0.0,1.027,61.767,23.671,17.605,19.757,0.0,0.0,0.0,0.0,2105.201,0.0,0.0,901.343,0.0,0.0,437.034,0.0,0.0,0.0,0.0,0.0,0.0,0.913,0.0,0.0,0.0,0.0,0.0,542.911,0.0,0.0,0.0,0.0,0.0,0.0,53.121,0.0,0.0,0.0,0.0,0.0,0.949,0.0,0.0,0.0
Sonstige Fahrzeuge,2.523,0.0,0.0,0.0,0.0,0.0,0.0,0.0,0.0,0.551,0.0,0.0,0.0,0.0,0.0,0.0,2.433,0.0,0.0,0.0,0.0,0.0,0.0,0.0,0.0,5562.018,0.0,1520.673,2.152,0.0,0.898,0.802,0.0,0.0,0.0,2.222,0.0,0.894,10.169,0.0,14.693,0.0,0.0,0.0,0.0,0.0,0.0,0.831,0.0,0.0,0.0,0.0,0.0,5.303,29.041,0.0,0.0,0.0,0.0,0.0,33.134,2585.233,0.0,0.0,0.0,0.0,0.813,2.847,0.0,0.0,0.0
Möbel und Waren, a.n.g.,0.841,0.0,0.0,0.0,0.777,0.0,0.0,8.203,3.286,0.0,1.985,0.0,0.498,0.0,0.0,0.0,0.0,1.61,0.0,0.477,4.585,120.759,0.0,0.0,11.342,0.0,611.16,9.399,0.717,0.0,0.0,0.0,12.051,1.784,5.996,0.0,2.654,0.0,2.773,0.0,0.0,0.795,0.0,3.401,0.0,0.0,2.793,0.0,0.913,0.0,0.0,0.971,0.0,0.0,43.562,0.0,13.457,0.0,0.0,0.0,0.872,6.197,0.0,31.461,1755.998,188.586,9.752,0.949,46.587,0.0,0.0
Rep., Instandh. u. Inst. v. Maschinen u. Ausrüst.,45.415,6.489,0.54,319.329,25.626,87.929,590.143,128.506,262.851,324.54,63.517,0.0,835.477,0.0,52.968,116.895,556.434,1595.841,0.0,266.247,1586.409,358.408,441.01,2663.891,3339.121,287.923,179.753,723.746,1491.959,100.828,54.78,4.813,0.0,3.568,113.931,13.333,4.424,152.065,1055.727,0.0,29.471,39.73,20.003,34.862,2.527,60.573,588.331,0.0,2.739,0.0,0.0,56.322,0.0,13.257,811.543,3.529,141.748,0.0,94.565,0.0,88.937,307.218,0.926,46.266,201.577,186.06,4.876,0.949,0.0,0.0,7.288
Elektr.Strom,DL d.Elektriz.-,Wärme-u.Kälteversorg.,670.289,6.489,7.015,121.881,28.732,281.683,1234.836,176.081,277.636,626.489,136.959,0.0,1413.385,11.847,234.676,231.006,898.731,1596.646,0.0,306.804,991.669,202.84,251.262,871.643,1011.41,72.714,131.99,154.417,17896.338,666.585,933.948,0.0,242.883,0.0,347.038,674.079,1957.89,3678.175,2214.069,0.0,0.428,448.953,440.942,1886.81,161.747,167.875,741.93,190.255,580.603,121.451,47.232,929.32,379.147,207.694,708.285,55.575,251.199,78.724,27.397,2.489,701.036,1613.115,22.223,953.995,1785.518,900.834,212.92,232.493,192.618,29.617,782.538
Indust.erz.Gase, Dienstleistungen d.Gasversorgung,0.0,0.0,0.0,2.438,0.0,166.52,672.323,51.949,54.213,346.029,55.578,0.0,341.265,4.47,28.838,155.164,245.772,993.88,0.0,58.689,265.275,24.496,54.416,59.269,110.748,12.314,29.788,24.841,1385.801,1726.878,0.0,5.615,6.489,8.92,59.963,151.112,188.446,449.932,20.338,0.0,0.0,1.589,7.827,210.874,22.746,23.364,18.618,14.955,75.77,41.31,10.187,7.769,79.585,32.701,61.309,17.643,20.634,7.409,4.419,0.075,65.395,281.542,5.556,175.809,166.997,76.613,24.38,5.694,40.315,8.462,0.911
Wasser, Dienstleistungen der Wasserversorgung,111.014,0.811,0.54,19.501,0.0,37.35,222.455,18.046,6.571,66.671,8.601,0.0,111.098,0.894,7.504,17.395,64.079,73.233,0.0,15.269,88.425,21.058,26.498,81.817,80.726,2.932,12.839,16.113,7.89,0.0,4.49,20.857,22.249,17.84,62.212,37.037,46.006,71.56,37.903,0.0,0.043,29.4,26.961,261.041,21.903,6.057,27.927,14.955,39.255,21.481,0.926,22.335,79.585,30.049,64.536,13.232,22.428,5.557,3.535,0.075,69.755,103.586,29.631,182.286,171.214,96.819,25.193,152.781,24.189,3.526,204.061
DL d. Abwasser-, Abfallentsorgung u. Rückgewinnung,729.16,12.978,2.158,31.689,0.0,322.924,1669.827,193.033,252.172,1608.926,15.218,0.0,879.816,1.118,337.227,356.25,444.499,1322.222,0.0,338.773,787.31,34.809,52.997,130.779,232.171,4.691,102.202,27.527,92.53,7.202,0.0,7437.002,14.833,18.732,176.143,167.409,314.961,1055.508,73.956,0.0,0.0,115.218,55.661,1233.782,71.607,36.344,103.33,96.374,263.827,78.489,11.113,55.351,215.506,83.962,267.019,30.875,59.211,44.456,19.443,0.0,667.03,2221.353,79.633,229.477,694.977,415.057,85.33,222.054,77.047,20.45,355.285
Hochbauarbeiten,13.456,0.811,0.54,2.438,0.0,3.113,9.21,2.187,1.643,0.551,1.985,0.0,12.455,0.0,0.441,1.392,0.0,2.414,0.0,1.431,5.24,0.0,3.312,18.683,16.679,0.0,0.514,2.014,7.173,22.406,21.553,5.615,1991.268,1174.756,640.11,11.111,12.386,35.78,23.111,0.0,0.0,50.06,13.915,5.102,5.897,12.115,45.614,4.154,0.0,0.0,0.926,2081.016,10.731,2.651,23.394,2.646,8.074,4.631,0.0,0.038,32.262,36.3,4.63,148.05,41.328,28.625,6.501,0.0,9.855,1.41,3.644
Tiefbauarbeiten,0.0,0.0,0.0,0.0,0.0,0.0,0.0,0.0,0.0,0.0,0.0,0.0,0.0,0.0,0.0,0.0,0.0,0.0,0.0,0.0,0.0,0.0,0.0,0.0,0.0,0.0,0.0,0.0,783.996,192.853,0.0,1116.633,0.0,0.0,0.0,0.0,1.769,0.0,0.0,0.0,0.0,1071.13,0.0,0.0,0.0,0.0,0.0,0.0,0.0,0.0,0.0,6423.669,0.0,0.0,34.688,0.0,0.0,0.0,0.0,0.0,0.0,0.0,0.0,0.0,916.796,0.0,0.0,0.0,0.0,0.0,0.0
Vorb.Baustellen-,Bauinstallations-,Ausbauarbeiten,666.925,110.317,3.777,102.38,0.0,159.517,779.3,126.866,143.746,139.954,175.334,0.0,448.377,24.811,55.027,45.923,248.205,758.085,0.0,85.409,417.89,125.056,171.293,474.153,553.74,26.388,90.904,89.965,1522.085,239.266,354.721,1963.734,5703.111,1840.183,11167.441,542.226,1177.565,1925.854,901.343,0.0,1.028,1671.058,696.636,1530.535,439.749,486.317,1259.513,378.848,728.492,372.615,21.301,32840.827,1526.426,611.593,632.455,285.813,684.517,376.949,365.003,3.394,2106.595,6419.7,849.106,2263.309,2010.711,1016.174,509.545,142.343,694.32,20.45,337.065
Handelsleistungen mit Kfz, Instandh. und Reparatur,92.512,15.412,0.0,5.688,0.0,59.916,195.533,13.671,78.855,35.264,25.142,0.0,29.394,0.0,0.0,6.958,140.325,28.167,0.0,0.0,90.39,27.504,26.025,838.143,14584.719,463.257,40.573,35.583,58.1,28.008,5.388,346.541,121.441,82.955,374.022,1890.385,49.544,2083.286,1727.806,0.0,0.086,2460.898,3385.775,215.976,75.819,38.075,198.283,0.0,84.899,53.703,50.936,20.393,197.622,85.729,462.241,62.632,115.731,775.2,3.535,0.754,170.899,779.111,39.816,140.647,151.815,106.079,62.576,11.387,12.543,9.167,12.754
Großhandelsleistungen (oh.Handelsleistungen m.Kfz),2681.996,320.405,18.886,52.815,13.978,357.162,7417.517,846.5,1232.934,757.628,535.265,0.0,2448.639,240.06,249.242,349.292,1769.883,2036.85,0.0,310.144,2895.753,1921.824,1914.985,4959.926,5504.712,805.129,1809.342,2289.402,1433.859,76.021,155.359,1196.851,2066.358,1866.051,10995.046,1094.082,4427.15,2324.8,887.477,0.0,1.371,677.005,277.437,4339.918,442.277,210.276,710.28,311.552,151.541,79.315,67.606,194.215,533.847,507.304,906.734,190.542,505.987,87.059,47.724,1.056,2046.431,2702.1,106.485,817.049,5424.028,1960.786,366.514,123.364,369.109,119.878,678.686
Einzelhandelsleistungen (ohne Handelsleist.m.Kfz),1385.992,44.613,10.252,18.688,4.659,103.491,3846.907,279.979,661.234,142.159,144.237,0.0,681.534,80.914,104.317,121.069,560.49,191.533,0.0,67.755,721.81,1473.169,845.111,1284.595,1981.456,1210.333,878.221,755.301,436.111,40.011,53.882,95.459,520.066,336.282,2887.239,431.855,721.933,853.351,281.034,0.0,1.671,145.413,108.714,4659.63,276.318,73.553,317.438,94.712,77.596,41.31,51.862,125.269,395.243,334.962,377.537,140.26,564.301,56.496,51.26,0.415,904.197,1747.688,65.743,657.896,7576.433,3207.641,293.374,92.997,200.681,59.939,398.101
Landverkehrs- u. Transportleist. in Rohrfernleit.,100.081,21.09,0.0,16.251,15.531,185.973,1459.416,75.463,340.885,388.456,33.082,0.0,703.953,0.0,95.93,34.79,1331.874,1859.803,0.0,45.806,244.315,186.939,136.751,567.567,1862.035,21.11,318.419,113.463,592.48,475.332,22.451,8.824,95.484,82.955,150.658,142.964,12292.332,2059.134,5933.151,0.0,0.0,11834.082,0.0,5.952,340.342,61.439,12.102,28.247,87.638,20.655,5.557,0.0,18.779,2.651,829.291,0.882,32.297,0.0,0.0,212.13,132.534,1642.331,6.482,4100.05,11.808,0.0,12.19,13.285,680.881,3.526,6.377
Schifffahrtsleistungen,0.841,0.0,1.079,0.813,0.777,23.344,16.294,0.0,0.0,6.612,0.0,0.0,26.404,0.0,2.207,0.0,11.356,34.605,0.0,0.0,2.62,3.438,2.839,0.0,0.0,0.0,4.109,0.0,51.645,0.0,0.0,0.0,0.0,0.0,0.0,0.0,921.881,0.0,0.0,0.0,0.0,50.06,0.0,0.0,0.0,0.0,0.0,0.831,0.0,0.0,0.0,0.0,0.0,0.0,4.034,0.0,0.0,0.0,0.0,3.922,0.0,0.885,0.0,0.0,0.0,0.0,0.0,0.0,0.0,0.0,0.0
Luftfahrtleistungen,2.523,0.811,0.0,1.625,1.553,7.781,17.003,4.922,6.571,7.163,2.647,0.0,32.383,1.565,2.06,2.087,4.867,7.243,0.0,0.477,94.975,354.97,108.833,505.076,265.528,76.819,61.63,123.534,0.0,3.201,0.898,4.813,4.635,2.676,8.995,0.0,99.974,37.569,1.849,0.0,60.184,6.357,653.151,2.551,29.485,43.267,22.342,24.924,83.987,22.307,1.852,6.798,64.384,54.796,140.366,7.057,28.708,6.483,5.303,129.277,33.134,162.905,4.63,4.627,5.061,5.051,21.129,6.643,8.959,2.115,6.377
Lagereileist.,sonst. Dienstleistungen f.d. Verkehr,80.737,2.433,5.396,0.0,0.0,58.36,5037.111,64.526,142.104,13.775,23.819,0.0,192.802,0.0,86.072,21.57,472.888,206.824,0.0,36.74,276.41,303.401,45.899,1446.94,2713.328,5.278,112.988,209.47,38.016,44.012,39.513,0.0,126.077,56.196,448.227,41.482,33301.833,1805.991,14878.175,0.0,155.707,26106.018,9070.188,245.736,0.0,4.327,117.294,0.0,11.868,0.0,0.0,9.711,108.2,30.049,673.597,19.407,174.942,181.528,4.419,0.0,81.962,153.166,0.0,0.0,0.0,0.0,0.0,0.0,0.0,18.334,0.0
Post-, Kurier- und Expressdienstleistungen,0.0,0.811,0.0,4.875,0.0,70.81,213.245,68.354,0.0,12.673,125.711,0.0,691.498,104.16,29.868,2.783,15.411,8.852,0.0,14.791,303.92,471.861,555.048,1491.392,680.5,3.518,234.706,228.94,208.014,140.039,38.615,0.0,5.562,8.028,101.188,331.854,4966.831,12315.447,1903.452,0.0,5.397,424.32,2589.122,1002.501,470.919,169.605,2344.016,0.0,639.028,542.812,421.38,91.281,726.997,275.747,471.921,195.835,297.85,60.201,1073.8,4.488,416.785,1295.273,203.711,11.104,323.029,307.294,325.881,0.949,99.444,21.86,66.502
Beherbergungs- und Gastronomiedienstleistungen,0.0,0.811,0.0,0.0,0.0,1.556,0.0,0.0,0.0,0.0,0.0,0.0,122.557,2.012,0.0,0.0,0.0,0.0,0.0,0.0,164.405,0.0,21.293,278.307,12.676,0.0,0.0,34.24,0.0,0.0,0.0,0.0,306.848,189.103,247.349,0.0,1063.436,262.088,796.88,0.0,27.929,736.601,18.264,55.269,140.686,462.088,128.465,77.265,171.625,20.655,324.138,70.889,143.075,47.725,37.915,34.403,35.886,0.0,3.535,6.713,121.199,796.818,0.0,0.0,91.933,38.727,159.283,548.493,393.298,0.0,62.858
Dienstleistungen des Verlagswesens,9.251,4.056,0.0,3.25,0.0,10.116,92.808,14.218,1.643,11.571,22.496,0.0,70.246,16.764,5.002,7.654,15.411,25.752,0.0,4.294,41.265,42.975,43.06,50.25,148.109,7.037,13.867,15.442,27.257,12.003,8.98,130.755,15.76,7.136,80.201,72.593,266.301,949.062,131.273,0.0,0.6,46.087,51.313,464.262,1160.029,71.823,125.672,200.224,199.012,107.406,180.591,293.265,989.897,799.844,295.253,336.977,786.791,164.857,169.687,1.282,1205.886,1376.725,193.526,874.418,439.421,500.931,611.941,99.64,441.677,9.872,57.392
DL v. audiovis.Med., Musikverlag. u.RF-veranstalt.,0.0,0.0,0.0,0.0,0.0,1.556,109.81,0.0,0.0,0.0,0.0,0.0,0.0,0.0,0.0,0.0,0.0,0.0,0.0,0.0,0.0,29.223,0.0,0.0,0.0,44.567,0.0,0.0,12.194,0.8,0.898,0.0,0.0,0.0,0.0,0.0,11.501,99.289,48.996,0.0,0.0,0.0,0.0,325.664,67.395,6386.157,0.0,86.404,28.3,34.7,0.926,9.711,133.238,45.074,17.747,3607.063,34.091,8.335,19.443,0.0,59.292,370.078,0.0,41.639,104.584,52.198,203.168,54.09,78.839,0.0,10.932
Telekommunikationsdienstleistungen,62.235,9.734,0.0,61.753,11.648,38.128,165.778,7.656,31.214,40.223,31.097,0.0,129.531,6.706,27.955,34.79,114.369,39.433,0.0,26.72,202.395,190.377,150.0,345.951,424.312,71.541,46.736,124.876,60.252,73.62,22.451,149.205,52.841,20.516,292.322,83.704,919.226,970.53,252.376,0.0,2.185,240.766,1682.886,873.255,1778.373,965.712,15029.442,707.016,820.695,445.321,225.971,553.513,519.539,482.558,271.859,686.303,448.57,143.556,655.769,48.045,386.267,1145.648,370.384,143.423,217.602,337.602,432.341,146.138,80.631,29.617,284.228
IT- und Informationsdienstleistungen,14.297,1.622,0.0,10.563,11.648,63.807,338.641,54.683,62.427,122.873,159.455,0.0,712.92,127.183,48.848,48.01,201.971,229.357,0.0,83.977,837.089,429.316,468.928,1637.633,1302.958,225.765,148.938,412.898,470.541,55.215,0.0,1362.1,58.403,30.328,544.918,328.891,3545.082,2196.887,1220.28,0.0,16.363,1838.721,1513.293,240.634,3179.337,794.376,3673.346,38792.853,5007.241,1384.708,582.523,598.183,2549.409,1075.591,2075.646,801.864,898.934,812.246,630.139,20.063,1272.153,2222.238,2384.349,1962.583,1722.262,866.316,266.556,95.844,148.719,16.219,314.291
Finanzdienstleistungen,544.978,42.18,2.698,17.063,12.425,77.035,760.172,69.448,143.746,111.853,95.276,0.0,283.474,25.705,57.676,41.052,164.659,177.852,0.0,43.897,480.77,169.32,226.183,721.538,998.734,120.212,149.452,207.456,334.974,93.626,44.901,267.928,708.254,358.582,1837.879,863.71,1967.622,2457.186,836.632,0.0,5.097,692.103,323.532,1073.926,313.385,186.912,539.924,619.782,17372.435,1455.761,1087.253,21477.293,1350.266,755.654,794.602,291.988,697.077,702.959,328.768,6.939,867.575,1312.094,762.066,341.439,1997.216,506.824,208.044,126.21,861.852,50.066,720.591
Dienstleistungen v.Versicherungen u.Pensionskassen,391.913,12.167,0.54,10.563,5.436,87.151,357.061,12.03,130.604,88.16,72.78,0.0,322.334,0.447,42.08,30.615,149.248,50.7,0.0,16.223,96.94,51.57,48.265,209.375,261.526,25.802,71.901,49.011,658.47,142.439,73.638,451.627,152.961,98.119,538.172,242.965,432.629,1406.151,2949.935,0.0,3.727,1204.624,80.883,222.778,105.304,84.803,97.745,68.126,958.542,5171.172,1591.982,110.703,308.504,129.919,283.959,44.107,83.434,1237.356,49.492,0.603,305.177,1795.497,21.297,1347.252,346.645,260.147,75.578,17.081,233.829,11.283,59.214
Mit Finanz- u.Versicherungs-DL verbundene Dienstl.,0.0,0.0,0.0,0.0,0.0,0.0,0.0,0.0,0.0,0.0,0.0,0.0,8.469,0.0,0.0,0.0,0.0,0.0,0.0,0.0,0.0,0.0,31.703,0.0,0.0,0.0,0.0,0.0,10.759,0.0,0.0,0.0,0.0,0.0,0.0,0.0,0.0,0.0,0.0,0.0,0.0,0.0,0.0,0.0,0.0,0.0,0.0,0.0,7071.302,16250.486,3149.699,0.0,0.0,0.0,12.907,0.0,0.0,26.859,0.0,0.0,0.0,4.427,0.0,0.0,0.0,0.0,0.0,0.0,0.0,0.0,0.0
Dienstleistungen d. Grundstücks- u. Wohnungswesens,342.293,10.545,0.54,4.875,1.553,21.01,2055.226,154.754,348.277,234.727,304.354,0.0,492.219,0.0,122.12,92.541,492.355,188.314,0.0,58.689,1148.214,299.103,385.174,1528.758,1937.424,180.612,356.424,410.884,718.723,128.836,47.595,587.195,11648.177,4013.972,4652.413,3917.807,8449.983,18152.941,619.385,0.0,2.099,1522.467,544.437,5709.747,706.8,809.086,4666.621,185.27,5245.508,2097.716,1063.174,16306.312,6193.338,4047.828,1137.451,931.538,1177.944,721.482,2467.53,13.011,4298.639,4953.554,712.064,545.933,2845.696,1933.846,200.73,309.358,763.304,27.501,708.748
DL der Rechts-, Steuer- und Unternehmensberatung,84.942,3.245,0.54,21.126,42.709,88.707,2658.121,57.964,146.211,248.502,224.957,0.0,1082.582,90.973,132.125,202.478,317.151,531.142,0.0,83.023,513.52,338.64,823.817,3475.621,3343.791,169.47,256.79,617.668,63.839,56.816,7.184,501.362,445.903,234.594,1103.327,1120.008,4353.719,4390.196,717.377,0.0,0.942,136.672,199.163,326.514,822.213,399.784,602.295,1326.798,7402.684,3289.094,2021.697,13064.859,38199.105,11597.294,1248.776,747.171,3682.757,1058.606,456.033,18.253,12483.492,1680.401,588.911,158.228,996.078,674.362,188.54,93.946,374.485,13.398,247.789
DL v. Arch.-/Ing.-büros,techn.,phys.,chem.Unters.,229.597,6.489,0.0,26.001,28.732,283.24,524.965,0.0,177.424,183.484,8.601,0.0,914.192,129.194,184.209,121.765,753.539,269.595,0.0,71.095,694.955,479.167,865.931,1236.277,1054.108,446.838,56.494,614.983,1296.14,291.281,331.372,2738.639,763.876,408.533,1239.744,18.519,308.768,428.464,1725.033,0.0,6.168,1272.96,51.313,106.287,106.989,23.364,272.755,365.555,524.003,95.839,89.833,1387.668,982.743,2062.802,790.569,141.142,374.107,471.418,54.795,0.226,710.627,1302.355,12.963,231.328,132.417,60.617,14.628,22.775,227.558,20.45,36.439
Forschungs- und Entwicklungsleistungen,0.0,0.0,0.0,0.0,0.0,0.0,0.0,0.0,0.0,0.0,0.0,0.0,0.0,0.0,0.0,0.0,0.0,0.0,0.0,0.0,0.0,0.0,0.0,0.0,0.0,0.0,0.0,0.0,0.0,0.0,0.0,0.0,0.0,0.0,0.0,0.0,0.0,0.0,0.0,0.0,0.0,0.0,0.0,0.0,0.0,0.0,0.0,0.0,0.0,0.0,0.0,0.0,0.0,0.0,705.865,0.0,0.0,0.0,0.0,0.0,0.0,0.0,0.0,0.0,0.0,0.0,0.0,0.0,0.0,0.0,0.0
Werbe- und Marktforschungsleistungen,3.364,2.433,0.54,2.438,0.777,74.701,2362.695,49.215,14.785,40.774,11.248,0.0,621.252,148.194,39.431,24.353,84.357,12.071,0.0,7.634,102.18,171.898,119.243,193.269,703.183,15.246,217.758,69.152,60.969,32.009,61.964,21.659,0.927,0.892,56.216,786.673,885.607,1558.215,152.535,0.0,1.414,21.454,188.727,62.072,518.938,154.895,181.526,0.0,308.559,305.693,9.261,12.624,188.68,80.426,292.026,101.446,34.988,232.467,159.081,6.713,106.376,151.395,80.559,20.357,31.207,24.415,67.452,106.282,8.063,6.346,30.063
Sonst. freiberufl.,wiss.,techn. u.veterinärmed. DL,909.137,0.0,0.0,6.5,18.637,21.788,249.376,538.632,13.143,40.223,37.713,0.0,298.42,14.529,24.277,15.308,120.858,53.919,0.0,7.634,152.615,169.75,166.562,465.134,706.519,36.357,460.681,98.021,159.955,37.61,8.98,219.797,65.819,36.572,82.45,157.779,506.946,529.543,243.132,0.0,0.3,31.784,49.573,176.862,1405.176,248.351,347.227,0.0,1820.317,1137.674,1051.134,1001.18,2382.191,726.488,291.22,280.52,633.38,220.427,92.797,0.415,903.325,679.066,125.931,47.191,303.631,170.906,235.674,333.082,124.53,6.346,42.816
Dienstleist. der Vermietung v. beweglichen Sachen,1460.001,60.025,0.0,8.125,5.436,113.607,742.46,22.42,313.778,196.708,412.201,0.0,91.17,0.0,78.716,48.01,476.133,136.809,0.0,56.78,510.9,96.263,113.092,209.375,41.364,12.901,144.316,157.103,1081.67,207.257,22.451,1151.127,2315.73,1684.976,3024.406,257.78,4150.232,2741.636,1487.448,0.0,28.186,1258.657,327.88,859.651,469.234,544.294,572.506,705.355,594.296,364.353,749.223,120.413,0.0,5.303,345.269,64.396,0.0,11723.393,7.07,17.649,1022.78,813.64,103.708,650.493,770.042,570.809,210.482,291.328,375.381,34.553,472.802
DL d. Vermittlung u. Überlassung v. Arbeitskräften,2544.069,103.016,1.619,30.064,3.883,87.151,1554.349,79.291,151.139,111.853,89.983,0.0,352.225,78.455,150.222,103.674,307.418,189.924,0.0,156.981,1465.234,305.549,395.111,2031.257,2258.326,739.452,291.2,938.587,70.294,13.604,0.0,333.706,135.347,104.363,116.929,92.593,443.246,362.272,322.635,0.0,2.142,2220.132,280.916,319.712,34.54,40.671,209.453,687.077,54.774,23.134,0.0,135.951,397.032,321.705,751.04,52.928,34.091,200.052,167.919,0.905,946.049,7.083,0.0,1.851,551.596,257.622,9.752,10.438,6.271,31.027,40.083
DL v. Reisebüros, -veranstaltern u. sonst. Reserv.,3.364,0.811,0.0,0.0,0.0,0.778,68.012,1.094,0.821,1.102,1.323,0.0,39.358,5.812,0.883,0.696,3.245,3.219,0.0,0.954,53.055,19.339,26.498,95.99,140.77,16.419,11.812,22.827,45.906,4.801,16.164,4.011,8.343,4.46,19.488,8.889,30.965,30.413,1207.338,0.0,10.366,0.0,5.218,123.293,2.527,38.94,7.447,69.788,74.858,35.527,17.596,33.988,84.95,8.838,46.789,3.529,3.589,10.188,4.419,3.281,12.207,154.937,3.704,52.743,21.929,9.261,117.025,454.547,4.479,0.0,5.466
Wach-, Sicherheits-DL, wirtschaftliche DL a.n.g,236.325,45.425,1.079,24.376,17.084,301.137,1907.159,186.471,193.852,278.256,193.86,0.0,1322.713,86.502,100.785,87.671,412.865,333.171,0.0,93.52,545.615,446.506,496.846,1782.584,2275.005,268.572,308.148,423.64,1252.385,85.624,11.674,1099.787,597.01,330.038,2401.536,852.599,8104.941,5597.768,1337.686,0.0,4.712,1281.701,727.946,1347.721,2507.919,1457.221,1157.113,353.093,5420.784,2068.799,1363.233,3683.292,3110.976,1706.628,1165.686,432.248,1085.539,1575.406,291.649,15.839,4071.064,5901.768,740.769,1451.812,3559.228,1783.145,559.117,341.622,241.892,21.86,1453.025
DL d. öffentlichen Verwaltung und der Verteidigung,240.53,68.948,1.619,0.0,17.86,283.24,933.034,73.276,138.818,136.097,91.306,0.0,441.403,51.186,65.327,52.185,343.108,202.8,0.0,60.597,296.715,152.99,228.076,335.0,645.808,51.603,115.042,116.82,6217.453,232.064,148.175,506.977,1502.721,848.286,1222.505,201.483,510.485,758.534,488.112,0.0,1.628,270.961,89.58,510.178,116.256,159.221,156.392,400.449,364.246,127.234,25.931,2151.905,2935.71,1399.064,387.217,510.758,894.448,318.601,148.476,0.603,1572.971,2900.419,655.58,314.605,456.29,232.365,98.333,70.222,510.661,7.052,55.57
Dienstleistungen der Sozialversicherung,0.0,0.0,0.0,0.0,0.0,0.0,0.0,0.0,0.0,0.0,0.0,0.0,0.0,0.0,0.0,0.0,0.0,0.0,0.0,0.0,0.0,0.0,0.0,0.0,0.0,0.0,0.0,0.0,0.0,0.0,0.0,0.0,0.0,0.0,0.0,0.0,0.0,0.0,0.0,0.0,0.0,0.0,0.0,0.0,0.0,0.0,0.0,0.0,0.0,0.0,0.0,0.0,0.0,0.0,10.487,0.0,0.0,0.0,0.0,0.0,0.0,2842.871,0.0,0.0,0.0,0.0,0.0,0.0,0.0,0.0,0.0
Erziehungs- und Unterrichtsdienstleistungen,18.502,0.0,0.0,0.0,0.0,0.778,119.02,0.0,0.0,0.0,0.0,0.0,105.618,10.505,0.883,0.0,0.0,0.0,0.0,0.0,90.39,33.52,120.663,201.644,881.982,52.19,9.758,52.368,29.409,0.0,0.0,20.857,0.0,0.0,11.243,2.222,0.0,35.78,101.69,0.0,2.484,10.33,107.844,0.0,92.667,64.035,224.348,749.388,1133.818,144.585,53.714,845.807,25.932,40.655,1867.517,16.761,67.285,0.926,0.0,0.0,160.436,3146.547,493.537,12846.083,196.517,362.017,62.576,64.529,274.144,2.821,0.911
Dienstleistungen des Gesundheitswesens,19.343,0.0,0.0,0.0,0.0,0.0,11.335,0.0,0.0,0.0,0.0,0.0,17.935,0.0,2.207,0.0,0.0,12.876,0.0,0.0,0.655,9.025,6.625,6.442,39.362,0.0,0.0,2.014,0.0,0.0,20.655,0.0,0.0,0.0,0.0,0.0,15.925,86.766,0.0,0.0,0.0,0.0,0.0,73.976,0.0,0.0,0.0,0.0,0.0,11.567,0.0,0.0,5.365,2.651,276.699,0.0,108.554,0.0,0.0,0.0,28.774,268.262,33.335,414.539,7619.447,2598.947,0.0,245.778,0.0,0.0,0.0
Dienstleistungen von Heimen und des Sozialwesens,0.0,0.0,0.0,0.0,0.0,0.0,0.0,0.0,0.0,0.0,0.0,0.0,0.0,0.0,0.0,0.0,0.0,0.0,0.0,0.0,0.0,0.0,0.0,0.0,0.0,0.0,0.0,0.0,0.0,0.0,0.0,0.0,0.0,0.0,0.0,0.0,0.0,0.0,0.0,0.0,0.0,0.0,0.0,0.0,0.0,0.0,0.0,0.0,0.0,0.0,0.0,0.0,0.0,0.0,0.0,0.0,0.0,0.0,0.0,0.0,0.0,0.0,0.0,0.0,0.0,734.979,0.0,0.0,0.0,0.0,0.0
Dienstleist. der Kunst, Kultur u. des Glücksspiels,0.0,0.0,0.0,0.0,0.0,0.0,0.0,0.0,0.0,0.0,13.233,0.0,2.989,0.0,0.147,0.0,0.0,0.0,0.0,0.0,0.655,0.859,0.0,2.577,3.336,0.586,0.514,1.343,5.021,0.0,0.0,0.0,0.0,0.0,0.75,0.741,3.539,6.261,0.0,0.0,0.043,0.795,0.0,49.317,1229.108,1223.581,14.894,0.0,20.084,6.61,1.852,0.971,24.144,3.535,18.554,1.764,3.589,0.0,0.884,0.189,8.719,285.969,0.0,45.34,1.687,0.0,1186.499,464.986,115.571,0.705,0.0
DL des Sports, der Unterhaltung und der Erholung,0.0,0.0,0.0,0.0,0.0,0.0,136.732,0.0,0.0,0.0,0.0,0.0,5.48,2.012,0.0,0.0,0.0,0.805,0.0,0.0,0.0,0.0,0.0,9.019,38.028,0.0,0.0,0.0,0.0,0.0,8.082,0.0,0.0,0.0,0.0,2.963,0.0,7.156,0.0,0.0,0.0,0.0,14.785,0.0,0.0,0.0,90.298,0.0,490.226,87.577,0.0,0.0,0.0,0.0,87.931,0.0,0.0,0.0,0.0,0.0,3.488,4536.553,8.334,953.07,70.004,0.0,0.0,4758.039,688.944,0.0,0.0
DL d. Interessenvertr., kirchl. u.sonst. Vereinig.,58.871,4.867,1.619,28.439,1.553,31.125,199.784,27.889,13.964,25.346,37.713,0.0,69.249,4.917,8.975,13.22,25.145,37.824,0.0,13.837,56.33,42.975,37.855,63.135,80.726,9.969,20.543,16.784,90.378,24.007,0.898,132.36,127.004,79.387,418.995,156.297,280.457,1191.471,146.988,0.0,0.171,291.621,0.0,69.724,97.722,42.401,4.655,58.987,280.259,95.013,21.301,12.624,605.384,258.071,88.737,49.4,95.994,37.047,29.165,1.697,178.747,119.523,63.891,54.593,388.816,72.403,68.264,8.541,8.959,3.526,160.334
Reparaturarbeiten an DV-Geräten u. Gebrauchsgütern,0.0,0.0,0.0,0.0,0.0,0.0,42.507,12.577,18.892,11.571,13.233,0.0,28.895,2.906,2.796,13.916,19.467,13.681,0.0,2.386,11.79,42.975,29.338,39.298,43.365,11.728,12.839,0.0,0.0,37.61,21.553,0.0,18.541,21.408,16.49,0.0,15.925,236.147,43.449,0.0,2.57,17.481,0.0,116.491,26.958,22.499,34.443,54.833,71.206,51.224,40.749,16.508,71.537,54.796,39.528,23.818,45.754,22.228,0.0,1.961,35.749,47.809,18.519,103.635,47.231,25.257,0.0,0.0,2.688,0.0,0.0
Sonstige überwiegend persönliche Dienstleistungen,10.092,0.811,0.0,6.5,2.33,13.228,85.723,3.281,2.464,6.061,9.925,0.0,18.931,0.0,2.354,0.696,8.111,13.681,0.0,5.249,12.445,19.768,17.508,29.635,14.677,0.0,9.758,7.385,15.063,15.204,0.0,114.712,5.562,1.784,19.488,14.815,84.049,155.643,15.716,0.0,0.043,15.098,3.479,437.903,9.267,33.748,80.989,81.419,86.725,36.353,6.483,52.438,757.401,161.736,57.276,54.693,69.08,61.127,32.7,1.358,7.847,46.924,3.704,22.207,498.461,346.863,213.732,202.126,2.688,2.115,5340.208
