user,s1,s2,s3,s4,s5,s6,s7,s8,s9,s10,s11,s12,s13,s14,s15,s16,s17,s18,s19,s20,s21,s22,s23,s24,s25,s26,s27,s28,s29,s30,s31,s32,s33,s34,s35,s36,s37,s38,s39,s40,s41,s42,s43,s44,s45,s46,s47,s48,s49,s50,s51,s52,s53,s54,s55,s56,s57,s58,s59,s60,s61,s62,s63,s64,s65,s66,s67,s68,s69,s70,s71
"Erz. d. Landwirtschaft, Jagd und Dienstleistungen",0.2723573100010174,0.002340014243564961,0.0,6.782649981347713e-5,0.0,0.0014921829958964967,0.0763387255400685,0.0009156577474819412,0.0010173974972021568,0.0,0.000542611998507817,0.02512971818089327,0.028012344422966053,0.00020347949944043138,0.0015260962458032354,0.0010173974972021568,0.005934818733679249,0.0005765252484145556,0.0,0.0,0.0029843659917929933,0.0,0.0005765252484145556,0.017126191202902975,0.006680910231627497,0.00010173974972021569,3.3913249906738565e-5,0.0018313154949638824,0.027028860175670633,0.0,0.00447654898768949,0.02940278766914233,0.000542611998507817,0.0,0.026893207176043682,0.003730457489741242,0.10814935395258927,0.05588903584630515,0.0040356767389018895,3.3913249906738565e-5,0.00010173974972021569,0.003255671991046902,0.0,0.0,0.00037304574897412417,0.0,0.0025095804930986535,0.0005765252484145556,0.021975785939566585,0.01580357445654017,0.0,0.013802692712042593,0.003425238240580595,0.009258317224539627,0.0,0.00013565299962695426,0.036660223149184386,0.058873401838098145,0.10258758096788416,0.00013565299962695426,0.009529623223793535,0.009699189473327229,0.0,0.0007460914979482483,0.0007800047478549869,0.0,0.0,0.0,0.0023739274934716993,0.0,0.00040695899888086275
Forstwirtschaftl. Erzeugnisse und Dienstleistungen,0.0032560032560032554,0.4053724053724053,0.0,0.0,0.0,0.0,0.0,0.0008140008140008139,0.0,0.0012210012210012208,0.0012210012210012208,0.04232804232804232,0.0028490028490028487,0.0,0.0028490028490028487,0.0,0.009768009768009766,0.0008140008140008139,0.0,0.0,0.004477004477004476,0.0,0.0008140008140008139,0.06064306064306063,0.0016280016280016277,0.0,0.0,0.0032560032560032554,0.0032560032560032554,0.0,0.00040700040700040693,0.006512006512006511,0.00040700040700040693,0.0,0.05535205535205535,0.007733007733007732,0.16076516076516073,0.022385022385022383,0.01058201058201058,0.0,0.00040700040700040693,0.0012210012210012208,0.00040700040700040693,0.00040700040700040693,0.0020350020350020344,0.0,0.004884004884004883,0.0008140008140008139,0.02116402116402116,0.006105006105006104,0.0,0.00529100529100529,0.0016280016280016277,0.0032560032560032554,0.0,0.0012210012210012208,0.0,0.03011803011803011,0.05168905168905168,0.00040700040700040693,0.02279202279202279,0.03459503459503459,0.0,0.0,0.0,0.0,0.0,0.0,0.0024420024420024416,0.0,0.00040700040700040693
"Fische, Fischerei- und Aquakulturerzeugnisse, DL",0.0,0.0,0.21782178217821785,0.0,0.0,0.0,0.0,0.06930693069306931,0.0049504950495049506,0.034653465346534656,0.0049504950495049506,0.05940594059405941,0.009900990099009901,0.0,0.0,0.0,0.0,0.0,0.0,0.0,0.039603960396039604,0.0,0.0,0.0,0.0,0.0,0.0,0.0049504950495049506,0.06435643564356436,0.0,0.0049504950495049506,0.019801980198019802,0.0049504950495049506,0.0,0.034653465346534656,0.0,0.17326732673267328,0.09405940594059406,0.0,0.009900990099009901,0.0,0.04950495049504951,0.0,0.0,0.0,0.0,0.0,0.0,0.024752475247524754,0.0049504950495049506,0.0,0.0049504950495049506,0.0049504950495049506,0.0,0.0,0.0049504950495049506,0.0,0.0,0.014851485148514853,0.0,0.009900990099009901,0.014851485148514853,0.0,0.0,0.0,0.0,0.0,0.0,0.014851485148514853,0.0,0.0
Kohle,0.0,0.0,0.0,0.06685044796691937,0.0,0.02067539627842867,0.0,0.0013783597518952446,0.024121295658166782,0.0027567195037904893,0.0034458993797381117,0.0,0.010337698139214336,0.0,0.0027567195037904893,0.0,0.0,0.00895933838731909,0.0,0.0,0.040661612680909724,0.0,0.0,0.0020675396278428673,0.0,0.0,0.0,0.2708476912474156,0.10337698139214337,0.0020675396278428673,0.01654031702274294,0.026878015161957272,0.0020675396278428673,0.0,0.08683666436940042,0.004824259131633356,0.044796691936595454,0.015851137146795313,0.013783597518952447,0.0006891798759476223,0.0013783597518952446,0.0,0.004135079255685735,0.0,0.0027567195037904893,0.0,0.052377670572019294,0.00895933838731909,0.01447277739490007,0.00895933838731909,0.0,0.004135079255685735,0.01791867677463818,0.022053756030323914,0.0,0.0020675396278428673,0.005513439007580979,0.006891798759476223,0.02549965541006203,0.0,0.02067539627842867,0.0,0.0,0.0,0.0,0.0,0.0,0.0,0.024121295658166782,0.0,0.005513439007580979
Erdöl und Erdgas,0.0,0.01303538175046555,0.0,0.0,0.0,0.2458100558659218,0.0,0.00186219739292365,0.00186219739292365,0.005586592178770951,0.0037243947858473,0.0074487895716946,0.0,0.0,0.00186219739292365,0.0,0.0,0.009310986964618248,0.0,0.0037243947858473,0.02793296089385475,0.0,0.00186219739292365,0.020484171322160148,0.0,0.0,0.00186219739292365,0.06145251396648045,0.06890130353817504,0.0,0.0,0.0,0.0,0.0,0.0,0.0,0.0335195530726257,0.011173184357541902,0.037243947858472994,0.00186219739292365,0.0037243947858473,0.0,0.0,0.0,0.0,0.0,0.02793296089385475,0.02793296089385475,0.0297951582867784,0.01303538175046555,0.0,0.0037243947858473,0.10242085661080073,0.06890130353817504,0.0,0.00186219739292365,0.044692737430167606,0.01303538175046555,0.009310986964618248,0.0,0.040968342644320296,0.04283054003724395,0.0,0.0,0.0,0.0,0.0,0.0,0.0037243947858473,0.0,0.005586592178770951
"Erze, Steine und Erden, sonstige Bergbauerz., DL",0.0,0.00728959575878065,0.0,0.0,0.0,0.2779324055666004,0.0007952286282306164,0.000530152418820411,0.0038436050364479796,0.01510934393638171,0.00291583830351226,0.02531477799867462,0.03671305500331346,0.0,0.000530152418820411,0.0,0.0,0.006891981444665342,0.0,0.0,0.0145791915175613,0.000530152418820411,0.001060304837640822,0.00530152418820411,0.00013253810470510274,0.0,0.0,0.014976805831676609,0.04797879390324719,0.028363154406891987,0.0063618290258449315,0.05500331345261763,0.000530152418820411,0.0,0.02717031146454606,0.01020543406229291,0.06083499005964215,0.017627567925778666,0.03167660702451955,0.003976143141153082,0.0013253810470510274,0.009940357852882706,0.01206096752816435,0.0002650762094102055,0.0017229953611663355,0.0002650762094102055,0.006494367130550034,0.010868124585818423,0.01312127236580517,0.014844267726971505,0.0,0.003578528827037774,0.01510934393638171,0.0482438701126574,0.0,0.012723658051689863,0.0037110669317428763,0.019350563286945,0.014844267726971505,0.00013253810470510274,0.05129224652087476,0.0482438701126574,0.0,0.00013253810470510274,0.0,0.0,0.0,0.0,0.00530152418820411,0.0,0.0022531477799867462
"Nahrungs- u. Futtermittel, Getränke, Tabakerzeugn.",0.23438654999914044,0.00017190696395110965,0.0015815440683502088,5.157208918533289e-5,1.7190696395110963e-5,0.0009884650427188805,0.24106513554864104,8.595348197555482e-6,0.0009368929535335475,0.023052723865843804,0.0011345859620773236,0.0008595348197555482,0.00041257671348266314,0.0,0.01053789689020302,0.0017878324250915404,0.0,0.0005672929810386618,1.7190696395110963e-5,0.0,0.0045211531519141835,0.0003266232315071083,1.7190696395110963e-5,0.006137078613054615,0.0,0.0,0.0,0.0071599250485637166,0.014981691908339204,0.008156985439480152,0.002698939334032421,0.020259235701638272,0.00011173952656822127,0.0,0.00945488301731103,0.002372316102525313,0.0899932956284059,0.046672740712726264,0.017706417286964295,0.0001976930085437761,0.00020628835674133157,0.061112925684619485,0.0025871998074642,0.0,0.001125990613879768,0.0013322789706210997,0.002011311478227983,0.00410857643843152,0.009222808615977032,0.004332055491567963,0.0,0.024935105121108452,0.032249746437228166,0.0063691530143886125,0.0,0.028665486238847536,0.0030255625655395296,0.009007924911038145,0.018858193945436728,0.0008251534269653263,0.02313867734781936,0.01132007357618057,0.0,0.001444018497189321,0.0001375255711608877,0.0,0.0,0.001658902202128208,0.002423888191710646,0.0005157208918533289,0.0010400371319042132
"Textilien, Bekleidung, Leder und Lederwaren",0.0020242914979757085,0.0,0.0,0.0,0.0,9.201324990798675e-5,0.0001840264998159735,0.2909458962090541,0.001932278248067722,0.02318733897681266,0.008189179241810821,0.0011041589988958409,0.056036069193963936,0.0,0.0152741994847258,0.0,0.008557232241442767,0.0,0.0001840264998159735,0.0,0.009845417740154582,0.00046006624953993377,0.0006440927493559073,0.005336768494663231,0.0,0.0,0.0013801987486198011,0.021623113728376886,0.029628266470371735,0.008741258741258742,0.0030364372469635624,0.03248067721751932,0.000368052999631947,0.0,0.021347073978652924,0.0023003312476996686,0.14243651085756348,0.047110783952889215,0.012697828487302172,0.0,0.0008281192491718807,0.010857563489142436,0.011501656238498343,0.0,0.0023923444976076554,0.0,0.0012881854987118145,0.009201324990798674,0.011685682738314317,0.0020242914979757085,0.0,0.02603974972396025,0.009753404490246595,0.0,0.0,0.008281192491718808,0.09063305115936694,0.0037725432462274566,0.01334192123665808,0.0001840264998159735,0.03137651821862348,0.012329775487670223,0.0,0.0,0.0,0.0,0.0,0.0,0.004692675745307324,0.0021163047478836954,0.0005520794994479204
"Holz,Holz- u.Korkwaren (oh.Möbel),Flecht- u.Korbw.",0.00012454075596238874,0.13413039417149267,0.0,0.0,0.0,0.0,0.0,0.0,0.3470950868671774,0.007659256491686907,0.002054922473379414,0.0014322186935674705,0.061585403823401226,0.0,0.006538389688025409,0.025904477240176856,0.0005604334018307493,0.0013699483155862763,0.0,0.0,0.0046080079706083835,0.0,0.0,0.0,0.0,0.0,0.0002490815119247775,0.0199265209539822,0.021047387757643695,0.004109844946758828,0.000498163023849555,0.01911700604022667,0.00012454075596238874,0.0,0.010897316146709014,0.005977956286194659,0.09346783734977275,0.05012765427486147,0.02584220686219566,0.0,0.000498163023849555,0.010772775390746626,0.0,0.0,0.00012454075596238874,0.0,0.002366274363285386,0.004732548726570772,0.010897316146709014,0.009900990099009905,0.0,0.02640264026402641,0.011084127280652598,0.013450401643937984,0.0,0.0011208668036614986,0.00099632604769911,0.02378728438881625,0.011457749548539764,6.227037798119437e-5,0.01469580920356187,0.010523693878821848,0.0,0.0,0.0,0.0,0.0,0.0,0.0010585964256803043,0.0014322186935674705,0.00018681113394358308
"Papier, Pappe und Waren daraus",0.0,0.002542555483731954,0.0,4.3094160741219554e-5,4.3094160741219554e-5,0.0005171299288946347,0.0,0.0003016591251885369,0.0078000430941607395,0.4498168498168497,0.0038784744667097596,0.001163542340012928,0.018961430726136604,0.0,0.014264167205343674,0.0,0.0,0.000861883214824391,0.0006033182503770738,0.0,0.00034475328592975643,0.00034475328592975643,0.0,0.0005602240896358542,0.0,4.3094160741219554e-5,0.0,0.02538246067657832,0.04899806076276664,0.027063132945485884,0.005214393449687567,0.1258349493643611,4.3094160741219554e-5,0.0,0.010945916828269767,0.0027580262874380515,0.059254471019176885,0.011118293471234646,0.030381383322559786,0.0005171299288946347,0.0005602240896358542,0.001077354018530489,0.0009911656970480497,0.0,0.0009049773755656107,0.0,0.003145873734109028,0.009609997845291962,0.00874811463046757,0.006895065718595128,0.0,0.01835811247575953,0.01943546649429002,0.014350355526826111,0.0,0.0031889678948502473,0.003145873734109028,0.015384615384615382,0.00874811463046757,8.618832148243911e-5,0.021762551174315876,0.010644257703081231,0.0,0.0,0.0,0.0,0.0,0.0,0.0019823313940960994,0.0009049773755656107,0.00047403576815341515
"Druckereileist., besp. Ton-, Bild- u. Datenträger",0.0,0.0,0.0,0.0,0.0,0.0,0.0,0.0002493454681461165,0.0003740182022191747,0.14250093504550557,0.201221792793916,0.0013714000748036405,0.02468520134646553,0.0,0.005984291235506796,0.0,0.0,0.0,0.0008727091385114076,0.0,0.0012467273407305822,0.012965964343598056,0.0006233636703652911,0.008727091385114075,0.0,0.0,0.0003740182022191747,0.011968582471013591,0.025807255953123054,0.010472509662136892,0.001620745542949757,0.0028674728836803392,0.0003740182022191747,0.0,0.03303827452936043,0.0047375638947762125,0.1008602418651041,0.02717865602792669,0.006233636703652911,0.0,0.000498690936292233,0.004488218426630096,0.023687819473881065,0.0,0.00423887295848398,0.0,0.005859618501433737,0.030046128911607035,0.017952873706520385,0.013714000748036406,0.0,0.05734945767360678,0.0423887295848398,0.001620745542949757,0.0,0.00211943647924199,0.007106345842164319,0.07767111332751528,0.01695549183393592,0.0002493454681461165,0.03652911108340606,0.017204837302082037,0.0,0.0,0.0,0.0,0.0024934546814611644,0.0,0.007106345842164319,0.0024934546814611644,0.0018700910110958733
Kokerei- und Mineralölerzeugnisse,0.0,0.0,0.0,0.0,0.0,0.0,0.0,0.0,0.0,0.0,0.0,0.0,0.0,0.0,0.0,0.0,0.0,0.0,0.0,0.0,0.0,0.0,0.0,0.0,0.0,0.0,0.0,0.0,0.0,0.0,0.0,0.0,0.0,0.0,0.0,0.0,0.0,0.0,0.0,0.0,0.0,0.0,0.0,0.0,0.0,0.0,0.0,0.0,0.0,0.0,0.0,0.0,0.0,0.0,0.0,0.0,0.0,0.0,0.0,0.0,0.0,0.0,0.0,0.0,0.0,0.0,0.0,0.0,0.0,0.0,0.0
Chemische Erzeugnisse,0.00013912559563145633,0.0,0.0,0.0,3.478139890786408e-5,0.06404414918901373,0.010735858462894047,0.0,0.0021332591330156634,0.01380821536642204,0.000904316371604466,0.038074038004475216,0.4740704671141874,0.0,0.006909904583028998,0.00013912559563145633,0.00037100158835055017,9.275039708763754e-5,1.1593799635954693e-5,0.0,0.004336081063847055,0.0003130325901707767,0.0006144713807055988,0.0015419753515819742,0.0,0.0,1.1593799635954693e-5,0.01944280198949602,0.03289160956720347,0.007941752750628965,0.0025854173188178966,0.020474650157095986,0.00028984499089886734,0.0,0.010434419672359224,0.0006840341785213269,0.05698352521071731,0.01586031790198602,0.01638203888560398,0.0006144713807055988,0.0007535969763370551,0.004486800459114466,0.016092193894705113,0.0028520747104448544,0.0016347257486696118,0.0,0.0030143879053482203,0.016590727279051167,0.00659687199285822,0.007501188364462686,0.00019709459381122977,0.011454674040323236,0.02519332660892955,0.021274622331976863,0.0,0.0144574681460355,0.006944685981936861,0.002121665333379709,0.008196816342619968,0.0009159101712404206,0.030781538033459708,0.01027210647745586,0.0,0.002457885522822395,0.00041737678689436896,0.0,6.956279781572816e-5,0.00012753179599550162,0.0016115381493977026,0.0006724403788853722,0.0004405643861662783
Pharmazeutische Erzeugnisse,0.0,0.0,0.0,0.0,0.0,0.0,0.010784448413243577,0.0010303613133672207,0.0,0.0508998488803407,0.0037093007281219946,0.0,0.14356367632916608,0.33885149058936664,0.02445390850391537,0.01188350048083528,0.0,0.00041214452534688825,0.0006869075422448138,0.0,0.010303613133672207,0.009891468608325318,0.0,0.0020607226267344413,0.0,0.0,0.0,0.0,0.003640609973897513,0.0013738150844896276,0.0002747630168979255,0.0003434537711224069,0.0,0.0,0.007624673718917434,0.0,0.073773870037093,0.02486605302926226,0.0,0.0,0.0004808352795713697,0.0,0.032009891468608324,0.0006182167880203324,0.005151806566836103,0.0,0.0020607226267344413,0.039085039153729906,0.00789943673581536,0.00013738150844896276,0.0,0.0,0.02795713696936392,0.03970325594175023,0.0,0.04554197005083116,0.0044648990245912895,0.0,0.02411045473279296,0.0017859596098365159,0.026583321884874295,0.015730182717406237,0.0,0.003228465448550625,0.0,0.0,0.0,0.0006182167880203324,0.0015111965929385904,0.0008929798049182579,0.0
Gummi- und Kunststoffwaren,0.004497336193177888,0.0,0.0,0.0,0.0,0.0,0.0,0.006227080882861691,0.0,0.011693074102262509,0.0015913651145090986,0.0007264927696671972,0.09648515879056253,0.0,0.2794921469591089,0.008060610253926521,0.0,0.0027329966097004088,0.0012800110703660144,0.0,0.02255587075347679,0.00020756936276205637,0.0005189234069051409,0.003528679166954958,0.0,0.0,0.0,0.012454161765723382,0.05517885560091332,0.006780599183560508,0.001764339583477479,0.07929149657510554,0.00010378468138102819,0.0,0.012938490278834846,0.0,0.058603750086487244,0.024527779699716326,0.02255587075347679,0.0005189234069051409,0.00048432851311146485,0.020238012869300496,0.00702276344011624,0.0,0.001176226388984986,0.0,0.006573029820798451,0.011485504739500451,0.013561198367121016,0.009894139624991352,0.0,0.02871376184875113,0.0310662146267211,0.04331280702968243,0.0,0.009271431536705184,0.0057081574759565495,0.01850826817961669,0.03532138656334326,0.00020756936276205637,0.023697502248668102,0.01536013284439217,0.0,0.00020756936276205637,0.0005189234069051409,0.0,3.459489379367606e-5,0.0,0.0021102885214142396,0.0006573029820798451,0.000553518300698817
Glas und Glaswaren,0.0,0.0,0.0,0.0,0.0,0.016073940124573038,0.0,0.0,0.0054249547920434,0.02752662246333133,0.0022101667671287927,0.0020092425155716297,0.013863773357444245,0.0,0.0022101667671287927,0.21478802491460722,0.0,0.00020092425155716296,0.0,0.0,0.015270243118344386,0.0,0.00020092425155716296,0.006831424552943541,0.0,0.0,0.0,0.03375527426160338,0.06670685151697811,0.04480610809724734,0.005023106288929074,0.10287321679726744,0.0004018485031143259,0.0,0.013261000602772756,0.0020092425155716297,0.10086397428169581,0.03496081977094635,0.010046212577858147,0.0,0.0006027727546714889,0.006228651798272052,0.0008036970062286518,0.0,0.0022101667671287927,0.0,0.010046212577858147,0.013863773357444245,0.011854530841872614,0.008840667068515171,0.0,0.026722925457102673,0.05846895720313442,0.035161744022503515,0.0,0.007032348804500703,0.0044203335342575855,0.013863773357444245,0.02993771348201728,0.00020092425155716296,0.02531645569620253,0.015069318866787222,0.0,0.0,0.0,0.0,0.0,0.0,0.0038175607795860964,0.0040184850311432594,0.00020092425155716296
"Keramik, bearbeitete Steine und Erden",4.579803068468055e-5,0.0,0.0,0.0013739409205404164,0.0,0.11362491412869244,0.0,0.0,0.0026104877490267914,0.0032058621479276383,0.0010075566750629723,0.016120906801007556,0.025417907029997706,0.0,0.002152507442179986,0.0,0.21900618273414238,0.0006869704602702082,0.0,0.0,0.0025188916876574302,0.0,0.0,0.0037554385161438055,0.0,0.00013739409205404166,0.0,0.031417449049690856,0.05074421799862605,0.013876803297458207,0.0036180444240897637,0.02509732081520494,0.0,0.0,0.014014197389512248,0.007923059308449734,0.09993130295397296,0.03164643920311426,0.07520036638424546,0.0006411724295855277,0.0002747881841080833,0.02670025188916876,0.0008701625830089305,0.0,0.0008701625830089305,0.0,0.006457522326539957,0.011403709640485458,0.009297000228990151,0.008426837645981221,0.0,0.027799404625601095,0.017907029997710096,0.042546370506068236,0.0,0.004762995191206777,0.006823906572017402,0.02688344401190748,0.017357453629493928,0.0001831921227387222,0.0233111976185024,0.019372566979619876,0.0,0.0,0.0,0.0,0.0,0.0,0.0014197389512250972,0.0010991527364323332,0.00045798030684680554
"Roheisen, Stahl, Erz.d.erst. Bearb.v.Eisen u.Stahl",0.0,0.0,0.0,0.0001766602381968878,0.0,0.00016193855168048052,0.0,4.416505954922195e-5,0.0005299807145906635,0.0,0.00048581565504144156,0.015222223857965168,0.003430152958322905,0.0,0.00027971204381173906,4.416505954922195e-5,0.0032682144066424248,0.724336419980273,0.0019432626201657663,0.0003385987898773684,0.004328175835823752,0.00048581565504144156,0.0012071782943454002,0.0015016120246735467,0.0,0.0,2.944337303281464e-5,0.02919310436203571,0.02920782604855212,0.01818128284776304,0.0013396734729930661,0.024187730946457226,4.416505954922195e-5,0.0,0.013867828698455693,0.0005152590280742561,0.03726058857302692,0.0035037613909049423,0.03402181753941732,0.0006330325202055147,0.00013249517864766589,0.003783473434716681,0.00016193855168048052,0.0,0.0004710939685250342,0.0,0.0007213626393039586,0.0041956806571760855,0.0032534927201260176,0.000927466250533661,0.0,0.0034448746448393127,0.009716313100828832,0.004931764982996452,0.0,0.0002208252977461098,0.0009863529965992905,0.0025026867077892444,0.0034743180178721275,5.888674606562928e-5,0.00609477821779263,0.003709865002134644,0.0,0.0,0.0002355469842625171,0.0,0.0,1.472168651640732e-5,0.000691919266271144,0.0002502686707789244,0.0002502686707789244
NE-Metalle und Halbzeug daraus,0.0,0.0,0.0,0.0,0.0,0.0,0.0,0.0,0.0,0.0,0.0,0.0,0.0,0.0,0.0,0.0,0.0,0.0,0.0,0.0,0.0,0.0,0.0,0.0,0.0,0.0,0.0,0.0,0.0,0.0,0.0,0.0,0.0,0.0,0.0,0.0,0.0,0.0,0.0,0.0,0.0,0.0,0.0,0.0,0.0,0.0,0.0,0.0,0.0,0.0,0.0,0.0,0.0,0.0,0.0,0.0,0.0,0.0,0.0,0.0,0.0,0.0,0.0,0.0,0.0,0.0,0.0,0.0,0.0,0.0,0.0
Gießereierzeugnisse,0.0,0.0,0.0,0.0,0.0,0.003281762775433661,0.0,0.00011720581340834503,0.002226910454758556,0.00011720581340834503,0.0018752930145335205,0.005743084857008906,0.03973277074542897,0.0,0.0,0.0,0.009610876699484293,0.07395686826066572,0.11111111111111109,0.16936240037505856,0.0,0.0019924988279418653,0.0031645569620253155,0.0023441162681669004,0.0,0.0,0.00011720581340834503,0.06540084388185653,0.07536333802156586,0.014416315049226438,0.003750586029067041,0.08321612751992498,0.00035161744022503506,0.0,0.020979840600093762,0.0,0.07618377871542427,0.016643225503984994,0.011251758087201122,0.0,0.00011720581340834503,0.009024847632442568,0.003633380215658696,0.0,0.0010548523206751054,0.0,0.006563525550867322,0.020628223159868727,0.010782934833567744,0.003984997655883731,0.0,0.014416315049226438,0.020393811533052038,0.01746366619784341,0.0,0.0018752930145335205,0.0018752930145335205,0.01394749179559306,0.03856071261134551,0.00023441162681669007,0.022972339428035626,0.01488513830285982,0.0,0.0,0.0,0.0,0.0,0.0,0.003398968588842006,0.0005860290670417251,0.0012892639474917954
Metallerzeugnisse,0.0,0.0,0.0,0.0,0.0,0.00013189349600197843,0.0,0.0006924408540103867,0.002901656912043525,0.005160333031077406,0.001417855082021268,0.0008902810980133544,0.006940895227104114,0.0,0.007039815349105598,0.005457093397081857,0.0005935207320089029,0.08864891600032974,0.03399554859450994,0.019108070233286624,0.3961586019289424,0.0012200148380183003,0.0022916494930343752,0.017723188525265852,0.0004781139230071718,0.0,0.00011540680900173111,0.039930755914598964,0.024960844118374417,0.0066771082351001565,0.002225702745033386,0.019816997774297258,0.00013189349600197843,0.0,0.01051850630615778,0.0022751628060341277,0.07288764322809332,0.018168329074272526,0.006149534251092244,6.594674800098921e-5,0.002390569615035859,0.006957381914104362,0.007649822768114749,0.004138158437062073,0.0010386612810155801,0.0,0.005094386283076417,0.021069985986316053,0.01210122825818152,0.0024400296760366006,0.0,0.02890116231143352,0.012925562608193884,0.017492374907262388,0.0,0.0025719231720385794,0.003841398071057622,0.012859615860192896,0.03688071881955322,0.0013354216470200316,0.013733410271206002,0.007468469211112029,0.0,0.0022751628060341277,1.6486687000247303e-5,0.0,1.6486687000247303e-5,0.0,0.001417855082021268,0.00029676036600445144,0.0003132470530046987
"DV-Geräte, elektronische und optische Erzeugnisse",0.0,0.0,0.0,0.0,3.5589721688376405e-5,0.0,0.0,0.0012812299807815506,0.002847177735070112,0.014413837283792445,0.0035589721688376406,0.0012100505374047978,0.004519894654423804,0.0,0.019076090824969753,0.010214250124564029,0.0016371271976653146,0.0035589721688376406,0.022101217168481745,0.006050252687023989,0.04107053882838638,0.09449071108263936,0.009075379030535983,0.005302868531568085,0.0,0.0,0.01000071179443377,0.029681827888105923,0.016798348636913662,0.002028614136237455,0.0017438963627304438,0.002882767456758489,0.0,0.0,0.010356609011317533,0.00227774218805609,0.1591572353904193,0.12200156594775431,0.015481528934443736,0.00028471777350701124,0.029397110114598914,0.025126343511993745,0.03907751441383729,0.0,0.0035589721688376406,0.0024201010748095956,0.015766246707950748,0.03555413196668803,0.014022350345220305,0.0042707666026051685,0.0,0.02477044629510998,0.02804470069044061,0.039682539682539694,0.0,0.014235888675350562,0.01405794006690868,0.007972097658196316,0.025304292120435626,0.0016015374759769383,0.036977720834223085,0.012669940921062,0.0,0.0027759982916933596,0.0007473841554559046,0.0,7.117944337675281e-5,0.0,0.0035589721688376406,0.0035589721688376406,0.0016371271976653146
Elektrische Ausrüstungen,0.0,0.0,0.0,0.0,0.0,0.00018293957767091782,0.0,0.0008101609868283505,0.0012021743675517458,0.012047877900899019,0.00253501986201129,0.0014373823959857829,0.0022214091574325736,2.6134225381559692e-5,0.03389609031988292,0.0028747647919715657,0.003737194229563036,0.02106418565753711,0.022344762701233534,0.020515366924524357,0.05501254442818315,0.027284131298348318,0.25794480451599416,0.01178653564708342,0.0007056240853021116,0.0,0.0,0.02435709805561363,0.013877273677608196,0.0030054359188793644,0.0014635166213673426,0.002927033242734685,0.00018293957767091782,0.0,0.009460589588124608,0.0014373823959857829,0.10576521011917207,0.04667572653146561,0.007552791135270752,0.00015680535228935815,0.006010871837758729,0.00253501986201129,0.03065544637256952,0.001176040142170186,0.0023782145097219322,0.0,0.008284549445954421,0.025899017353125654,0.012492159732385533,0.0026656909889190886,0.0017509931005644994,0.02127325946058959,0.04549968638929542,0.04782563244825423,0.0,0.0065858247961530425,0.00919924733430901,0.006246079866192767,0.02182207819360234,0.0014635166213673426,0.027440936650637675,0.012596696633911771,0.0,0.006664227472297721,0.00036587915534183564,0.0,0.0,0.0,0.0020907380305247754,0.001620321973656701,0.0009669663391177086
Maschinen,0.0,0.0,0.0,0.0,0.0,0.0,0.0,0.0006205291734896148,0.002309747479100233,0.0021890890286994746,0.0014823752477807464,0.0006377660949754375,0.0029388951133327594,8.618460742911317e-6,0.039808670171507375,0.0005257261053175904,0.0010342152891493579,0.02374385934672068,0.003223304317848833,0.04076531931397053,0.10534344566060502,0.002611393605102129,0.02028785658881324,0.30891148840817034,0.03764543652503663,0.0,0.0,0.035637335171938296,0.011660777385159013,0.0007928983883478412,0.0010945445143497373,0.0017495475308109973,0.0002499353615444282,0.0,0.0063431871067827295,0.011212617426527623,0.06635352925967423,0.01718521072136517,0.00759286391450487,0.0,0.0067568732224424725,0.019357062828578818,0.0199517366198397,0.003723175040937689,0.0006722399379470827,0.0,0.004628113418943377,0.02190812720848057,0.009652676032060674,0.002800999741446178,0.0,0.020451607342928557,0.04649659570800656,0.016538826165646815,0.0,0.002585538222873395,0.006222528656381971,0.002800999741446178,0.027174006722399384,0.0012841506506937861,0.023847280875635615,0.004481599586313885,0.0,0.002697578212531242,8.618460742911317e-5,0.0,3.447384297164527e-5,0.00012065845040075845,0.0008446091528053091,0.0005257261053175904,0.0003964491941739206
Kraftwagen und Kraftwagenteile,0.0,0.0,0.0,0.0,9.080177971488242e-6,0.0,0.0,0.001993099064741669,0.0007445745936620359,0.0007218741487333152,0.0014119676745664217,0.0010351402887496597,0.0033051847816217205,0.0,0.04243167166076456,0.001865976573140834,0.00042222827567420327,0.018605284663579406,0.00501225824026151,0.04066103695632435,0.06547262326341596,0.0018160355942976483,0.012725869427040772,0.011463724689003906,0.44797512031235814,0.0,7.718151275765007e-5,0.022723145373649327,0.006882774902388088,0.0007536547716335242,0.0005493507672750386,0.0015799509670389542,0.00011350222464360302,0.0,0.0037682738581676207,0.09925088531735224,0.03746027422137475,0.01348406428766004,0.012671388359211841,0.0,0.00180695541632616,0.01846454190502134,0.004630890765459004,8.62616907291383e-5,0.0010078997548351948,0.0,0.002887496594933261,0.00886679378915827,0.00679651321165895,0.0017797148824116957,0.0,0.013184418414600928,0.022754925996549536,0.007173340597475711,0.0,0.004785253790974304,0.004807954235903024,0.0002814855171161355,0.01536820121674385,0.0009579587759920097,0.015481703441387454,0.004394806138200309,0.0,0.0060019976391537284,0.00026786525015890314,0.0,2.2700444928720606e-5,0.00025878507218741494,0.0005493507672750386,0.0002951057840733679,9.988195768637066e-5
Sonstige Fahrzeuge,0.0,0.0,0.0,0.0,3.839213729028296e-5,0.0,0.0,0.001612469766191884,0.01700771681959535,0.0014589012170307522,0.0009598034322570738,0.0013437248051599035,0.006910584712250932,0.0,0.008676623027603948,0.00042231351019311254,0.000806234883095942,0.00959803432257074,0.005682036318961877,0.012323876070180827,0.1644335240142819,0.0038392137290282954,0.009828387146312437,0.030867278381387496,0.0,0.3641494221983338,0.0,0.018850539409528928,0.004760625023995086,0.000806234883095942,0.00019196068645141478,0.00030713709832226366,0.0,0.0,0.001727646178062733,0.030329788459323534,0.052712404499558496,0.07924137136714401,0.0013821169424501865,0.0,0.0050293699850270665,0.00034552923561254664,0.00023035282374169776,0.0,0.0004607056474833955,0.0029178024340615043,0.004683840749414521,0.014780972856758938,0.007870388144508005,0.0016892540407724501,0.0,0.011824778285407149,0.011095327676891774,0.029254808615195613,0.0,0.0009981955695473569,0.002380312511997543,0.0008446270203862251,0.04841248512304681,0.0010749798441279227,0.017583598878949596,0.0033785080815449003,0.0,0.003416900218835183,0.0,0.0,3.839213729028296e-5,0.0,0.0006526663339348102,0.0007678427458056591,0.0
"Möbel und Waren, a.n.g.",4.715201810637496e-5,0.002216144850999623,0.0,0.0,0.0,0.0,4.715201810637496e-5,0.016220294228592985,0.054884949075820456,0.02022821576763486,0.007261410788381745,0.001131648434552999,0.012212372689551115,0.0,0.04012636740852509,0.005705394190871371,0.0010373443983402492,0.002357600905318748,0.01721048660882686,0.002404752923425123,0.06973783477932857,0.045077329309694464,0.016220294228592985,0.013532629196529613,9.430403621274992e-5,0.0,0.0561109015465862,0.016503206337231235,0.012118068653338365,0.0027348170501697478,0.001178800452659374,0.009383251603168618,4.715201810637496e-5,0.0,0.008345907204828367,0.003725009430403622,0.166116559788759,0.08062995096190118,0.029234251225952475,0.00037721614485099967,0.005658242172764995,0.010373443983402491,0.021548472274613355,0.0,0.001273104488872124,0.0,0.004290833647680121,0.013674085250848738,0.013721237268955114,0.006601282534892494,0.0,0.03272350056582422,0.02357600905318748,0.0051867219917012455,0.0,0.019992455677102984,0.04229536024141834,0.013249717087891364,0.026735194266314603,0.0010844964164466243,0.028291210863824977,0.01056205205582799,0.0,0.0008958883440211243,0.0,0.0,4.715201810637496e-5,0.0,0.0018860807242549985,0.001178800452659374,0.0008958883440211243
"Rep., Instandh. u. Inst. v. Maschinen u. Ausrüst.",0.0,0.0,0.0,0.0,0.0,0.0,0.0,0.0010124114140012748,0.002624770332595898,0.0036746784656342575,0.001312385166297949,0.0005249540665191796,0.003224717837189246,0.0,0.024897821440623948,0.002924744084892572,0.0036746784656342575,0.034496981514117515,0.02624770332595898,0.02598522629269939,0.12936368067794068,0.04064644343619934,0.031197270238854102,0.06614421238141663,0.003449698151411752,0.08493006861899584,0.0005249540665191796,0.040421463121976836,0.008624245378529379,0.0013873786043721175,0.0008999212568900221,0.0015373654805204545,0.00011249015711125276,0.0,0.00502456035096929,0.0019873261089654658,0.12786381191645732,0.04218380891671979,0.0063369455172672395,0.0,0.006899396302823504,0.011698976339570288,0.012786381191645733,0.0019123326708912973,0.000862424537852938,0.0,0.006974389740897672,0.02306048220780682,0.011586486182459036,0.0027372604897071507,0.0,0.022947992050695566,0.034496981514117515,0.03434699463796918,0.0,0.003862162060819678,0.0054745209794143015,0.008774232254677716,0.05242041321384379,0.0012748884472608647,0.023660429712400167,0.006524429112452661,0.0,0.002924744084892572,0.00011249015711125276,0.0,7.499343807416851e-5,0.0,0.0009374179759271064,0.0,0.00041246390940792685
"Elektr.Strom,DL d.Elektriz.-,Wärme-u.Kälteversorg.",0.0,3.3201633520369197e-5,0.0,0.04510441913742156,0.0037517845878017194,9.96049005611076e-5,6.640326704073839e-5,0.0,0.00011620571732129218,1.6600816760184598e-5,0.00013280653408147679,0.009777881071748729,4.98024502805538e-5,0.0,1.6600816760184598e-5,0.0,0.0018758922939008597,0.00038181878548424576,0.000166008167601846,0.0,0.0001826089843620306,0.011504366014807928,0.030346293037617447,0.00038181878548424576,0.0005478269530860918,4.98024502805538e-5,1.6600816760184598e-5,0.03452969886118397,0.4141903781666057,0.03207277798067665,0.0001826089843620306,0.0021415053620638135,0.000166008167601846,0.018144692718881767,0.03522693316511172,0.0013446661575749527,0.033185032703609015,0.010093296590192235,0.013712274643912477,0.0011952588067332913,0.0,0.0008798432882897837,0.0048142368604535335,0.0,0.0006308310368870147,0.0002822138849231382,0.0013944686078555064,0.010890135794681097,0.007752581427006208,0.015239549785849462,0.000249012251402769,0.01663401839370497,0.0014774726916564295,0.029997675885653573,0.0,0.001411069424615691,0.003701982137521166,0.025034031674358376,0.0016268800424980906,0.0010624522726518143,0.02898502606328231,0.14389587967728013,0.0,0.0006806334871675686,0.0,0.0,0.00011620571732129218,0.0,0.0020917029117832595,0.0,0.0003486171519638766
"Indust.erz.Gase, Dienstleistungen d.Gasversorgung",0.0,0.0,0.0,0.0,0.02879689879551433,0.0,0.0,0.0,0.0006922331441229406,0.0006922331441229406,0.003738058978263879,0.0,0.0015229129170704694,0.0,0.0,0.0,0.0,0.013567769624809635,0.0,0.0005537865152983525,0.015644469057178458,0.010106603904194933,0.0,0.0034611657206147033,0.003045825834140939,0.0,0.0,0.017444275231898104,0.11532604181088191,0.29876782500346116,0.0,0.001246019659421293,0.0038765056070884677,0.03336563754672574,0.04139554201855185,0.004845632008860584,0.013152429738335872,0.006922331441229407,0.08223729752180535,0.0,0.0005537865152983525,0.007614564585352346,0.024228160044302918,0.0,0.0020766994323688217,0.00013844662882458813,0.012737089851862107,0.00955281738889658,0.01619825557247681,0.024643499930776688,0.0,0.02228990724075869,0.009829710646545756,0.050394572892150075,0.0,0.005537865152983525,0.006506991554755642,0.03585767686556832,0.0023535926900179983,0.0008306797729475288,0.01481378928423093,0.04014952235913055,0.0,0.0,0.0,0.0,0.0,0.0,0.0041533988647376435,0.006506991554755642,0.0026304859476671744
"Wasser, Dienstleistungen der Wasserversorgung",0.0,0.0,0.0,0.0,0.0,0.0,0.0,0.0,0.0,0.0009104704097116843,0.0024279210925644916,0.0,0.004855842185128983,0.0,0.00212443095599393,0.0,0.007587253414264036,0.011836115326251897,0.0,0.006980273141122914,0.022154779969650984,0.010015174506828527,0.005462822458270106,0.05918057663125949,0.006676783004552351,0.00030349013657056146,0.0,0.01851289833080425,0.3156297420333839,0.0,0.0015174506828528071,0.0,0.0072837632776934745,0.0,0.11987860394537178,0.0018209408194233686,0.05250379362670713,0.018209408194233688,0.007587253414264036,0.0,0.00030349013657056146,0.013353566009104702,0.013050075872534142,0.0,0.0030349013657056142,0.00030349013657056146,0.007587253414264036,0.0,0.015174506828528072,0.024886191198786038,0.0,0.016084977238239755,0.0024279210925644916,0.11198786039453716,0.0,0.02094081942336874,0.0030349013657056142,0.007587253414264036,0.0,0.005462822458270106,0.0039453717754172985,0.05007587253414263,0.0,0.0,0.006980273141122914,0.0,0.0,0.002731411229135053,0.00030349013657056146,0.0072837632776934745,0.0
"DL d. Abwasser-, Abfallentsorgung u. Rückgewinnung",0.0,0.0,0.0,0.0,3.480924533556112e-5,0.001984126984126984,3.480924533556112e-5,0.0,0.0010094681147312726,3.480924533556112e-5,0.0020885547201336674,0.008911166805903648,0.00588276246170983,0.0,0.005082149818991924,6.961849067112225e-5,0.0,0.0,0.0,0.0,0.020015316067947646,3.480924533556112e-5,0.0,0.00010442773600668337,0.0,3.480924533556112e-5,0.0,0.00020885547201336674,0.0,0.00024366471734892786,0.0009050403787245893,0.3227165135059872,0.00024366471734892786,0.04845446950710108,0.08521303258145363,0.015037593984962405,0.051935394040657196,0.004142300194931774,0.00038290169869117235,0.0,0.00020885547201336674,0.0,0.0,0.0,0.005673906989696464,0.0,0.006474519632414369,0.05910609857978279,0.011626287942077415,0.019597605123920912,0.0,0.025480367585630742,0.021755778334725702,0.11883876357560567,0.0,0.0009398496240601503,0.009537733221943748,0.04995126705653021,0.014480646059593429,0.00017404622667780562,0.0477234753550543,0.02199944305207463,0.0,0.0009050403787245893,0.0,0.0,0.0,0.0,0.005743525480367585,0.0,0.004977722082985241
Hochbauarbeiten,0.0,0.0,0.0,0.0,0.0,0.020663452351856376,0.0,0.00019996889372764234,0.010265069878018973,0.0,0.00022218765969738037,0.007309974004043814,0.0009331881707289976,0.0,0.024862799120136864,8.887506387895216e-5,0.18017197324860576,0.007221098940164861,0.0013331259581842822,0.0,0.030395271846601634,0.00011109382984869019,0.0004888128513342369,0.0,0.0,0.0,0.0002888439576065945,0.0,0.0058213166840713655,0.00015553136178816625,0.000533250383273713,0.0003555002555158086,0.047725909302997305,0.0,0.13668984824582842,0.0029106583420356828,0.049525629346546085,0.012464727709023038,0.0022885328948830178,0.0,0.00011109382984869019,0.0030217521718843734,0.00013331259581842825,0.007354411535983291,0.0003777190214855467,0.0,0.001266469660275068,0.0013997822560934965,0.016975137200879863,0.0036660963850067762,0.0,0.27917879440975846,0.010687226431443996,0.018308263159064142,0.0,2.221876596973804e-5,0.0015775323838514007,0.05550247739240562,0.003243939831581754,0.00019996889372764234,0.014308885284511297,0.03601661963694536,0.0,0.0,0.0,0.0,0.0,0.0,0.0030439709378541112,0.00044437531939476075,0.00013331259581842825
Tiefbauarbeiten,0.0,0.0,0.0,0.0,0.0,0.04707656888818322,0.0,0.00023816139403802644,0.023061961656015553,0.0,0.00035724209105703964,0.02607867264716389,0.001270194101536141,0.0,0.03306474020561266,7.938713134600881e-5,0.21180486643115148,0.009685230024213074,0.0013098876672091452,0.0,0.02274441313063152,0.0,0.0007144841821140793,0.0006747906164410748,0.0,0.0,7.938713134600881e-5,0.00015877426269201762,0.0,0.000396935656730044,0.000793871313460088,0.0008335648791330925,0.05227642599134679,0.0,0.08188782598340807,0.003691501607589409,0.08303893938792521,0.01496447425872266,0.003691501607589409,0.0,0.00011908069701901322,0.002500694637399277,0.00035724209105703964,0.008415035922676933,0.00031754852538403523,0.0,0.0009129520104791012,0.0013495812328821496,0.01595681340054777,0.004366292224030484,0.0,0.17862104552851982,0.010439407772000158,0.018179653078236015,0.0,3.9693565673004404e-5,0.0016274361925931805,0.0749811455563053,0.004644147183741515,0.000198467828365022,0.01468661929901163,0.037748580955027186,0.0,0.0,0.0,0.0,0.0,0.0,0.0035327273448973917,0.0009526455761521057,7.938713134600881e-5
"Vorb.Baustellen-,Bauinstallations-,Ausbauarbeiten",0.0,0.0,0.0,0.0,0.0,0.0011400283466507816,0.0,0.0012119220261692994,0.02973317174372984,0.0002773041924285685,0.0005648789105026395,0.010157549863402008,0.013813856993200911,0.0,0.07553971612267116,0.0013557093852063348,0.06332806113016863,0.006973686913296222,0.0012530041287513094,0.0009654294106772384,0.08441345028038535,0.00028757471807407104,0.06168477702688823,0.024320604728550004,0.0,0.0,8.216420516402029e-5,0.0015611198981163857,0.004755253373867675,0.0008216420516402029,0.0008524536285767105,0.0024135735266930963,0.008771028901259166,0.0,0.15302056159234229,0.005124992297105765,0.1506583406938767,0.03956206478647577,0.00206437565474601,0.0,0.00012324630774603043,0.006141774336010516,0.0013865209621428424,0.003389273463015837,0.0010989462440687714,0.0,0.004005505001745989,0.007466672144280344,0.025183328882772218,0.0073742374134708214,0.0,0.06374915268163424,0.015118213750179733,0.016987449417661196,0.0,0.0007702894234126903,0.001129757821005279,0.041441570979602736,0.0016022020006983958,0.0002670336667830659,0.03290676416819013,0.016751227327814637,0.0,0.00015405788468253803,0.0,0.0,1.0270525645502536e-5,0.0,0.005741223835835918,0.00022595156420105578,0.0002670336667830659
"Handelsleistungen mit Kfz, Instandh. und Reparatur",0.0,0.0,0.0,0.0,0.0,0.0,0.0,3.76548555936288e-5,0.0006024776894980608,0.000188274277968144,0.007455661407538503,0.00500809579395263,0.007568625974319388,0.0,0.04126972173061716,0.0023722559023986144,0.0,0.000753097111872576,0.0001506194223745152,0.01720826900628836,0.05117294875174154,0.0008284068230598336,0.002447565613585872,0.007945174530255677,0.10701509959709304,0.0001129645667808864,0.0,0.0006777874006853184,0.034265918590202206,0.007681590541100274,0.0018827427796814398,0.008509997364160108,0.0005648228339044319,0.0,0.027563354294536282,0.09609519147494068,0.05561622171178973,0.02195278081108559,0.007267387129570359,0.0,0.0,0.0021086719132432127,0.016869375305945702,0.0,0.003690175848175622,0.0,0.004254998682080054,0.016718755883571187,0.04390556162217118,0.012350792634710245,0.0,0.19915653123470273,0.05693414165756674,0.0009413713898407199,0.0,0.03998945664043378,0.008020484241442935,0.01310388974658282,0.0047068569492036,0.0004518582671235456,0.04334073878826675,0.010242120721467034,0.0,0.0001129645667808864,0.0,0.0,3.76548555936288e-5,0.0001506194223745152,0.007945174530255677,0.0,0.000753097111872576
Großhandelsleistungen (oh.Handelsleistungen m.Kfz),0.0,0.0,0.0,0.0,0.0,0.0,0.0,0.0,0.000725676715394838,0.015361614324683498,0.004572637616283136,0.017905854375043714,0.0,0.0,0.0023606350982723645,0.0,0.0,0.0,0.00045464083374134427,0.0,0.0,0.0003672099041757011,0.0009180247604392529,0.00034972371826257255,0.0,0.0,2.6229278869692938e-5,4.371546478282157e-5,0.019348464712876826,0.0018622787997481986,0.00045464083374134427,0.003112541092536895,0.00012240330139190038,1.7486185913128627e-5,0.011637056725187101,0.0004896132055676015,0.04375043715464782,0.00713436385255648,0.12147653353850457,0.009110302860740015,0.0009879695040917672,0.32909876197803734,0.04908372385815205,0.010509197733790306,0.002631670979925858,0.00011366020843533607,0.00908407358187032,0.035033573476953205,0.01944463873539903,0.004275372455759949,0.0,0.08350528082814575,0.04302476043925298,0.0030513394418409455,0.0,0.008751836049520878,0.005009792264111352,0.04101384905924319,0.00438028957123872,0.00030600825347975094,0.08009547457508567,0.005044764635937608,0.0,0.0,0.00015737567321815764,0.0,3.497237182625725e-5,0.0,0.002771560467230887,0.00015737567321815764,0.0008305938308736098
Einzelhandelsleistungen (ohne Handelsleist.m.Kfz),0.0,0.0,0.0,0.0,1.1580910027909993e-5,1.1580910027909993e-5,0.0,0.00033584639080938984,0.0006716927816187797,0.012171536439333401,0.019884422517921458,0.004504974000856987,0.0007759209718699695,2.3161820055819987e-5,0.006184205954903936,2.3161820055819987e-5,8.106637019536995e-5,0.0006832736916466895,0.0,0.0,0.001366547383293379,0.00046323640111639965,0.0004400745810605797,0.0012970619231259192,0.0,1.1580910027909993e-5,0.0,0.001968754704744699,0.04762070203476589,0.005825197744038726,0.0009264728022327993,0.013665473832933792,0.00046323640111639965,0.0,0.024933699290090216,0.026971939455002373,0.03009878516253807,0.011048188166626133,0.026659254884248803,0.0,0.0004863982211722197,0.023381857346350274,0.1594459692642648,0.003393206638177628,0.012287345539612502,0.0012854810130980092,0.012565287380282343,0.028442715028546946,0.03181275984666875,0.01820519056387451,0.0,0.23502298810640543,0.05683910641698224,0.005547255903368887,0.0,0.02017394526861921,0.006855898736522716,0.03549548923554413,0.004690268561303547,0.00039375094094893975,0.07247333495466074,0.009820611703667674,0.0,0.00046323640111639965,0.0011233482727072692,0.0,8.106637019536995e-5,9.264728022327995e-5,0.01542577215717611,0.003057360247368238,0.002015078344856339
Landverkehrs- u. Transportleist. in Rohrfernleit.,0.0,0.0,0.0,0.0,0.0,1.949051786305962e-5,0.0,0.00011694310717835771,7.796207145223848e-5,7.796207145223848e-5,0.0013643362504141732,0.025201239596936084,0.00025337673221977503,0.0,0.002241409554251856,0.0,0.00025337673221977503,0.0016566940183600676,0.0,0.00029235776794589425,0.002806634572280585,0.00040930087512425196,0.001481279357592531,0.00027286725008283464,0.01900325491648313,0.0002143956964936558,5.8471553589178855e-5,0.02225817139961408,0.04667979028202779,0.0004287913929873116,0.0007991112323854445,0.0015592414290447694,0.00048726294657649045,0.0,0.01900325491648313,0.03642777788605842,0.018710897148537232,0.005925117430370124,0.1250901436451166,0.0,3.898103572611924e-5,0.3136803944880815,0.040130976280039754,0.01680082639795739,0.0027676535365544655,0.0010329974467421599,0.005320911376615276,0.025727483579238694,0.017638918666068953,0.06219424250102325,0.0,0.013058646968249946,0.015124641861734265,0.03636930633246925,0.0,0.0032159354474048368,0.00512600619798468,0.03136024324166293,0.006802190734207807,0.025454616329155858,0.02820277934784727,0.010290993431695478,0.0,0.002143956964936558,0.0,0.0,0.0,0.0,0.003098992340226479,0.000916054339563802,0.0003313388036720135
Schifffahrtsleistungen,0.0,0.0,0.0,0.0,0.0,0.0,0.0,0.0,0.0,0.0,0.0,0.0,0.0,0.0,0.0,0.0,0.0,0.0,0.0,0.0,0.0,0.0,0.0,0.0,0.0,0.0,0.0,0.0,0.0,0.0,0.0,0.0,0.0,0.0,0.0,0.0,0.0,0.0,0.0,0.0,0.0,0.0,0.0,0.0,0.0,0.0,0.0,0.0,0.0,0.0,0.0,0.0,0.0,0.0,0.0,0.0,0.0,0.0,0.0,0.0,0.0,0.0,0.0,0.0,0.0,0.0,0.0,0.0,0.0,0.0,0.0
Luftfahrtleistungen,0.00010871928680147858,0.0,0.0,0.0,0.0,0.0,0.007719069362904979,0.00010871928680147858,0.0,0.00032615786040443573,0.0010871928680147858,0.001304631441617743,0.0005435964340073929,0.0,0.0006523157208088715,0.0,0.0,0.0,0.0,0.0,0.0,0.00010871928680147858,0.00010871928680147858,0.0,0.0,0.03729071537290715,0.0,0.07479886931941726,0.0010871928680147858,0.0,0.00010871928680147858,0.0,0.0,0.0,0.002609262883235486,0.00021743857360295715,0.0034790171776473144,0.0042400521852576645,0.0,0.0,0.1527505979560774,0.39519460752337465,0.0136986301369863,0.07088497499456403,0.0015220700152207,0.0,0.005544683626875407,0.041530767558164816,0.01293759512937595,0.009458577951728636,0.0,0.00532724505327245,0.0023918243096325287,0.015655577299412915,0.0,0.003587736464448793,0.00076103500761035,0.0715372907153729,0.005435964340073929,0.026310067405957815,0.011959121548162643,0.004131332898456186,0.0,0.006305718634485757,0.0,0.0,0.00010871928680147858,0.0,0.0004348771472059143,0.0065231572080887154,0.00010871928680147858
"Lagereileist.,sonst. Dienstleistungen f.d. Verkehr",0.0,0.0,0.0,0.0,0.0,0.0,0.0,0.0,0.00042153517842793726,0.00027663246084333383,0.0005137459987090485,0.018218223492682414,0.0,0.0,0.0016071028677565108,0.0,0.0008694163055076206,0.000329324358146826,9.221082028111128e-5,6.586487162936519e-5,0.0027926705570850844,0.00042153517842793726,0.0014095082528684153,0.00018442164056222256,0.007245135879230172,0.0,1.317297432587304e-5,0.000658648716293652,0.007442730494118268,2.634594865174608e-5,0.00048740005005730246,0.0019100812772515907,0.0008298973825300015,0.017757169391276858,0.027702765007311003,0.040796701487228804,0.01122337412564383,0.002410654301634766,0.19618510663522717,0.0008298973825300015,0.00010538379460698431,0.43278489850223284,0.007034368290016203,0.012211347200084308,0.0007640325109006364,0.0,0.003991411220739531,0.03048226259007021,0.011473660637835417,0.019970229078023528,0.0,0.025239418808372743,0.0022657515840501627,0.02110310487004861,0.0,0.00035567030679857205,0.0005269189730349215,0.020865991332182893,0.03680529026648927,0.0,0.021248007587633212,0.004491984245122706,0.0,0.00017124866623634952,0.0,0.0,1.317297432587304e-5,0.0,0.004834481577595405,0.0002898054351692069,0.00025028651219158776
"Post-, Kurier- und Expressdienstleistungen",0.0,0.0,0.0,0.0,0.0,0.0,0.0,0.0,0.0002504920379316514,0.0010377527285739844,0.010735373054213633,0.012739309357666843,0.0001431383073895151,0.0,0.0005009840758633028,0.0,0.0003578457684737878,0.0,0.0,0.0,0.000644122383252818,0.0015029522275899084,0.0001431383073895151,0.0006083378064054392,0.0,0.0,0.0,0.0008230452674897118,0.018142780461621037,0.000322061191626409,0.001109321882268742,0.0022902129182322418,0.0005725532295580604,0.0,0.0286634460547504,0.13930935766684557,0.01141528001431383,0.004473072105922346,0.0,0.0,0.02687421721238146,0.37319735194131326,0.1065306852746466,0.0007514761137949542,0.002111290033995348,0.0,0.06924315619967793,0.06226516371443907,0.013311862587224903,0.0033279656468062258,0.0,0.022401145106459113,0.008194668098049739,0.002111290033995348,0.0,0.007765253175881194,0.00203972088030059,0.013490785471461798,0.011558418321703344,0.00021470746108427267,0.029951690821256035,0.0036858114152800137,0.0,0.004437287529074968,0.0,0.0,0.0,0.0006083378064054392,0.0,0.0,0.0001431383073895151
Beherbergungs- und Gastronomiedienstleistungen,0.005926415510024235,0.0002643754130865829,0.0013879709187045604,0.0,0.0,0.0,0.2145847102886098,0.0018506278916060807,0.0009032826613791584,0.0004406256884776383,0.0006829698171403393,0.0034148490857016964,0.002467503855474774,0.0,0.000991407799074686,0.0004626569729015202,0.00035250055078211057,0.0,0.0,0.0,0.0003965631196298744,0.00022031284423881914,0.0074245428508482045,0.0020709407358448996,0.0,0.0,8.812513769552764e-5,0.0009032826613791584,0.048887420136593966,0.005463758537122714,0.006763604318131747,0.03196739369905266,0.00013218770654329146,0.0,0.03965631196298744,0.005595946243666006,0.11244767569949328,0.12073143864287286,0.00015421899096717338,0.0,6.609385327164573e-5,0.006367041198501872,0.025974884335756777,0.0014320334875523243,0.012029081295439524,0.008437981934346772,0.022626129103326724,0.006234853491958581,0.027825512227362854,0.005772196519057061,0.0,0.14794007490636701,0.008460013218770653,0.0027539105529852392,0.0,0.0016082837629433795,0.004582507160167438,0.022273628552544614,0.008283762943379598,0.0031945362414628775,0.03491958581185283,0.013218770654329148,0.0,0.0,0.0019167217448777263,0.0,0.0012778144965851508,0.0,0.0018065653227583168,0.003018285966071822,0.011346111478299184
Dienstleistungen des Verlagswesens,0.0,0.0,0.0,0.0,0.0,0.0,0.0,0.0,0.0,0.006906534325889165,0.14177005789909017,0.0013647642679900744,0.001488833746898263,0.0,0.0,0.0,0.0,0.0,0.0,0.0,0.00037220843672456576,0.0007857733664185277,0.000206782464846981,0.00016542597187758478,0.0,0.0,0.0,0.00012406947890818859,0.00794044665012407,0.0011166253101736973,0.001075268817204301,0.003515301902398677,0.00028949545078577337,0.0,0.021588089330024814,0.0037220843672456576,0.021712158808933003,0.013564929693961952,0.016708023159636064,0.0,0.0014474772539288668,0.0,0.023118279569892475,0.006906534325889165,0.056947890818858565,0.003308519437551696,0.08730355665839537,0.15607940446650126,0.015384615384615385,0.005169561621174525,0.0,0.03469809760132341,0.04036393713813069,0.005252274607113317,0.0,0.025475599669148054,0.06898263027295284,0.02303556658395368,0.001695616211745244,0.00012406947890818859,0.12311827956989248,0.005707196029776675,0.0,0.004549214226633582,0.0,0.0,0.06033912324234905,0.0,0.004797353184449959,0.0013234077750206782,0.00045492142266335815
"DL v. audiovis.Med., Musikverlag. u.RF-veranstalt.",0.0,0.0,0.0,0.0,0.0,0.0,0.0010529086601737297,0.00036851803106080543,0.0004211634640694919,0.0006317451961042378,0.0311660963411424,0.002790207949460384,0.0002632271650434324,0.0,0.0,0.0,0.0,0.0,0.0,0.0,0.0007370360621216109,0.012687549355093444,0.0002632271650434324,0.00010529086601737297,0.0,0.0,0.0,0.0036851803106080537,0.010213214003685179,0.0014214266912345353,0.00036851803106080543,0.0022111081863648327,0.0007370360621216109,0.0,0.029586733350881803,0.002316399052382205,0.012792840221110817,0.004474861805738352,0.0037378257436167404,0.0,0.0026322716504343243,0.0002632271650434324,0.010318504869702552,0.028112661226638583,0.004369570939720979,0.38852329560410626,0.05875230323769411,0.0483285075019742,0.011371413529876282,0.005159252434851276,0.0,0.049223479863121866,0.024322190050013157,0.0014214266912345353,0.0,0.00942353250855488,0.015109239273493022,0.0331139773624638,0.002474335351408265,0.002369044485390892,0.08865490918662805,0.009686759673598314,0.0,0.0038957620426428,0.0,0.0,0.0744406422742827,0.0,0.002579626217425638,0.0013687812582258486,0.002053171887338773
Telekommunikationsdienstleistungen,0.0,0.0,0.0,0.0,0.0,0.0,0.0,0.0,0.0005849142973399116,0.00012715528203041557,0.009689232490717665,0.0011443975382737402,0.0,0.0,0.0010172422562433245,0.0,0.003534916840445553,0.00027974162046691425,2.5431056406083113e-5,0.0,0.0007629316921824934,0.030593560856517984,0.002263364020141397,0.0012715528203041558,0.0,0.0,7.629316921824934e-5,0.016072427648644527,0.02026855195564824,0.0005086211281216623,0.0007629316921824934,0.0028228472610752255,0.0012461217638980726,0.0,0.034408219317430454,0.005416815014495703,0.019403896037841414,0.00867199023447434,0.0003306037332790805,0.0,0.0006103453537459947,0.003204313107166472,0.06403540003051728,0.0035094857840394693,0.0034331926148212207,0.0,0.41058440567621185,0.10035094857840397,0.014750012715528206,0.002670260922638727,0.0,0.12748588576369466,0.016453893494735774,0.007451299526982352,0.0,0.004959055999186207,0.009485784039469002,0.015640099689741116,0.0057219876913687006,0.0002034484512486649,0.031610803112761314,0.0042724174762219635,0.0,0.00612888459386603,0.0,0.0,0.0004068969024973298,0.002466812471390062,0.00012715528203041557,0.0009409490870250752,0.002212501907329231
IT- und Informationsdienstleistungen,0.0,0.0,0.0,0.0,0.0,0.0,0.0,0.0,0.0,0.0,0.0,0.0006206003865453836,0.0,0.0,0.0,0.0,0.0,0.0,0.0,0.0,0.0,0.001595829565402415,1.7731439615582388e-5,0.0,0.0,1.7731439615582388e-5,0.0,0.0,0.004060499671968368,0.000319165913080483,0.000319165913080483,0.002056846995407557,8.865719807791196e-5,0.0,0.00808553646470557,0.0,0.006649289855843396,0.0020213841161763925,0.0006028689469298013,1.7731439615582388e-5,0.0005319431884674717,0.0,0.0,0.0016490238842491623,0.004273276947355356,0.0018440697200205684,0.015089455112860613,0.8279341099703885,0.013227653953224462,0.0014539780484777557,0.0,0.003954111034274873,0.028317109066085075,0.007801833430856251,0.0,0.0,0.0,0.015053992233629448,0.014663900562086636,0.0014894409277089206,0.007535861836622516,0.008546553894710712,0.0,0.015993758533255315,0.0,0.0,0.0,0.0,0.0012589322127063496,0.0011702750146284377,0.001737681082327074
Finanzdienstleistungen,0.0,0.0,0.0,0.0,0.0,0.0,0.0,0.0,4.6712237049032275e-5,0.0002958441679772044,0.003768120455288603,4.6712237049032275e-5,0.0,0.0,4.6712237049032275e-5,0.0,0.0,0.0,0.0,0.0,6.228298273204302e-5,0.00042041013344129043,6.228298273204302e-5,0.0,1.5570745683010756e-5,0.0,1.5570745683010756e-5,4.6712237049032275e-5,0.009902994254394842,0.001292371891689893,0.0006695420643694625,0.0044999455023901095,0.0,0.0,0.012425455055042585,0.0014480793485200005,0.002584743783379786,0.0013235133830559144,0.0014947915855690328,0.0,0.0014325086028369898,0.00020241969387913984,0.010899521978107531,0.0029273001884060224,0.0033944225588963452,0.0004826931161733335,0.013998100369026671,0.08540554007131401,0.2963112903476947,0.016349282967161295,0.12061099606060133,0.08946950469457982,0.12626317674353424,0.008937608022048175,0.0,0.005262912040857636,0.03104806689192345,0.010136555439640003,0.0009342447409806455,0.001276801146006882,0.09245908786571787,0.006212727527521293,0.0,0.01933886613829936,0.0,0.0,0.00034255640502623666,0.008361490431776777,0.004780218924684303,0.0012145181632748391,0.001479220839886022
Dienstleistungen v.Versicherungen u.Pensionskassen,0.0,0.0,0.0,0.0,0.0,0.0,0.0,0.0,0.0,0.0,0.0009564583712880306,2.2772818364000726e-5,0.0,0.0,0.0,0.0,0.0,0.0,0.0,0.0,0.0,2.2772818364000726e-5,0.0,0.0,0.0,0.0,0.0,0.0,0.003347604299508107,0.0011386409182000364,0.0005920932774640189,0.0021634177445800694,0.0,0.0,0.010270541082164327,0.0014802331936600473,0.00218619056294407,0.0011386409182000364,0.0005693204591000182,0.0,0.0006148660958280196,0.0,0.014961741665148479,0.0005693204591000182,0.0029604663873200945,0.0009564583712880306,0.012274549098196391,0.03816724357806522,0.04012570595736928,0.14253507014028055,0.4479185644015303,0.05782018582619784,0.09065858990708689,0.0026416469302240845,0.0,0.008425942794680268,0.031358170887229,0.01004281289852432,0.0006376389141920204,0.0009792311896520314,0.05702313718345783,0.0035070140280561123,0.0,0.003985243213700127,0.0003188194570960102,0.0,0.0001821825469120058,0.0024139187465840773,0.002618874111860084,0.001411914738568045,0.001002004008016032
Mit Finanz- u.Versicherungs-DL verbundene Dienstl.,0.0,0.0,0.0,0.0,0.0007730464472073698,0.0,0.0,0.0,0.0001288410745345616,0.00019326161180184244,0.0003865232236036849,6.44205372672808e-5,0.0,0.0,0.0,0.0,0.0,0.0,0.0,0.0,0.0,0.0002576821490691232,6.44205372672808e-5,0.0,0.0,0.0,0.0,0.0,0.0032854474006313215,0.0007086259099400889,6.44205372672808e-5,0.0007730464472073698,6.44205372672808e-5,0.0,0.0014816723571474588,0.0035431295497004448,0.0047026992205115,0.0036075500869677257,0.0003865232236036849,0.0,0.0001288410745345616,0.0,0.029311344456612768,0.022547188043548282,0.012562004767119758,6.44205372672808e-5,0.015718611093216518,0.04052051794111963,0.07562971075178768,0.11073890356245572,0.21909424724602206,0.07395477678283838,0.140630032854474,0.006248792114926238,0.0,0.0006442053726728081,0.07311730979836373,0.05211621464923018,0.0,0.0012239902080783353,0.09482703085743736,0.0018037750434838629,0.0,0.003736391161502287,0.0,0.0,0.0001288410745345616,0.0,0.0014816723571474588,0.0028345036397603557,0.0004509437608709657
Dienstleistungen d. Grundstücks- u. Wohnungswesens,0.0,0.0,0.0,0.0,0.0,0.0,0.0,0.0,0.00012036145470705874,1.851714687800904e-5,5.555144063402712e-5,1.851714687800904e-5,4.6292867195022595e-5,0.0,6.481001407303164e-5,0.0,0.00012036145470705874,0.0,0.0,0.0,0.00026849862973113105,9.25857343900452e-6,2.777572031701356e-5,0.0,0.0,0.0,9.25857343900452e-6,0.0005369972594622621,0.008860454781127325,7.406858751203616e-5,0.00021294718909710395,0.0005277386860232576,0.019841122879786684,0.061245463299014896,0.31311569513369386,0.0001944300422190949,0.0018517146878009039,0.001194355973631583,0.0,0.0,6.481001407303164e-5,9.258573439004519e-5,0.0008703059032664248,0.0006758758610473299,0.0027960891785793647,9.258573439004519e-5,0.005277386860232576,0.005703281238426784,0.20477186875046294,0.001055477372046515,0.0,0.15546996518776388,0.1245648470483668,0.013230501444337458,0.0,0.00012036145470705874,0.009545589215613659,0.0011480631064365605,0.0012962002814606325,0.00032405007036515813,0.03511776905414414,0.020516998740834017,0.0,0.008064217465372937,0.0,0.0,9.25857343900452e-6,0.0,0.00012036145470705874,0.00015739574846307681,0.000499962965706244
"DL der Rechts-, Steuer- und Unternehmensberatung",0.0,0.0,0.0,0.0,0.0,0.0,0.0002129528575611574,0.0,0.0001730241967684404,0.002089599914818857,0.008105518140921553,0.001929885271647989,0.00029281017914659145,0.0,0.0,0.0,0.0,0.0,0.0,0.0,0.0,0.00046583437591503184,0.0,0.0,0.0,0.0,0.0,0.0,0.005643250725370671,0.001184550270183938,0.001184550270183938,0.0032076024170149334,0.00015971464317086805,0.0,0.02271940799105598,0.0029414113450634866,0.007945803497750686,0.005882822690126973,0.0002795006255490191,0.0,0.0009582878590252082,0.0016104559853062528,0.010820667074826311,0.002129528575611574,0.014733675832512578,0.0019831234860382785,0.007732850640189528,0.03794553730667874,0.020097425932334233,0.004591795991162457,0.0,0.09218196821678601,0.568557510581095,0.014627199403732,0.0,0.0028083158090877634,0.03545665078393271,0.0,0.005909441797322118,0.0012644075917693722,0.04630393696595416,0.04369526446082998,0.0,0.0003859770543295978,7.985732158543403e-5,0.0,0.0003593579471344531,0.0,0.009010567785556473,0.001064764287805787,0.01127319189714377
"DL v. Arch.-/Ing.-büros,techn.,phys.,chem.Unters.",0.0,0.00012407332733645584,0.0,0.0,0.0,0.0,0.0,0.0,0.0,0.004156456465771271,0.004807841434287664,0.0011786966096963304,9.305499550234188e-5,0.0,0.002481466546729117,0.00012407332733645584,0.0,0.0004342566456775955,0.0,0.0,0.0,0.0006513849685163931,0.0,0.0,0.0,0.00018610999100468375,0.0,0.00046527497751170944,0.007289307981016781,0.0011476782778622166,0.0010546232823598746,0.002946741524240826,9.305499550234188e-5,0.0,0.02146468562920686,0.003008778187909054,0.017804522472781414,0.011755947765129192,9.305499550234188e-5,0.0,0.0019231365737150655,0.0010546232823598746,0.009677719532243556,0.001674989919042154,0.028071590309873135,0.001581934923539812,0.016936009181426223,0.03774930984211669,0.026520673718167437,0.004559694779614752,0.0,0.14206395980024195,0.4070225503272434,0.07239678650082199,0.0,0.002822668196904371,0.025497068767641677,0.00018610999100468375,0.011290672787617483,0.00031018331834113964,0.05989639877167406,0.0491020192934024,0.0,0.0014268432643692423,9.305499550234188e-5,0.0,0.00012407332733645584,0.0,0.009057352895561277,0.0019231365737150655,0.005676354725642855
Forschungs- und Entwicklungsleistungen,0.00036909902926955305,0.0,0.0,3.6909902926955306e-5,0.0,0.00014763961170782122,0.003248071457572067,0.0004060089321965084,0.0008120178643930167,0.0026575130107407818,0.0054257557302624295,0.0030635219429372904,0.004207728933672905,0.0016978555346399441,0.00605322408002067,0.0008858376702469272,0.0004429188351234636,0.002509873399032961,0.0011442069907356145,0.0031004318458642457,0.011036060975159636,0.007345070682464105,0.0037279001956224854,0.004503008157088547,0.02484036466984092,0.0013287565053703909,0.0019931347580555863,0.03713136234451704,0.03240689476986676,0.002805152622448603,0.0029527922341564244,0.012217177868822204,0.0010703871848817038,0.0015871258258590782,0.028937363894732955,0.02114937437714539,0.04148673088989776,0.017273834569815082,0.037943380208910055,0.00018454951463477652,0.006422323109290223,0.03081976894400768,0.02159229321226885,0.0017347654375668995,0.013509024471265643,0.0008120178643930167,0.012438637286383936,0.094969180231056,0.03635625438305097,0.012992285830288268,0.0005905584468312849,0.05204296312700698,0.05713652973092681,0.0361717048684162,0.03229616506108589,0.013361384859557821,0.013324474956630864,0.01579743845273687,0.034363119624995386,0.0021407743697634076,0.053334809729450414,0.017716753404938546,0.0004798287380504189,0.08544642527590153,0.012660096703945668,0.0,0.0008489277673199721,0.004023179419038128,0.004060089321965083,0.0018085852434208097,0.0026206031078138264
Werbe- und Marktforschungsleistungen,0.0,0.0,0.0,0.0,0.0,0.0,0.0,0.0004150066401062416,0.002822045152722443,0.004482071713147409,0.016600265604249664,0.0021580345285524562,0.0,0.0,0.003320053120849933,0.00024900398406374496,0.0015770252324037181,0.00016600265604249664,0.0,0.0,0.0024070385126162015,0.0009960159362549798,0.0010790172642762281,0.00016600265604249664,0.0,0.0,0.0,0.0003320053120849933,0.005229083665338644,0.0016600265604249664,0.0012450199203187249,0.002905046480743691,0.00024900398406374496,0.0,0.026892430278884456,0.005893094289508631,0.017928286852589636,0.013197211155378483,8.300132802124832e-5,0.0,0.0006640106241699866,0.001826029216467463,0.01842629482071713,0.003237051792828685,0.031706507304116865,0.33939243027888444,0.0645750332005312,0.07544820717131473,0.027473439575033193,0.004150066401062416,0.0,0.08764940239043822,0.07030212483399734,0.013280212483399731,0.0,0.009545152722443558,0.026394422310756966,0.006059096945551128,0.0049800796812748994,0.0003320053120849933,0.04067065073041168,0.04805776892430278,0.0,0.0015770252324037181,0.0,0.0,0.00016600265604249664,0.0,0.004648074369189906,0.0022410358565737045,0.005146082337317396
"Sonst. freiberufl.,wiss.,techn. u.veterinärmed. DL",0.0002408912978018669,0.0,0.0,0.0,0.0,0.0,0.0002408912978018669,6.0222824450466725e-5,0.0003613369467028003,0.011803673592291477,0.020475760313158686,0.004878048780487805,0.0007226738934056006,0.0004817825956037338,0.0038542607648298704,0.00018066847335140016,0.0,0.00042155977115326706,0.0,0.0,0.00018066847335140016,0.001324902137910268,6.0222824450466725e-5,0.0003613369467028003,0.0,0.0,0.000903342366757001,0.009515206263173741,0.016862390846130684,0.0013851249623607347,0.0015055706112616681,0.003974706413730804,0.0005420054200542004,0.0,0.04595001505570612,0.0077687443541102075,0.03396567299006323,0.037880156579343564,0.0021680216802168017,0.0,0.0019271303824149352,0.01174345076784101,0.019993977717554953,0.002408912978018669,0.052815417043059316,0.002288467329117736,0.03011141222523336,0.06034327009936766,0.04679313459801264,0.005600722673893405,0.0,0.07907256850346281,0.2472146943691659,0.025112917795844625,0.0,0.0023486901535682025,0.04251731406202951,0.0,0.002288467329117736,0.0002408912978018669,0.07286961758506474,0.060042155977115326,0.0,0.004516711833785004,0.0072869617585064736,0.0,0.0002408912978018669,0.0,0.006443842216199939,0.003071364046973803,0.0046371574826859375
Dienstleist. der Vermietung v. beweglichen Sachen,0.0,0.0,0.0,0.0,0.0,0.0,0.0,0.0,0.0002578648788035069,0.0008165721162111052,0.0018050541516245484,0.0015471892728210416,8.595495960116896e-5,0.0,0.0,0.0,0.0006016847172081828,0.0,0.0,0.0,0.0,0.0002578648788035069,0.0,0.0,0.0,0.0,0.0,0.0,0.003653085783049681,0.00034381983840467585,0.0002578648788035069,0.0020629190304280553,0.00021488739900292242,0.0,0.017491834278837888,0.03597215059308922,0.004039883101254941,0.0026216262678356536,0.0,0.0,0.0003008423586040914,0.008423586040914558,0.0027935361870379915,0.0,0.007649991404504039,0.0003867973182052604,0.006661509369090595,0.03769124978511259,0.03261990716864362,0.05741791301358087,0.0012463469142169501,0.033479456764655316,0.04912325941206807,0.021875537218497502,0.0,0.010787347429946706,0.010228640192539107,0.5440089393157984,0.00928313563692625,0.00047275227780642934,0.07310469314079421,0.014784253051401063,0.0,4.297747980058448e-5,0.0,0.0,0.0,0.0,0.0017190991920233794,0.0010314595152140277,0.002836513666838576
DL d. Vermittlung u. Überlassung v. Arbeitskräften,0.0,0.0,0.0,0.0,0.0,0.0,0.0,0.0,0.0001159823706796567,0.002783576896311761,0.01588958478311297,0.0006958942240779403,0.0002319647413593134,0.0,0.0,0.0,0.0,0.0,0.0,0.0,0.0,0.0,0.0,0.0,0.0,0.0,0.0,0.012410113662723267,0.003595453491069358,0.0005799118533982835,0.0004639294827186268,0.0025516121549524476,0.0,0.0,0.04790071909069822,0.0004639294827186268,0.006263048016701462,0.00672697749942009,0.0,0.0,0.0006958942240779403,0.0005799118533982835,0.14091858037578292,0.0004639294827186268,0.02226861517049409,0.0025516121549524476,0.08605891904430528,0.08269543029459522,0.043145441892832294,0.006495012758060775,0.0,0.3238227789376015,0.059846903270702856,0.007190906982138716,0.0,0.020876826722338208,0.012178148921363954,0.0009278589654372536,0.022036650429134774,0.0005799118533982835,0.03827418232428671,0.019485038274182326,0.0,0.0,0.0,0.0,0.0001159823706796567,0.0,0.0038274182324286713,0.0,0.004291347715147298
"DL v. Reisebüros, -veranstaltern u. sonst. Reserv.",0.0,0.0,0.0,0.0,0.0,0.0,0.0,0.0,0.0,0.00028143249138112993,0.02068528811651305,0.0014071624569056496,0.0,0.0,0.0,0.0,0.0,0.0,0.0,0.0,0.0,0.00028143249138112993,0.0,0.0,0.0,0.0,0.0,0.0,0.004643636107788643,0.00014071624569056497,0.00014071624569056497,0.0,7.035812284528248e-5,0.0,0.006332231056075423,0.0014071624569056496,0.0019700274396679093,0.0007739393512981073,0.3957644410047139,0.007317244775909377,0.2411876451136283,0.0,0.008372616618588615,0.012523745866460281,0.002392176176739604,0.0,0.08963624850488987,0.03743052135369027,0.012945894603531976,0.0011257299655245197,0.0,0.024273552381622453,0.03405333145711672,0.0004221487370716948,0.0,0.012523745866460281,0.0007739393512981073,0.0329276014915922,0.0016885949482867793,0.006121156687539576,0.02955041159501864,0.0011257299655245197,0.0,0.0,0.0,0.0,0.0003517906142264124,0.0,0.0031661155280377114,0.0036586223879546886,0.002532892422430169
"Wach-, Sicherheits-DL, wirtschaftliche DL a.n.g",0.018248765881686495,0.000667637776159262,0.0,0.0,0.0,0.0007890264627336733,0.00024277737314882256,0.002974022821073076,0.005583879582422919,0.007445172776563891,0.013676458687383672,0.004815084567451647,0.020271910657926683,0.0,0.008780448328882416,0.003358420328558712,0.003419114671845918,0.0003843975074856356,0.0,0.0,0.011572388120093875,0.004875778910738853,0.003095411507647487,0.000667637776159262,0.0,0.0007687950149712713,2.023144776240188e-5,0.0020636076717649916,0.01626608400097111,0.001517358582180141,0.0016185158209921502,0.015477057538237436,0.0007485635672088694,0.0,0.04887917779396294,0.003965363761430768,0.04748320789835721,0.020980011329610748,0.003075180059885085,0.0,0.0007687950149712713,0.0019017560896657764,0.009670632030428098,0.002812171238973861,0.0279800922554018,0.0013757384478433278,0.008962531358744032,0.029517682285344342,0.02013029052358987,0.007081006716840658,0.0,0.09974103746864126,0.2896536376143077,0.01648862992635753,0.0,0.002468236627013029,0.020959779881848346,0.023731488225297404,0.021951120822206037,0.0002832402686736263,0.09446062960265438,0.03649753176337299,0.0,0.0037225863882819456,0.000667637776159262,0.0,0.00020231447762401877,8.092579104960752e-5,0.004147446791292386,0.0008294893582584769,0.0001820830298616169
DL d. öffentlichen Verwaltung und der Verteidigung,0.003960263122566787,0.0001745200698080279,0.0,9.397234528124579e-5,1.3424620754463684e-5,0.0032621828433346753,0.03623305141629748,0.00045643710565176524,0.0013693113169552958,0.00020136931131695528,0.005987380856490803,0.005906833131964021,0.004631494160289971,0.0,0.0014095851792186869,0.00013424620754463683,0.0042824540206739155,8.054772452678212e-5,0.00018794469056249158,0.00013424620754463683,0.0023090347697677536,0.0037186199489864405,0.0004698617264062289,0.00044301248489730157,0.0008054772452678211,0.039199892603033956,9.397234528124579e-5,0.0046583434017988985,0.02445965901463283,0.004269029399919452,0.0015706806282722511,0.03368237347294938,0.0005504094509330111,0.0,0.09734192509061618,0.011813666263928041,0.040971942542623166,0.02650020136931131,0.024902671499530134,1.3424620754463684e-5,0.002470130218821318,0.0023224593905222172,0.019640220163780368,0.012082158679017315,0.02087528527319103,0.00561149147536582,0.017371459256276006,0.03369579809370385,0.01989528795811518,0.02722513089005235,6.712310377231842e-5,0.07511075312122431,0.02547993019197207,0.01974761712981608,0.0,0.00229561014901329,0.010296684118673646,0.012337226473352125,0.00010739696603570947,0.002349308632031145,0.08948852194925491,0.04397905759162303,0.04310645724258289,0.047711102161363934,0.004067660088602497,0.0,0.00433615250369177,0.06878775674587193,0.0018123238018525974,0.000724929520741039,0.0007115048999865752
Dienstleistungen der Sozialversicherung,0.0,0.0,0.0,0.0,0.0,0.0,0.0,0.00010413412475268145,0.0002082682495053629,0.0005206706237634072,0.00791419348120379,0.00031240237425804435,0.0,0.0,0.0,0.0,0.0,0.0,0.0,0.0,0.0005206706237634072,0.0012496094970321774,0.0,0.0,0.0,0.0,0.0,0.00010413412475268145,0.002499218994064355,0.0006248047485160887,0.0033322919920858065,0.008955534728730605,0.0005206706237634072,0.0,0.09549099239820888,0.004477767364365302,0.011975424346558367,0.007393522857440383,0.0007289388732687702,0.0,0.0005206706237634072,0.0,0.022909507445589918,0.0,0.021764032073310423,0.0,0.04165364990107258,0.2681453712381547,0.08570238467145683,0.0023950848693116734,0.0,0.08007914193481203,0.0662293033427054,0.0014578777465375403,0.0,0.009059668853483286,0.014162240966364677,0.011663021972300323,0.0,0.0004165364990107258,0.08330729980214516,0.07372696032489846,0.0,0.05550348849317921,0.0037488284910965324,0.0,0.0,0.0009372071227741331,0.00718525460793502,0.002082682495053629,0.0004165364990107258
Erziehungs- und Unterrichtsdienstleistungen,0.0006371897163120567,0.0,0.0,0.0,0.0,0.0,0.017730496453900707,5.5407801418439715e-5,0.0018007535460992906,0.0003324468085106383,0.00390625,0.0007757092198581561,0.0008311170212765956,0.0,0.00011081560283687943,0.0003324468085106383,2.7703900709219857e-5,2.7703900709219857e-5,0.0,0.0,0.0008311170212765956,0.0027980939716312054,0.00013851950354609927,0.0,0.0,0.0,0.0009419326241134751,0.001385195035460993,0.028562721631205674,0.005263741134751773,0.005457668439716312,0.006870567375886524,0.004432624113475177,0.0,0.06776374113475177,0.0042109929078014184,0.024462544326241134,0.01969747340425532,0.12275598404255318,0.0,0.00013851950354609927,0.0,0.0003324468085106383,0.0,0.026180186170212765,0.0012466755319148935,0.004294104609929078,0.05875997340425532,0.010222739361702128,0.040336879432624116,0.0,0.016345301418439716,0.004737367021276595,0.006925975177304964,0.0,0.0006094858156028369,0.0014128989361702126,0.019475842198581558,5.5407801418439715e-5,0.0015791223404255318,0.04346742021276596,0.009419326241134751,0.0,0.38461325354609927,0.012411347517730497,0.0,0.001357491134751773,0.028535017730496454,0.0016345301418439716,0.0031028368794326243,0.0006648936170212766
Dienstleistungen des Gesundheitswesens,0.0015352768673451782,0.00010350181128169742,8.625150940141451e-5,0.0,1.7250301880282903e-5,0.0,0.06211833707089873,0.0011385199240986714,0.0005865102639296187,0.00027600483008452645,0.001052268414697257,0.0026737967914438497,0.0036743143005002585,0.00505433845092289,0.003191305847852337,0.00041400724512678967,0.00017250301880282902,0.0,0.0,0.0,0.0005520096601690529,0.0026737967914438497,0.0001207521131619803,0.001397274452302915,0.0,0.0,0.035915128514749005,0.004122822149387613,0.036518889080558906,0.0034155597722960148,0.0035018112816974293,0.014214248749353111,0.0008452647921338623,0.018751078143867513,0.04112471968259444,0.0031050543384509226,0.11093669139209933,0.15495946179058132,0.0002415042263239606,0.0,0.00010350181128169742,0.0,0.006606865620148351,0.001880282904950836,0.008987407279627392,0.00213903743315508,0.004450577885112989,0.035225116439537685,0.04084871485250991,0.007089874072796273,0.0,0.05820251854407451,0.020372606520614105,0.0027082973952044153,0.0,0.0006382611695704674,0.006210108676901845,0.01574952561669829,0.011281697429705018,0.0004485078488873555,0.07279627393479385,0.00933241331723305,0.0,0.004019320338105916,0.15583922718647572,0.0,3.4500603760565806e-5,0.0014317750560634808,0.007952389166810419,0.0009660169052958424,0.010194928411247195
Dienstleistungen von Heimen und des Sozialwesens,0.0026514883688043556,0.0001767658912536237,0.0001060595347521742,0.0,0.0,0.0,0.0713073605317118,0.0016969525560347873,0.0005656508520115958,0.0014848334865304388,0.013893799052534824,0.002580782012302906,0.002580782012302906,0.009015060453934808,0.006646397511136251,0.0005302976737608711,0.0006363572085130453,0.0,0.0,0.0,0.0010959485257724668,0.005020151311602912,0.0009191826345188432,0.0007777699215159443,0.0,0.0,0.007919111928162342,0.007813052393410166,0.037827900728275465,0.003217139220815951,0.004065615498833345,0.017429116877607294,0.0012020080605246411,0.0,0.04267128614862476,0.004454500459591317,0.08233755214593792,0.13469560913526124,0.0,0.0,0.0002121190695043484,0.0,0.01290391006151453,0.001626246199533338,0.02103514105918122,0.0021918970515449336,0.01417662447854062,0.036378420419995755,0.02128261330693629,0.010924132079473943,0.0,0.08120625044191473,0.028317895778830517,0.0025454288340521812,0.0,0.0010252421692710173,0.007176695184897121,0.023969454853991372,0.01081807254472177,0.00038888496075797213,0.074878031535035,0.009757477197200028,0.0,0.015201866647811637,0.10913526125998728,0.0308633246128827,0.0,0.0,0.003040373329562328,0.0010605953475217422,0.014565509439298591
"Dienstleist. der Kunst, Kultur u. des Glücksspiels",0.0012015292190060076,0.0,0.0,0.0,0.0,0.0,0.006881485527034407,0.0036045876570180227,0.002184598580010923,0.0012015292190060076,0.007864554888039322,0.007536865101037684,0.0017476788640087382,0.0,0.00010922992900054613,0.0,0.002512288367012561,0.0,0.0,0.0,0.0006553795740032769,0.001638448935008192,0.0012015292190060076,0.0005461496450027307,0.0,0.00010922992900054613,0.0013107591480065537,0.0006553795740032769,0.028618241398143087,0.003276897870016384,0.0033861277990169304,0.011469142545057345,0.0008738394320043691,0.0,0.06848716548334242,0.008410704533042053,0.04926269797924631,0.03943200436919715,0.001638448935008192,0.0,0.0028399781540141998,0.0,0.04380120152921901,0.02140906608410704,0.08225013653741124,0.027307482250136534,0.05811032222829055,0.035827416712179136,0.02796286182413981,0.010158383397050792,0.0,0.026979792463134894,0.025341343528126704,0.0019661387220098305,0.0,0.00906608410704533,0.03167667941015838,0.02829055161114145,0.0013107591480065537,0.015729109776078644,0.07515019115237574,0.013216821409066083,0.0,0.008410704533042053,0.0,0.0,0.15947569634079736,0.0,0.009175314036045875,0.0,0.028727471327143636
"DL des Sports, der Unterhaltung und der Erholung",0.0,0.0,0.0,0.0,0.0,0.0,0.0030251465305350727,0.0005672149744753262,0.0017016449234259785,0.0009453582907922103,0.0012289657780298732,0.003875968992248062,0.00274153904329741,0.0,0.0,0.0002836074872376631,0.0006617508035545471,0.0,0.0,0.0,0.0,0.0011344299489506524,9.453582907922102e-5,0.0,9.453582907922102e-5,0.0002836074872376631,9.453582907922102e-5,9.453582907922102e-5,0.02316127812440915,0.0005672149744753262,0.015220268481754584,0.02212138400453772,0.0,0.0,0.014180374361883154,0.0011344299489506524,0.012289657780298733,0.00926451124976366,0.0013235016071090943,0.0,0.0006617508035545471,0.0,9.453582907922102e-5,0.054641709207789754,0.009926262053318207,0.005388542257515599,0.014558517678200036,0.009548118737001322,0.012573265267536396,0.0017016449234259785,0.0,0.030818680279826056,0.009359047078842882,0.0022688598979013048,0.0,0.010588012856872754,0.033182076006806574,0.029022499527320854,0.0010398941198714313,0.04528266212894687,0.03403289846851957,0.0069956513518623555,0.0,0.00642843637738703,0.024484779731518247,0.0,0.0463225562488183,0.4740026470032142,0.0008508224617129892,0.0,0.020136131593874076
"DL d. Interessenvertr., kirchl. u.sonst. Vereinig.",0.0006035003017501509,0.0011064172198752766,0.0,0.0,0.0,0.0,0.0188090927378797,0.0019110842888754778,0.0002011667672500503,0.0015087507543753772,0.0196137598068799,0.006839670086501709,0.0,0.0,0.0,0.0,0.0006035003017501509,0.0,0.0,0.0,0.0019110842888754778,0.0008046670690002012,0.0002011667672500503,0.0,0.0,0.0,0.005230335948501308,0.0,0.021625427479380406,0.004526252263126132,0.002715751357875679,0.008650170991752163,0.0011064172198752766,0.0,0.07795212230939448,0.001408167370750352,0.04144035405351036,0.02253067793200563,0.07644337155501911,0.0,0.0010058338362502514,0.0,0.01116475558237779,0.04415610541138604,0.049587608127137396,0.008851337759002213,0.009052504526252263,0.016696841681754174,0.09676121504727418,0.02625226312613156,0.0,0.08569704284852142,0.04204385435526051,0.025548179440756384,0.0,0.0009052504526252262,0.013981090323878495,0.042144437738885536,0.000704083685375176,0.0005029169181251257,0.027157513578756787,0.05733252866626433,0.0,0.030778515389257695,0.0,0.0,0.012975256487628244,0.07734862200764434,0.0010058338362502514,0.00030175015087507544,0.00030175015087507544
Reparaturarbeiten an DV-Geräten u. Gebrauchsgütern,0.0,0.0,0.0,0.0,0.0,0.0,0.0,0.002624671916010499,0.002624671916010499,0.0,0.006124234470691165,0.002624671916010499,0.018372703412073494,0.0,0.05599300087489065,0.0,0.0,0.0,0.0,0.03674540682414699,0.03412073490813649,0.02887139107611549,0.025371828521434825,0.025371828521434825,0.0,0.0,0.0,0.0,0.03674540682414699,0.010498687664041996,0.004374453193350831,0.025371828521434825,0.0017497812773403327,0.0,0.025371828521434825,0.011373578302712161,0.14873140857392828,0.07436570428696414,0.004374453193350831,0.0,0.002624671916010499,0.022747156605424323,0.027121609798775155,0.0,0.01224846894138233,0.0,0.03674540682414699,0.020122484689413828,0.06211723534558181,0.013998250218722662,0.0,0.03412073490813649,0.01662292213473316,0.025371828521434825,0.0,0.007874015748031496,0.007874015748031496,0.042869641294838154,0.03849518810148732,0.0,0.027121609798775155,0.008748906386701663,0.0,0.0034995625546806654,0.0,0.0,0.0008748906386701664,0.0,0.004374453193350831,0.0,0.002624671916010499
Sonstige überwiegend persönliche Dienstleistungen,0.0002559672361937672,0.0007039098995328598,0.0,0.0,0.0,0.0,0.0031355986433736485,0.0010878607538235105,0.04856978306776733,0.0010238689447750688,0.001343827990017278,0.009662763166314712,0.012030460101107058,0.0,0.0005119344723875344,0.0,0.004671402060536251,0.0,0.0,0.0,6.39918090484418e-5,0.0008318935176297434,0.005183336532923785,0.000319959045242209,0.0,0.0,0.0,0.0005119344723875344,0.05496896397261151,6.39918090484418e-5,0.014334165226850963,0.024956805528892304,0.0002559672361937672,0.0,0.023676969347923467,0.0008958853266781852,0.04767389774108914,0.027964420554169065,0.0004479426633390926,0.0,0.0004479426633390926,0.0,0.004671402060536251,0.004415434824342484,0.004031483970051834,0.0007679017085813016,0.01996544442311384,0.02207717412171242,0.05061752095731747,0.004159467588148717,0.0,0.049785627439687716,0.017405772061176168,0.002559672361937672,0.0,0.0021117296985985793,0.0030076150252767646,0.03321174889614129,0.0028156395981314393,0.0003839508542906508,0.10206693543226467,0.00390350035195495,0.0,6.39918090484418e-5,0.0,0.0,0.0,0.0,0.011262558392525757,0.0,0.37511998464196583
