"Erz. d. Landwirtschaft, Jagd und Dienstleistungen",Forstwirtschaftl. Erzeugnisse und Dienstleistungen,"Fische, Fischerei- und Aquakulturerzeugnisse, DL",Kohle,Erdöl und Erdgas,"Erze, Steine und Erden, sonstige Bergbauerz., DL","Nahrungs- u. Futtermittel, Getränke, Tabakerzeugn.","Textilien, Bekleidung, Leder und Lederwaren","Holz,Holz- u.Korkwaren (oh.Möbel),Flecht- u.Korbw.","Papier, Pappe und Waren daraus","Druckereileist., besp. Ton-, Bild- u. Datenträger",Kokerei- und Mineralölerzeugnisse,Chemische Erzeugnisse,Pharmazeutische Erzeugnisse,Gummi- und Kunststoffwaren,Glas und Glaswaren,"Keramik, bearbeitete Steine und Erden","Roheisen, Stahl, Erz.d.erst. Bearb.v.Eisen u.Stahl",NE-Metalle und Halbzeug daraus,Gießereierzeugnisse,Metallerzeugnisse,"DV-Geräte, elektronische und optische Erzeugnisse",Elektrische Ausrüstungen,Maschinen,Kraftwagen und Kraftwagenteile,Sonstige Fahrzeuge,"Möbel und Waren, a.n.g.","Rep., Instandh. u. Inst. v. Maschinen u. Ausrüst.","Elektr.Strom,DL d.Elektriz.-,Wärme-u.Kälteversorg.","Indust.erz.Gase, Dienstleistungen d.Gasversorgung","Wasser, Dienstleistungen der Wasserversorgung","DL d. Abwasser-, Abfallentsorgung u. Rückgewinnung",Hochbauarbeiten,Tiefbauarbeiten,"Vorb.Baustellen-,Bauinstallations-,Ausbauarbeiten","Handelsleistungen mit Kfz, Instandh. und Reparatur",Großhandelsleistungen (oh.Handelsleistungen m.Kfz),Einzelhandelsleistungen (ohne Handelsleist.m.Kfz),Landverkehrs- u. Transportleist. in Rohrfernleit.,Schifffahrtsleistungen,Luftfahrtleistungen,"Lagereileist.,sonst. Dienstleistungen f.d. Verkehr","Post-, Kurier- und Expressdienstleistungen",Beherbergungs- und Gastronomiedienstleistungen,Dienstleistungen des Verlagswesens,"DL v. audiovis.Med., Musikverlag. u.RF-veranstalt.",Telekommunikationsdienstleistungen,IT- und Informationsdienstleistungen,Finanzdienstleistungen,Dienstleistungen v.Versicherungen u.Pensionskassen,Mit Finanz- u.Versicherungs-DL verbundene Dienstl.,Dienstleistungen d. Grundstücks- u. Wohnungswesens,"DL der Rechts-, Steuer- und Unternehmensberatung","DL v. Arch.-/Ing.-büros,techn.,phys.,chem.Unters.",Forschungs- und Entwicklungsleistungen,Werbe- und Marktforschungsleistungen,"Sonst. freiberufl.,wiss.,techn. u.veterinärmed. DL",Dienstleist. der Vermietung v. beweglichen Sachen,DL d. Vermittlung u. Überlassung v. Arbeitskräften,"DL v. Reisebüros, -veranstaltern u. sonst. Reserv.","Wach-, Sicherheits-DL, wirtschaftliche DL a.n.g",DL d. öffentlichen Verwaltung und der Verteidigung,Dienstleistungen der Sozialversicherung,Erziehungs- und Unterrichtsdienstleistungen,Dienstleistungen des Gesundheitswesens,Dienstleistungen von Heimen und des Sozialwesens,"Dienstleist. der Kunst, Kultur u. des Glücksspiels","DL des Sports, der Unterhaltung und der Erholung","DL d. Interessenvertr., kirchl. u.sonst. Vereinig.",Reparaturarbeiten an DV-Geräten u. Gebrauchsgütern,Sonstige überwiegend persönliche Dienstleistungen,DemandShockAmount
0.9999999999999997,0.9999999999999997,0.9999999999999997,0.9999999999999997,0.9999999999999997,0.9999999999999997,0.9999999999999997,0.9999999999999997,0.9999999999999997,0.9999999999999997,0.9999999999999997,0.9999999999999997,0.9999999999999997,0.9999999999999997,0.9999999999999997,0.9999999999999997,0.9999999999999997,0.9999999999999997,0.9999999999999997,0.9999999999999997,0.9999999999999997,0.9999999999999997,0.9999999999999997,0.9999999999999997,0.9999999999999997,0.9999999999999997,0.9999999999999997,0.9999999999999997,0.9999999999999997,0.9999999999999997,0.9999999999999997,0.9999999999999997,0.9999999999999997,0.9999999999999997,0.9999999999999997,0.9999999999999997,0.9999999999999997,0.9999999999999997,0.9999999999999997,0.9999999999999997,0.9999999999999997,0.9999999999999997,0.9999999999999997,0.9999999999999997,0.9999999999999997,0.9999999999999997,0.9999999999999997,0.9999999999999997,0.9999999999999997,0.9999999999999997,0.9999999999999997,0.9999999999999997,0.9999999999999997,0.9999999999999997,0.9999999999999997,0.9999999999999997,0.9999999999999997,0.9999999999999997,0.9999999999999997,0.9999999999999997,0.9999999999999997,0.9999999999999997,0.9999999999999997,0.9999999999999997,0.9999999999999997,0.9999999999999997,0.9999999999999997,0.9999999999999997,0.9999999999999997,0.9999999999999997,0.9999999999999997,1.0
1.0000449358498653,1.0000127215532415,1.0000003633172794,1.0000018228902294,1.0000029277344638,1.000007973482663,1.0006708336498396,1.000044058525049,1.0000257720720374,1.0000302139764587,1.0000110391282264,1.0000020209155682,1.000396244259966,1.0004472086987473,0.9999658481057219,1.0000053957570103,1.0000383302736322,1.0000026969639069,0.9999772189919213,0.999949012288155,1.0000823875699372,1.0001809639871266,1.0001590763970234,1.0019941150165204,1.0076420612623376,1.0000896383501332,1.000148231881585,1.000029100152931,1.0001670485972771,1.0000096207512745,1.0000246530864303,1.0000770394225043,1.0002183974308885,1.000118374046825,1.0007765963018178,1.000096087781361,1.0007939455123938,1.0006788858166944,1.0001565687899336,1.0000250201458523,1.000018579945848,1.000116482482301,1.0000399776511524,1.0005170252224924,1.0000838767017688,1.0001066204301783,1.0000899427802032,1.0002600350231932,1.000265714302557,1.0001475165527995,1.0000469005156332,1.0030048308926698,1.0001980561489774,1.0001479501497266,1.0010868265686284,1.0000202554360067,1.000024594805103,1.0001695052914583,1.0000173975508848,1.0000188203903133,1.0001609874292592,1.0019944374214325,1.0001296027582391,1.000966424184285,1.0025199510370502,1.0019785906249212,1.0001265684870264,1.0000787011903391,1.000163326475997,1.0000072966419666,1.0002192730632127,1.0163265306122449
1.0000897546026746,1.0000254429286464,1.000000726758282,1.0000036209258831,1.0000058555470164,1.00001588987518,1.0012960604766428,1.0000839014724594,1.0000513003432987,1.0000602378984376,1.0000220314258876,1.0000039234438152,1.0007592125847469,1.0007937068395756,0.9999308280061691,1.0000107180905193,1.0000766078109855,1.000004258087959,0.9999541879407213,0.9998981141271107,1.0001619510741646,1.0003595487436256,1.0003153760312693,1.003851285888672,1.0138941375769477,1.0001729466576619,1.0002920384809686,1.000057682113794,1.0003227981852878,1.0000191980782664,1.0000492931220908,1.0001541314197604,1.0004286789969563,1.000234781221207,1.001539571870568,1.0001913909585716,1.0015769029839021,1.0013505770434257,1.0003130165533576,1.0000499705134445,1.0000370399445007,1.0002322635830503,1.0000796602582134,1.0010162468035024,1.0001674680293575,1.0002110217432665,1.0001799208778197,1.0005185159351087,1.000531179432948,1.0002946350904358,1.0000934089546216,1.0058522048850533,1.0003936992918616,1.0002959606315491,1.0021589788483494,1.0000405670821049,1.0000491772897333,1.0003384275789884,1.0000342266619946,1.0000372957492338,1.00032116150461,1.003912492581076,1.000258935064409,1.0019284720778974,1.004899062175934,1.0038465070101474,1.0002525979667027,1.0001570594360432,1.0003263856502798,1.0000145963112563,1.0004379827174914,1.0326530612244897
1.0001344576567732,1.0000381638870355,1.0000010903188825,1.0000053943551153,1.0000087834209095,1.000023749832212,1.0018888739220684,1.0001200954446192,1.0000765936736895,1.0000900752916642,1.0000329777940535,1.0000057072438042,1.001094217528681,1.0010705826675594,0.9998949402392237,1.0000159701623619,1.0001148324973337,1.0000047515081272,0.9999309184312574,0.9998473038806649,1.0002388102274844,1.0005358871409322,1.0004690364414996,1.0055947370654315,1.0190283236006035,1.000250829040767,1.000431750038073,1.00008575659353,1.0004712072700106,1.0000287334579763,1.0000739206220972,1.0002312740013095,1.0006315216103405,1.000349316292041,1.0022902205850852,1.0002859095099548,1.0023537727387182,1.0020154629161684,1.000469352046438,1.0000748531152208,1.0000553844183602,1.000347357215324,1.0001190519287055,1.0015072257341224,1.0002507827627456,1.0003133623709148,1.0002699321201936,1.0007755024406488,1.0007964008516816,1.0004413620673858,1.0001395372995223,1.0085717916811592,1.000587006441902,1.0004440284186906,1.003217882826784,1.00006093300513,1.0000737489598694,1.0005067935114713,1.0000505089487202,1.0000554390254996,1.000480553612635,1.0057726678662953,1.000388007021073,1.0028866608201832,1.0071640231587664,1.0056213604093935,1.0003781145561221,1.0002350914513503,1.0004891911733036,1.0000218991107814,1.0006561536415182,1.0489795918367348
1.0001790462413502,1.0000508841987796,1.0000014539951196,1.0000071434248334,1.000011711340469,1.0000315540063465,1.0024518112989163,1.000153111298776,1.000101660436364,1.0001197294440791,1.0000438791231712,1.000007371975678,1.001405465073459,1.0012978198747773,0.9998581855647511,1.0000211549342721,1.000153004216646,1.000004239555428,0.9999074210210568,0.9997965799737784,1.0003130732500507,1.0007101011047408,1.0006201839273796,1.0072428066714865,1.0232917581632621,1.0003240323939915,1.0005676620939539,1.000113333928157,1.0006145902111858,1.0000382283229106,1.000098536074353,1.000308465217663,1.0008275284033519,1.0004620677285054,1.0030296273196848,1.0003796438763846,1.003126782165491,1.0026738849631522,1.0006255830358284,1.000099669828889,1.000073617545743,1.0004617770223274,1.0001581567386386,1.0019905882838454,1.0003338292567634,1.0004137854016992,1.0003599744280387,1.001031051339249,1.0010613836673836,1.000587703727349,1.0001852971033653,1.011185985876044,1.0007780516132665,1.0005921505283277,1.004264775184262,1.0000813513312112,1.0000983112547266,1.000674628329162,1.0000662650393883,1.0000732623694786,1.000639193745305,1.0075847771896405,1.0005168280334822,1.0038413204449586,1.0093293807916448,1.0073160989588474,1.0005031423321151,1.0003128128174859,1.0006517556538577,1.0000292051339628,1.0008738088547051,1.0653061224489795
1.0002235214370085,1.0000636036406423,1.0000018177831855,1.000008868380381,1.0000146392908125,1.0000393030473673,1.0029875871838503,1.0001833436170482,1.0001265085522595,1.0001492034224584,1.0000547362918908,1.0000089173005788,1.0016963319709187,1.00148868576966,0.9998205649587648,1.000026275183429,1.0001911228517222,1.0000027793622865,0.9998837053523306,0.9997459408928534,1.0003848382554008,1.000882302718707,1.000768934657322,1.0088101695132923,1.0268942876613956,1.000393178301684,1.0007000399514636,1.0001404240959055,1.0007543906281338,1.0000476840608172,1.0001231399396517,1.0003857031594752,1.001017238436396,1.000573118210716,1.0037587122729692,1.0004725949595916,1.0038969133195461,1.003326145872558,1.000781716427565,1.0001244224086057,1.0000917432775234,1.0005755363858841,1.0001969787301037,1.0024664996802741,1.000416615467574,1.000512420331015,1.0004500458104106,1.0012852167080961,1.001326132646058,1.0007336661082766,1.000230699496498,1.0137120578834635,1.000966905992118,1.0007403240247024,1.0053007338923405,1.000101820243046,1.0001228655484649,1.0008419559084845,1.0000815146043551,1.0000907771957481,1.0007971105800746,1.0093555947186228,1.0006454068668762,1.004792679397074,1.0114064764649202,1.0089411466278138,1.0006277035256803,1.0003902380765817,1.000814090759142,1.0000365144621342,1.001090969859984,1.0816326530612246
1.000267884193452,1.000076321995649,1.0000021816794187,1.000010569465442,1.0000175672577956,1.0000469976018438,1.0034987828722093,1.000211125355231,1.0001511455213739,1.0001785000877517,1.000065550166749,1.0000103428805212,1.001969561597857,1.001652256479999,0.9997820796029439,1.0000313335165794,1.000229188284432,1.000000423394012,0.9998597802497446,0.999695385182861,1.0004541944405267,1.001052595218694,1.0009153956778207,1.0103086977373101,1.0300021376338107,1.0004587876388296,1.0008291224965378,1.000167036733531,1.0008915539999712,1.0000571020161007,1.0001477326535404,1.0004629859572796,1.001201134949169,1.0006825450941876,1.0044782640367498,1.0005647640953221,1.0046645422792289,1.0039725161924495,1.0009377583774257,1.000149112495075,1.0001097653524549,1.0006886484279942,1.0002355219091057,1.0029351444196435,1.0004991489776427,1.0006093846158575,1.0005401443601318,1.0015380500595574,1.0015906522366882,1.0008792550524919,1.0002757552050914,1.016163555959977,1.0011536380669959,1.0008885460207613,1.0063267030586833,1.000122337977793,1.0001474131529535,1.0010087988495406,1.0000962764116101,1.0001079942399618,1.0009543315467104,1.0110901937105403,1.000773751700078,1.0057409066072538,1.013404587944478,1.0105051491830055,1.000751818694608,1.000467380816958,1.000976207304785,1.0000438271656111,1.001307656773854,1.0979591836734695
1.0003121353448983,1.0000890390529495,1.000002545680296,1.0000122469219368,1.0000204952279697,1.0000546383127757,1.0039877334950416,1.0002367393094906,1.000175578451456,1.0002076221091392,1.000076321601918,1.0000116483782762,1.0022274057053915,1.0017949110358633,0.9997427308747442,1.0000363323828867,1.0002672003959476,0.9999972199165813,0.9998356538060491,0.9996449114446067,1.0005212231147051,1.0012210738680045,1.0010596658047197,1.0117480869205842,1.0327407749492739,1.0005212996743817,1.0009551254535467,1.000193181151718,1.0010267235425192,1.0000664834911839,1.000172314628016,1.000540311781139,1.0013796523785374,1.0007904208309122,1.0051889646896488,1.0006561530277815,1.005429746821647,1.0046132395049543,1.0010937143840573,1.0001737416246854,1.0001276873112759,1.0008011260127159,1.0002737902436238,1.0033967458648114,1.000581437018789,1.0007047850234396,1.0006302682494987,1.0017896004880074,1.001854946594796,1.0010244762161422,1.0003204745687322,1.0185512628958313,1.0013383137519585,1.0010368136794283,1.0073435132440491,1.0001429028250686,1.0001719553204187,1.0011751785569132,1.0001105683785212,1.0001249236104641,1.001110882890174,1.0127925299478666,1.0009018701738022,1.006686133073576,1.0153314239967186,1.012015376003295,1.0008755068771071,1.0005442537501756,1.00113811533424,1.0000511433046546,1.0015238884428603,1.1142857142857143
1.0003562756235596,1.000101754607659,1.0000029097824275,1.0000139009899451,1.0000234231885392,1.0000622258192509,1.0044565149364335,1.000260427127002,1.0001998140843442,1.0002365719769255,1.0000870514389955,1.000012833457264,1.0024717291425902,1.0019212421829542,0.9997025203380251,1.000041274085638,1.0003051590669467,0.999993213409417,0.999811333457267,0.9995945183321545,1.0005859985920609,1.0013878267299001,1.0012018364122721,1.01313632183941,1.0352023542171227,1.0005810870458711,1.001078244169951,1.0002188663496454,1.0011603503685955,1.0000758297478345,1.0001968862531059,1.0006176788402439,1.001553182351175,1.0008968133516236,1.0058914091253262,1.0007467638852674,1.0061924612875133,1.0052485364976185,1.0012495893680309,1.0001983112377766,1.000145512509699,1.0009129817484568,1.0003117876619385,1.0038515489454298,1.0006634864935073,1.0007987188045269,1.0007204157262513,1.0020399148066552,1.002119019604031,1.0011693350780242,1.0003648675571024,1.0208838690638395,1.0015209965032865,1.0011851242145686,1.008351897579811,1.0001635131250226,1.0001964932459733,1.0013411153145497,1.000124407619993,1.000141574835218,1.0012667897297456,1.014465771500085,1.0010297694342645,1.0076284679676701,1.01719345543227,1.013477990183048,1.0009987857288538,1.0006208687807578,1.0012998241891005,1.0000584629303646,1.0017396825483003,1.1306122448979592
1.000400305671458,1.0001144684607175,1.0000032739825484,1.0000155319076243,1.0000263511273202,1.0000697607561535,1.0049069623088382,1.000282396451275,1.0002238588201868,1.000265352014382,1.000097740506849,1.0000138977814563,1.0027040885947254,1.0020346281025798,0.9996614497341412,1.000046160792918,1.0003430641778082,0.9999884449305703,0.9997868260488895,0.999544204550375,1.0006485889681593,1.0015529353512038,1.0013419921333249,1.0144800287559408,1.0374537822603493,1.0006384676006792,1.0011986560076316,1.0002441010287495,1.0012927588533762,1.000085142008457,1.0002214478983051,1.0006950853824517,1.0017220788201733,1.0010017864133074,1.0065861201388342,1.000836599156944,1.0069525565840967,1.0058786082191327,1.0014053877393323,1.0002228226861318,1.0001632441303978,1.001024227990572,1.0003495180511657,1.00429980604192,1.0007453039947003,1.0008912747172498,1.0008105851097795,1.0022890376753903,1.002382874896051,1.0013138369478864,1.000408943785827,1.0231684570210597,1.0017017474299312,1.0013334748916665,1.009352508082278,1.0001841672665035,1.000221028070044,1.0015066283551866,1.0001378104933085,1.0001579569045305,1.0014220761148462,1.0161125084309708,1.0011574561726402,1.0085680011851217,1.0189961622505659,1.0148982495583097,1.0011216716454938,1.000697237069391,1.0014613425715424,1.000065786085482,1.0019550557003563,1.146938775510204
1.0004442260508004,1.0001271804187297,1.000003638277515,1.0000171399111448,1.0000292790327072,1.0000772437538843,1.005340696593528,1.0003028266363065,1.0002477187397367,1.000293964388642,1.0001083896214822,1.000014841015285,1.0029257926889261,1.0021376012801537,0.9996195209735204,1.000050994547367,1.0003809156087848,0.9999829524405544,0.9997621378943014,0.9994939688526273,1.0007090567976877,1.001716475368776,1.001480211482126,1.015784745400965,1.0395435776488902,1.0006937138360155,1.0013165224041283,1.0002688936057547,1.0014241871466303,1.0000944214573464,1.0002459999139115,1.000772529693784,1.0018866624838905,1.001105399915523,1.0072735603433693,1.0009256616706999,1.0077098818872174,1.0065036387196822,1.0015611134553328,1.0002472772397861,1.0001808851940692,1.001134876844214,1.0003869852560083,1.004741768405552,1.0008268958239535,1.000982533922947,1.00090077478755,1.0025370117201067,1.002646515868817,1.0014579869741789,1.0004527125314928,1.0254108571076248,1.0018806253981074,1.0014818630282472,1.010345923440044,1.000204863685306,1.0002455608806837,1.0016717359246468,1.0001507926399864,1.0001740783100124,1.0015767650775538,1.0177348946956084,1.0012849366608045,1.0095048114919496,1.0207442238067739,1.0162806635016393,1.001244179872365,1.0007733690902842,1.0016226785999738,1.0000731128051314,1.0021700235230906,1.163265306122449
1.0004880372531062,1.0001398902938134,1.0000040026642991,1.0000187252346375,1.000032206893635,1.0000846754381232,1.0057591515232138,1.0003218733521677,1.0002713996248949,1.000322411120725,1.0001189995859556,1.0000156628235577,1.0031379484900569,1.002232092602508,0.9995767361276476,1.000055777275101,1.000418713240166,0.9999767710901815,0.9997372748264732,0.9994438100385578,1.0007674596876537,1.0018785170488356,1.0016165674094883,1.0170551301762634,1.0415071091115125,1.0007470604818514,1.0014319906556863,1.0002932522249999,1.001554813203432,1.000103669241904,1.000270542632257,1.0008500100978657,1.0020472246005643,1.001207710188716,1.007954141685787,1.001013954572025,1.0084642861428594,1.007123797218829,1.0017167700707366,1.0002716760932162,1.0001984385696596,1.0012449401673915,1.0004241930776543,1.005177681300968,1.000908268008503,1.0010725707721613,1.00099098321175,1.0027838776442768,1.0029099457034647,1.0016017901513454,1.000496182745968,1.027615912649422,1.0020576871304945,1.0016302859941069,1.0113326612190734,1.0002256008624881,1.0002700927157848,1.0018364553416792,1.0001633690248366,1.0001899470801507,1.001730878682209,1.0193347479552952,1.001412216783768,1.0104389687694981,1.0224416670277163,1.017629118104293,1.0013663246029783,1.0008492746833222,1.001783839858727,1.0000804431174921,1.0023846007311557,1.1795918367346938
1.0005317397072582,1.0001525979034376,1.0000043671399803,1.00002028811013,1.0000351346995515,1.0000920564296008,1.0061635981250645,1.0003396723242968,1.0002949069776683,1.000350694094784,1.0001295711903233,1.000016362871382,1.0033414978939244,1.0023195966715772,0.9995330974214528,1.0000605107938887,1.0004564569524306,0.9999699334769823,0.9997122422437961,0.999393726952018,1.000823850817815,1.0020391257676533,1.0017511277987603,1.0182951258259725,1.0433703916200165,1.0007987106353986,1.0015451954649137,1.0003171847701202,1.0016847720251871,1.0001128864738218,1.0002950763688445,1.0009275249553657,1.0022040302922521,1.001308770257329,1.0086282331202951,1.001101481303962,1.0092156287045833,1.007739239905027,1.0018723607809243,1.000296020370977,1.0002159069838283,1.0013544295742782,1.0004611452728847,1.0056077813939701,1.0009894263169752,1.001161453496049,1.0010812088961336,1.0030296743333993,1.0031731673797906,1.0017452513266671,1.0005393630699737,1.0297876805782054,1.0022329873002194,1.0017787412113575,1.0123131853513523,1.0002463773227657,1.0002946245652051,1.0020008030534662,1.000175553972434,1.0002055708128377,1.001884438072192,1.0209136217825068,1.0015393020691499,1.0113705360902763,1.024091982961079,1.0189469774407576,1.0014881190675593,1.0009249631015475,1.0019448334426115,1.000087777044416,1.0025988011992777,1.1959183673469387
1.0005753337866217,1.0001653030702777,1.0000047317017455,1.0000218287675102,1.0000380624403855,1.000099387343903,1.0065551662695955,1.0003563423901953,1.0003182460376765,1.00037881506663,1.0001401052116088,1.000016940824095,1.003537246413772,1.0024012861469145,0.9994886072260659,1.0000651968206429,1.0004941466263781,0.9999624698741181,0.9996870451508197,0.9993437184790797,1.000878279398512,1.002198362440979,1.0018839559097745,1.0195080885939138,1.0451527711156614,1.0008488407568403,1.0016562602885097,1.0003406988751105,1.0018141673784011,1.0001220742302195,1.000319601423397,1.001005072663369,1.0023573214156325,1.0014086300802072,1.0092961668534057,1.001188245587953,1.0099637840754319,1.0083501114439701,1.0020278884596612,1.0003203111328431,1.000233293029707,1.0014633564386444,1.0004978455533031,1.0060322954613476,1.0010703762740296,1.0012492448160792,1.001171450413026,1.0032744389527195,1.0034361836906238,1.0018883752067074,1.0005822618459932,1.0319295851346346,1.0024065786200085,1.0019272261542964,1.0132879130155896,1.0002671916329744,1.0003191573727885,1.002164794687295,1.0001873612012326,1.0002209567051528,1.002037463514077,1.022472859063843,1.001666197714001,1.0122995711540688,1.0256982191530375,1.020237166188123,1.001609575612805,1.0010004430544461,1.0021056659969194,1.0000951146019885,1.002812638025242,1.2122448979591836
1.000618819815335,1.0001780056220502,1.0000050963468794,1.0000233474344873,1.0000409901065208,1.000106668791295,1.0069348632741948,1.0003719880141475,1.000341421798342,1.0004067756716108,1.0001506024138043,1.000017396347196,1.0037258861664753,1.0024780923637002,0.9994432680519212,1.0000698369783043,1.0005317821432582,0.9999544084351673,0.9996616881945355,0.9992937835461577,1.0009307910744334,1.002356283908478,1.0020151107770767,1.0206968909493555,1.0468688064892437,1.0008976047630531,1.0017652985145342,1.0003638019348202,1.001943079940001,1.0001312335547616,1.0003441180808377,1.0010826516547622,1.0025073190640557,1.0015073367705296,1.009958243469079,1.0012742514056112,1.0107086418380542,1.0089565456892247,1.002183355692073,1.000344549378504,1.0002505991750261,1.0015717318974238,1.0005342975847045,1.006451439876876,1.0011511231739696,1.0013360024830196,1.0012617063905267,1.0035182070387745,1.0036989972550083,1.002031166363369,1.000624887130577,1.0340445369818718,1.0025785119267878,1.0020757383491612,1.0142572204834908,1.0002880424005942,1.0003436920383044,1.0023284450986316,1.0001988038554872,1.000236111580665,1.0021899744393514,1.0240136322392854,1.001792908609265,1.0132261273090994,1.0272630534291065,1.0215022374642522,1.0017307057738718,1.001075722747471,1.0022663437534478,1.0001024558010472,1.0030261235871318,1.2285714285714286
1.0006621980738906,1.0001907053913695,1.0000054610727642,1.000024844336557,1.00004391768877,1.0001139013765614,1.0073035898275007,1.0003867013684535,1.0003644390218758,1.0004345774318975,1.000161063547884,1.0000177291062886,1.0039080143854593,1.0025507631735755,0.9993970825421912,1.0000744328021687,1.0005693633848816,0.9999457753776875,0.9996361756967589,0.9992439211182235,1.0009814282814482,1.0025129432786042,1.0021446475677593,1.0218640038864102,1.048529588795724,1.0009451374018479,1.0018724144938855,1.0003865011149067,1.0020715730703842,1.0001403654587264,1.0003686266121863,1.00116026039758,1.0026542257546471,1.0016049347972347,1.0106147361678353,1.0013595029814109,1.0114501130405666,1.0095586690350484,1.0023387648035993,1.0003687360518596,1.000267827769646,1.0016795668544307,1.0005705049865867,1.006865420552548,1.001231672093432,1.0014217797544773,1.001351975509851,1.0037610125852348,1.0039616105304572,1.002173629239603,1.0006672467060256,1.0361350264793865,1.0027488362620012,1.002224275373737,1.0152214481085415,1.0003089282723399,1.000368229419309,1.0024917684159678,1.0002098945351365,1.0002510419145008,1.0023419894838328,1.025536974117838,1.0019194393620818,1.0141502542968588,1.0287888532633274,1.0227444288248275,1.0018515203394303,1.0011508099181674,1.002426872563012,1.0001098006476525,1.003239269595399,1.2448979591836735
1.0007054688040942,1.0002034022155912,1.0000058258768723,1.0000263196969725,1.0000468451783513,1.0001210856988698,1.0076621537154578,1.0004005640656295,1.0003873022531602,1.00046222176322,1.0001714893518554,1.0000179387670245,1.0040841484482714,1.0026199048160698,0.9993500534665198,1.00007898574571,1.000606890233726,0.9999365951480818,0.9996105116830873,0.999194130197114,1.0010302305626688,1.0026683902386067,1.002272617903648,1.0230115633074415,1.0501436706555387,1.0009915570485206,1.001977704446617,1.0004088033612777,1.0021996969759983,1.0001494709220506,1.0003931272753996,1.0012378973943494,1.0027982273454963,1.001701466169719,1.0112658938818373,1.0014440047661834,1.0121881193794744,1.0101565979402432,1.002494117885482,1.000392872044949,1.0002849810525636,1.0017868719841396,1.0006064713317462,1.0072744331444132,1.001312027903203,1.0015066258189644,1.0014422565028303,1.0040028881234657,1.0042240258241941,1.0023157681548067,1.0007093480915232,1.0382031974211476,1.0029175989478212,1.002372834856902,1.016180904600318,1.000329847932805,1.000392770332908,1.0026547780825539,1.0002206453238316,1.0002657538563777,1.0024935265249773,1.0270438018188477,1.0020457943161907,1.015071998808126,1.0302777238988943,1.0239657087048948,1.0019720294105767,1.0012257118692451,1.0025872579248407,1.000117149143523,1.003452087140323,1.2612244897959184
1.000748632213466,1.0002160959366704,1.000006190756764,1.000027773736723,1.0000497725668647,1.0001282223516443,1.0080112813478797,1.0004136486077297,1.0004100158326326,1.000489709981118,1.0001818805508134,1.0000180249950525,1.0042547381632057,1.002686014331953,0.999302183715062,1.000083497185944,1.0006443625730332,0.9999268905699307,0.9995846999088491,0.9991444098199156,1.0010772348490178,1.0028226713337292,1.0023990701518761,1.0241414230272252,1.0517177262191626,1.0010369680356315,1.0020812572604787,1.0004307154090677,1.002327491756841,1.0001585508943351,1.0004176203161497,1.0013155611814208,1.0029394947208108,1.001796970607384,1.01191194591044,1.0015277614214055,1.0129225984117607,1.010750442013764,1.0026494168173234,1.0004169582015603,1.000302061158414,1.0018936577355224,1.000642200146013,1.0076786634084918,1.0013921952792553,1.001590586173291,1.0015325481495483,1.0042438647980854,1.0044862453036436,1.002457587309894,1.0007511985537234,1.040250905842247,1.0030848456596628,1.0025214144780452,1.0171358707009979,1.0003508001031673,1.0004173155574652,1.0028174868954112,1.000231067815209,1.0002802532518047,1.0026446027170857,1.0285349356156142,1.002171977570596,1.015991404907521,1.0317315447223538,1.025167815105001,1.0020922424542644,1.0013004354988895,1.0027475050132386,1.0001245012864244,1.0036645867353475,1.2775510204081635
1.00079168847917,1.0002287864010113,1.000006555710085,1.0000292066745158,1.000052699846273,1.0001353119224616,1.0083516278389415,1.0004260196050743,1.0004325839082366,1.0005170433067287,1.0001922378570152,1.0000179874559747,1.0044201758727271,1.0027495010058143,0.9992534762927484,1.000087968428379,1.0006817802868913,0.9999166829777105,0.9995587438823923,0.9990947590574355,1.0011224757087394,1.0029758302191467,1.0025240496874002,1.0252552024007444,1.0532570241355292,1.0010814626034679,1.002183155196366,1.000452243791152,1.0024549896711845,1.0001676062958194,1.0004421059685458,1.0013932503282865,1.0030781852759938,1.0018914856954464,1.0125531019029113,1.0016107778042822,1.0136535004045464,1.0113403041437221,1.0028046632870686,1.0004409953205327,1.000319070123524,1.0019999343360084,1.0006776949080398,1.0080782876369925,1.0014721787130458,1.001673702959122,1.0016228492761066,1.0044839724379917,1.0047482710060476,1.0025990907921132,1.0007928051168729,1.042279767297992,1.0032506204949416,1.002670011966434,1.018086602359241,1.0003717835399428,1.0004418658342131,1.002979907041709,1.000241173137549,1.00029454566161,1.002795234524715,1.0300111139429664,1.0022979929966649,1.0169085143642411,1.0331520133063377,1.0263522879520222,1.0022121683518208,1.0013749873285709,1.002907618701776,1.0001318570705378,1.003876778356681,1.2938775510204081
1.0008346377515027,1.000241473459335,1.0000069207345579,1.0000306187267605,1.000055627008883,1.000142354992955,1.008683785558418,1.0004377348058884,1.000455010446537,1.0005442228721628,1.0002025619699761,1.0000178258152994,1.0045808048671354,1.002810705466112,0.9992039343138673,1.0000924007115868,1.0007191432603184,0.9999059923375219,0.9995326468860339,0.9990451770127425,1.0011659855697153,1.0031279078876911,1.0026475991305686,1.026354316893231,1.0547657705560258,1.0011251225405078,1.0022834745131184,1.00047339484625,1.0025822168217389,1.0001766380183255,1.0004665844558058,1.0014709634369083,1.0032144442296833,1.0019850470282732,1.0131895556672836,1.001693058953542,1.0143807868552563,1.0119262811096024,1.0029598588088187,1.0004649841588034,1.000336009891553,1.0021057117953867,1.000712959049209,1.0084734731321836,1.001551982521144,1.0017560152637168,1.0017131587525192,1.00472323962307,1.0050101048474314,1.0027402825795808,1.0008341745724125,1.0442911951607856,1.0034149660386213,1.0028186251005313,1.01903333347977,1.000392797033793,1.0004664218688224,1.0031420501328245,1.0002509719769546,1.0003086363799567,1.0029454377542526,1.0314730054797276,1.002423844253825,1.017823366914854,1.0345406542198463,1.0275204962780675,1.0023318154430965,1.0014493735285996,1.00306760358531,1.0001392164867937,1.0040886714795796,1.3102040816326532
1.0008774801570215,1.0002541569665309,1.000007285827986,1.0000320101075595,1.0000585540473235,1.000149352138738,1.00900829151136,1.000448845970097,1.000477299243056,1.0005712497255,1.0002128535765689,1.000017539738406,1.0047369263003127,1.002869912932898,0.9991535609968321,1.0000967952114241,1.00075645137933,0.9998948373563016,0.9995064119949275,0.9989956628197889,1.0012077949179667,1.0032789428760882,1.002769758562462,1.0274400117470641,1.0562473591547377,1.001168020569212,1.0023822860222402,1.0004941747266256,1.0027091944687445,1.0001856469261745,1.0004910559908846,1.0015486991410325,1.0033484057857438,1.002077688341389,1.0138214865615893,1.0017746100759257,1.015104429099253,1.0125084641199673,1.0031150047387039,1.0004889254342022,1.0003528823187413,1.0022109999098308,1.0007479959535959,1.008864378691633,1.0016316108542451,1.0018375593891988,1.0018034754907115,1.004961693747025,1.005271748630903,1.0028811665455868,1.000875313488157,1.0462864318579055,1.0035779234253814,1.0029672517072215,1.019976278313471,1.0004138394083775,1.000490984332871,1.0033039272360984,1.0002604745991142,1.0003225304509749,1.0030952275838403,1.032921218973562,1.0025495348039721,1.018736000475804,1.0358988533400821,1.028673659851207,1.0024511915666734,1.0015235999416265,1.0032274640000534,1.0001465795231737,1.0043002751116104,1.3265306122448979
1.000920215801331,1.0002668367815293,1.000007650988243,1.0000333810286974,1.000061480954532,1.0001563039293329,1.0093256337076206,1.0004593996139732,1.0004994539318923,1.0005981248354303,1.0002231133511421,1.000017128890507,1.0048888050740077,1.0029273637716498,0.9991023596592052,1.0001011530449417,1.0007937045310034,0.9998832355807507,0.9994800420940917,0.9989462156420821,1.0012479324751125,1.003428971452004,1.0028905657203706,1.0285133857682147,1.0577045568398895,1.001210221521553,1.0024796555815725,1.000514589405414,1.0028359400042208,1.000194633857063,1.0005155207770573,1.0016264561055064,1.0034801941647618,1.0021694416331637,1.0144490610513435,1.0018554365333892,1.0158244070382167,1.0130869392869588,1.0032701022890929,1.00051281982803,1.0003696891788139,1.0023158082658767,1.0007828089580069,1.0092511550888457,1.001711067705601,1.0019183690940874,1.0018937984426282,1.0051993610763668,1.0055332040543092,1.0030217464626634,1.0009162282170483,1.0482665745172035,1.0037395323989167,1.003115889661038,1.020915633541569,1.0004349095192595,1.0005155538652792,1.0034655489046644,1.000269690869805,1.0003362326841385,1.0032446185917423,1.0343563078412845,1.0026750679247316,1.0196464513181762,1.0372278733808515,1.0298128738593173,1.0025703040965523,1.001597672104285,1.0033872040418896,1.000153946164991,1.004511597823191,1.3428571428571427
1.000962844771575,1.000279512767171,1.0000080162132747,1.0000347316996407,1.0000644077237384,1.000163210928119,1.00963625667575,1.0004694376472958,1.0005214779946934,1.0006248490955776,1.0002333419556413,1.0000165929366172,1.0050366747445467,1.0029832617553438,0.9990503337129236,1.0001054752740066,1.0008309026035378,0.9998712034871059,0.9994535398937977,0.9988968346714415,1.0012864253573148,1.0035780277840156,1.003010056175522,1.0295754119871159,1.0591396420308736,1.0012517833401253,1.0025756445356315,1.0005346446835934,1.0029624677240443,1.000203599622922,1.000539979008459,1.0017042330256072,1.00360992452177,1.0022603372771102,1.0150724340532764,1.0019355438308475,1.016540707999239,1.0136617880468297,1.0034251525413556,1.0005366679874341,1.0003864321675502,1.0024201462444096,1.000817401352084,1.0096339455397034,1.0017903569189244,1.0019984758103564,1.0019841265984528,1.005436266806085,1.0057944727173753,1.003162026006444,1.0009569249054966,1.0502325961499113,1.0038998313682832,1.0032645368833295,1.0218515800986185,1.0004560062528425,1.0005401310736615,1.0036269252052976,1.000278630274162,1.000349747668493,1.003393624783214,1.0357787907528573,1.0028004467216558,1.020554754213659,1.0385288695486348,1.0309391172083817,1.0026891599756675,1.001671595267143,1.0035468275831343,1.0001613163951506,1.0047226477756839,1.3591836734693876
1.0010053671386763,1.0002921847900752,1.000008381501095,1.0000360623275337,1.0000673343484479,1.0001700736922845,1.0099405662503251,1.0004789979205997,1.0005433747690158,1.000651423328522,1.0002435400397496,1.0000159315415218,1.0051807416822318,1.0030377805902755,0.998997486659726,1.0001097629086577,1.0008680454863066,0.9998587565627208,0.9994269079435052,0.998847519126795,1.0013232992179244,1.0037261440962773,1.003128263494905,1.0306269549714309,1.060554508993426,1.0012927579339186,1.0026703101092425,1.0005543461966284,1.003088789427348,1.0002125450107404,1.0005644308705992,1.0017820286263681,1.0037377037645332,1.002350404125613,1.0156917501005074,1.002014937604632,1.0172533257233778,1.0142330875342203,1.003580156457324,1.000560470527603,1.0004031129070594,1.002524023024694,1.000851776378457,1.010012886149207,1.0018694821958036,1.0020779088388456,1.0020744589849067,1.0056724351120396,1.0060555561283127,1.0033020087593267,1.0009974095013465,1.0521853632469291,1.0040588574616072,1.0034131913414033,1.022784284771833,1.0004771285253629,1.0005647165356384,1.003788065744543,1.0002873019348362,1.0003630797858356,1.0035422596160255,1.037189136242763,1.0029256741394776,1.0214609425580448,1.0398029027915243,1.0320532721990459,1.0028077657465395,1.001745374413106,1.003706338287868,1.00016869019438,1.0049334327472486,1.3755102040816327
1.0010477829593307,1.0003048527205194,1.0000087468497811,1.0000373731172003,1.0000702608224272,1.0001768927727903,1.0102389337407687,1.000488114696906,1.0005651474561337,1.000677848289554,1.0002537082410226,1.000015144369751,1.0053211886054323,1.0030910691133297,0.9989438220867664,1.0001140169102167,1.0009051330699001,0.9998459093803083,0.9994001486444922,0.9987982682530472,1.0013585783755887,1.0038733508094768,1.0032452193888153,1.0316687853978233,1.0619507472462684,1.0013331919124633,1.0027637057601595,1.0005736994207923,1.0032149148883573,1.0002214707833657,1.0005888765408313,1.001859841661897,1.0038636312846974,1.0024396696058335,1.016307144357052,1.0020936236114522,1.0179622594760853,1.0148009109163352,1.0037351148896463,1.0005842280337933,1.0004197329497742,1.002627447588316,1.0008859372329537,1.0103881063356213,1.0019484471026587,1.0021566955254695,1.0021647946636476,1.0059078892003053,1.0063164557099522,1.0034416982139498,1.0010376877614864,1.05412565047411,1.0042166465772104,1.0035618510476627,1.0237139016079242,1.0004982752819114,1.0005893108000719,1.0039489796932288,1.0002957146291294,1.000376233222938,1.003690536024637,1.03858778142186,1.0030507529724826,1.0223650484771853,1.0410509510670338,1.0331561350830152,1.0029261275793542,1.001819014274434,1.0038657396260242,1.0001760675414497,1.0051439601566967,1.3918367346938776
1.001090092277805,1.0003175164323208,1.0000091122574744,1.000038664271146,1.0000731871396942,1.0001836687143462,1.0105316995721265,1.0004968190597614,1.0005867991283335,1.0007041246701738,1.0002638471850391,1.0000142310855555,1.0054581775964568,1.0031432554631827,0.9988893436624252,1.0001182381941873,1.0009421652461705,0.9998326756656136,0.9993732642613238,0.9987490813199927,1.0013922859295534,1.0040196766695255,1.0033609538455703,1.032701592368824,1.0633297025341437,1.0013731272177866,1.0028558814956094,1.0005927096791978,1.0033408522304996,1.0002303776802703,1.0006133161887976,1.0019376709147363,1.0039877996124138,1.0025281598084703,1.0169187435051372,1.0021716077179408,1.0186675132688723,1.0153653276925774,1.0038900285911199,1.0006079410632025,1.0004362937821865,1.0027304287231609,1.0009198870648595,1.0107597292307453,1.0020272550772769,1.0022348614203884,1.0022551327297442,1.0061426513538376,1.006577172805458,1.0035810977764872,1.0010777652590948,1.0560541530066936,1.0043732334323705,1.0037105140586962,1.024640573154205,1.000519445495498,1.0006139143882675,1.0041096758094488,1.0003038768051287,1.00038921198289,1.0038384664431768,1.0399751324142843,1.0031756858741034,1.0232671029188813,1.0422739189712629,1.0342484263764213,1.0030442512977171,1.0018925193484598,1.004025034886308,1.0001834484133716,1.0053542370854978,1.4081632653061225
1.0011322951275445,1.0003301758027165,1.0000094777223747,1.0000399359895658,1.0000761132945015,1.0001904020553865,1.0108191764736512,1.0005051392673456,1.0006083327357298,1.0007302531013609,1.0002739574855566,1.0000131913528847,1.0055918526859082,1.00319445045218,0.9988340551322648,1.0001224276329375,1.0009791419082654,0.9998190683591734,0.9993462569322857,0.9986999576212848,1.001424443863542,1.004165148865171,1.0034754952546716,1.0337259938660024,1.0646925240441925,1.0014126016701606,1.0029468841569864,1.0006113821475429,1.0034666082249755,1.0002392664183057,1.0006377499768444,1.0020155151951846,1.004110295003596,1.0026158995699763,1.0175266665243552,1.0022488958907443,1.0193690951802452,1.0159264039640121,1.0040448982231478,1.0006316101467103,1.0004527968283479,1.002832975027334,1.0009536289772,1.0111278720561494,1.0021059094349565,1.0023124304220188,1.0023454723102347,1.0063767429763735,1.0068377086836033,1.003720210769801,1.0011176473906018,1.0579714969313982,1.0045286516097476,1.003859178474403,1.0255644315561214,1.0005406381661528,1.000638527795114,1.004270162460155,1.00031179659693,1.0004020198956411,1.0039860628272415,1.0413515677307306,1.0033004753657782,1.0241671357334081,1.0434726460039587,1.0353307997412433,1.0031621424022918,1.0019658939121487,1.0041842271880912,1.000190832785579,1.00556427029812,1.4244897959183676
1.0011743915326214,1.000342830712253,1.0000098432427393,1.00004118847035,1.0000790392813281,1.0001970933280637,1.0111016522791456,1.000513101060741,1.0006297511126527,1.0007562341566254,1.0002840397446686,1.0000120248353652,1.0057223420760837,1.0032447503104502,0.9987779603151647,1.0001265860582071,1.001016062950662,0.9998050996727563,0.9993191286788771,0.9986508964734528,1.0014550731394793,1.0043097931356852,1.0035888705195402,1.034742545656272,1.0660402012644077,1.0014516494408734,1.003036757676421,1.0006297218595956,1.0035921885305266,1.0002481376924173,1.0006621780604104,1.0020933733406736,1.0042311979677494,1.0027029125487914,1.0181310253783027,1.0023254941870647,1.0200670167653139,1.016484202676383,1.0041997243634317,1.0006552357904799,1.0004692434531461,1.0029350949130682,1.0009871660270844,1.0114926464757696,1.0021844133742868,1.002389424907519,1.0024358125627544,1.0066101846339814,1.0070980645437264,1.00385904043641,1.001157339382297,1.0598782480583437,1.0046829336016967,1.0040078424370653,1.0264855995303586,1.0005618523200566,1.0006631514901716,1.0044304476414023,1.0003194818390402,1.0004146606278028,1.004133336674612,1.042717441159461,1.003425123845158,1.0250651757446279,1.044647913692963,1.0364038496577777,1.0032798060925403,1.0020391420355874,1.0043433194923705,1.0001982206320963,1.0057740662608687,1.4408163265306122
1.001216381509027,1.00035548104468,1.0000102088168816,1.000042421909095,1.0000819650948665,1.0002037430582436,1.0113793923928875,1.0005207279330932,1.0006510569836204,1.0007820683548676,1.000294094552967,1.0000107311962847,1.0058497600611975,1.0032942389332318,0.9987210630996048,1.000130714263435,1.001052928269194,0.9997907811410205,0.9992918814144734,0.9986018972149608,1.001484193782171,1.0044536338695556,1.003701105160867,1.0357517489082027,1.0673735929773585,1.0014903014629855,1.0031255433084045,1.0006477337124247,1.0037175978870592,1.0002569921763416,1.0006866005883877,1.0021712442151165,1.0043505837432576,1.00278922129608,1.0187319256221168,1.0024014087457414,1.0207612925426364,1.017038783840069,1.0043545075129279,1.0006788184774584,1.0004856349653801,1.0030367966105587,1.0010205012260596,1.0118541589258048,1.0022627699825872,1.0024658658512122,1.0025261526742373,1.006842996094253,1.0073582415202698,1.0039975899413442,1.0011968462966745,1.0617749194177053,1.0048361108525488,1.004156504130429,1.027404191229666,1.0005830870087122,1.0006877859187322,1.0045905389974656,1.0003269400799573,1.0004271376917722,1.0042802990449646,1.0440730842578254,1.0035496335937022,1.0259612508135418,1.0458004517602495,1.0374681180730667,1.0033972472867256,1.0021122675944913,1.004502314611859,1.0002056119256935,1.0059836311593204,1.457142857142857
1.0012582650658453,1.0003681266868372,1.0000105744431673,1.000043636499114,1.000084890730012,1.0002103517655045,1.0116526419667544,1.000528041365313,1.0006722529689411,1.0008077561630457,1.0003041224897087,1.0000093100985756,1.0059742086919283,1.003342989732277,0.9986633674400942,1.000134813005931,1.0010897377610777,0.9997761236688351,0.999264516952233,0.9985529592053148,1.001511824955889,1.0045966941950923,1.0038122234114288,1.036754056728765,1.0686934502337169,1.00152858578923,1.0032132798392892,1.0006654224713936,1.0038428402728619,1.000265830523284,1.000711017703469,1.0022491267082911,1.0044685227261148,1.0028748473214337,1.019329466941742,1.0024766457787593,1.0214519395487356,1.017590204729545,1.0045092481022084,1.0007023586687565,1.0005019726206432,1.0031380881718008,1.001053637540509,1.0122125109228988,1.002340982241034,1.0025417729322135,1.0026164918596794,1.007075196363388,1.0076182406870806,1.0041358623748475,1.0012361730384989,1.0636619776631786,1.0049882137989241,1.004305161778825,1.0283203130131615,1.0006043413081414,1.0007124315028084,1.0047504438387083,1.0003341785950348,1.0004394544542352,1.004426960578569,1.0454188085109173,1.0036740067837333,1.02685538789519,1.046930943478419,1.0385241001791592,1.0035144706403458,1.0021852742818143,1.004661215220327,1.000213006638026,1.0061929709144957,1.4734693877551022
1.001300042206296,1.000380767528561,1.0000109401200115,1.0000448324314457,1.0000878161818552,1.0002169199631512,1.011921627827193,1.0005350610330332,1.0006933415899675,1.0008332979986823,1.000314124122988,1.0000077612048013,1.0060957792234815,1.0033910671695723,0.9986048773537349,1.0001388830089029,1.0011264913249296,0.9997611375747042,0.9992370370123255,0.9985040818242092,1.0015379850337003,1.0047389960636988,1.0039222483032282,1.0377498797926523,1.0700004346818723,1.0015665279046884,1.0033000037770903,1.0006827927749316,1.003967919032867,1.0002746533665658,1.0007354295424602,1.002327019735214,1.004585080857347,1.0029598111539468,1.0199237436341964,1.0025512115631858,1.0221389769517477,1.0181385200648683,1.0046639464972489,1.0007258568049386,1.00051825762403,1.0032389774743466,1.001086577892067,1.0125677993518851,1.002419053029491,1.0026171646323816,1.002706829360967,1.0073068037212227,1.0078780630613504,1.0042738607549584,1.001275324360589,1.0655398485627081,1.0051392719082317,1.0044538136462242,1.029234064134082,1.0006256143181127,1.0007370886421,1.0049101691585183,1.0003412043986202,1.0004516141440924,1.0045733315141039,1.0467549072115954,1.0037982454849772,1.027747613090134,1.048040030340697,1.0395722494494661,1.003631480563137,1.002258165618541,1.004820023861212,1.0002204047397634,1.0064020911978924,1.489795918367347
1.0013417129286795,1.0003934034625823,1.0000113058458815,1.000046009894876,1.0000907414456692,1.0002234481582226,1.0121865601849303,1.0005418049888115,1.0007143252740265,1.000858694232207,1.0003241000099017,1.0000060841771434,1.0062145533797218,1.0034385280345481,0.9985455969169226,1.0001429249633462,1.0011631888607864,0.9997458326306445,0.9992094432285474,0.9984552644707079,1.0015626916603937,1.0048805603264936,1.004031201747613,1.0387395912061725,1.0712951332893546,1.0016041510006852,1.0033857495237395,1.0006998491390888,1.0040928369837787,1.000283461320256,1.0007598362365848,1.0024049222355516,1.0047003199736682,1.0030441323990384,1.0205148450365729,1.0026251124335643,1.0228224257161085,1.0186837821771297,1.0048186030047122,1.0007493133072236,1.0005344911326792,1.0033394722250062,1.001119325158063,1.012920116734316,1.0024969851310708,1.0026920583255936,1.0027971644457554,1.0075378357544091,1.008137709607326,1.0044115880299682,1.0013143048693784,1.0674089217238185,1.0052893137154282,1.004602458035358,1.0301455373550492,1.000646905161401,1.000761757714917,1.005069721649124,1.00034802425556,1.0004636198598629,1.0047194217055864,1.0480816571056872,1.0039223516706357,1.0286379516912618,1.0491283161460085,1.0406129820407617,1.0037482812347702,1.0023309449637123,1.004978742955609,1.0002278062007124,1.0066109974454414,1.506122448979592
1.001383277227224,1.0004060343844294,1.0000116716192893,1.000047169075944,1.0000936665169047,1.0002299368515137,1.012447634155531,1.0005482898229392,1.0007352063590504,1.0008839451891587,1.0003340506967253,1.000004278677392,1.0063306044604916,1.0034854225129535,0.9984855302621578,1.0001469395298113,1.0011998302701186,0.9997302180988621,0.9991817371543872,0.9984065065624712,1.0015859618095013,1.005021406804915,1.0041391046090862,1.0397235307230672,1.072578070240838,1.001641476215296,1.00347054953167,1.0007165959618927,1.0042175965006042,1.0002922549797792,1.0007842379117693,1.002482833173011,1.0048142981253907,1.003127829791357,1.0211028559106667,1.002698354774678,1.0235023083116914,1.0192260411596514,1.004973217876789,1.0007727285785941,1.0005506742581678,1.0034395799635414,1.001151882171979,1.0132695514790109,1.0025747812364338,1.0027664703592216,1.0028874964064147,1.0077683093878032,1.0083971812397405,1.0045490470807776,1.0013531190302136,1.0692695546744329,1.0054383668581868,1.004751093286808,1.0310548194996956,1.0006682129830715,1.0007864390790548,1.0052291077166287,1.0003546446921003,1.0004754745765907,1.0048652406385126,1.0493993198374694,1.004046327223046,1.0295264282264645,1.0501963705839175,1.0416466806511275,1.003864876619366,1.002403615523768,1.0051373748096641,1.0002352109899233,1.0068196948704984,1.5224489795918368
1.0014247350928478,1.0004186601923406,1.0000120374387917,1.0000483101589641,1.0000965913911795,1.0002363865375985,1.0127050311147259,1.0005545308057144,1.0007559870979321,1.0009090511522454,1.0003439767190885,1.0000023443669346,1.0064439983146838,1.0035317950855394,0.9984246815750049,1.0001509273400562,1.001236415455841,0.9997143027655139,0.9991539202685894,0.9983578075350124,1.0016078118351546,1.0051615543558579,1.0042459767733276,1.0407020084098295,1.0738497166123289,1.0016785228450504,1.0035544344463698,1.0007330375275147,1.0043421995881712,1.0003010349224997,1.0008086346888987,1.0025607515347656,1.0049270698651054,1.0032109212440845,1.0216878567883203,1.0027709450146713,1.0241786484616453,1.0197653450065112,1.005127791315624,1.0007961030048407,1.000566808068757,1.0035393080662443,1.0011842517239329,1.013616188115858,1.0026524439478575,1.0028404161285818,1.0029778245590164,1.0079982409141723,1.0086564788270174,1.0046862407231294,1.0013917711724456,1.0711220763988722,1.0055864581103922,1.0048997177781245,1.0319619919481744,1.0006895369497912,1.000811133072641,1.0053883334950746,1.0003610720062017,1.0004871811523122,1.005010797445183,1.0507081432260361,1.004170173938935,1.0304130664978717,1.051244732390259,1.042673697909854,1.0039812704789222,1.0024761803612425,1.0052959216214261,1.0002426190757907,1.0070281884759475,1.5387755102040814
1.001466086513846,1.0004312807871698,1.0000124033029918,1.0000494333260437,1.0000995160642716,1.0002427977048576,1.0129589199092346,1.0005605420136097,1.0007766696626164,1.0009340123632888,1.000353878602145,1.0000002809067507,1.0065547941981676,1.0035776852869975,0.9983630550911365,1.0001548889985883,1.0012729443223256,0.9996980949718266,0.9991259939802637,0.9983091668409888,1.001628257519249,1.0053010209318107,1.0043518372099716,1.0416753078416605,1.0751104982827586,1.001715308531712,1.0036374332363793,1.0007491780102498,1.0044666479404463,1.0003098017082959,1.0008330266840764,1.002638676330883,1.005038686510198,1.0032934238949123,1.0222699242828734,1.0028428896186221,1.0248514709233356,1.0203017397396472,1.0052823234773802,1.0008194369555288,1.0005828935915106,1.003638663749505,1.0012164365611644,1.0139601075140188,1.002729975783074,1.0029139101450577,1.003068148242373,1.0082276460223911,1.0089156031942854,1.0048231717097567,1.0014302654942844,1.0729667904115536,1.0057336134142887,1.005048329922948,1.0328671310831044,1.0007108762491665,1.0008358400149457,1.0055474048597952,1.0003673122773356,1.0004987423340992,1.0051561009193455,1.05200836239605,1.0042938935343182,1.0312978896178326,1.052273912132486,1.0436943593637276,1.0040974663857496,1.002548642402871,1.0054543854872235,1.000250030426147,1.007236483065485,1.5551020408163265
1.0015073314765028,1.0004438960723059,1.0000127692105316,1.0000505387570948,1.0001024405321108,1.0002491708355086,1.0132094579406865,1.0005663364414046,1.0007972561479557,1.0009588290250395,1.0003637568607553,0.9999980879574051,1.0066630455324237,1.0036231283495596,0.9983006550934952,1.0001588250841178,1.001309416775403,0.9996816026428096,0.9990979596335868,0.9982605839495196,1.001647314114348,1.005439823636479,1.0044567040305894,1.0426436888970878,1.0763608024400042,1.0017518494274253,1.0037195733119957,1.0007650214783297,1.0045909429899056,1.0003185558801013,1.000857414008852,1.0027166065937692,1.005149196381956,1.0033753541489552,1.0228491313703834,1.0029141950823341,1.0255208012984218,1.0208352695257692,1.0054368144759613,1.000842730784901,1.0005989318142894,1.003737654073303,1.0012484393885512,1.0143013870856512,1.0028073791789114,1.0029869660985047,1.0031584668171225,1.008456539824112,1.0091745551261269,1.0049598427324304,1.0014686060674804,1.0748039774370124,1.00587985791111,1.0051969281701412,1.0337703086917787,1.0007322300891035,1.0008605602071559,1.0057063274399276,1.0003733713757414,1.0005101607637246,1.0053011595301118,1.0533002007837222,1.0044174876490701,1.0321809200423735,1.053284394675239,1.0447089661140923,1.004213467734007,1.0026210044471549,1.0056127684075813,1.0002574450083463,1.0074445832541512,1.5714285714285716
1.0015484699656505,1.0004565059535866,1.0000131351600947,1.0000516266298598,1.0001053647907736,1.00025550640564,1.0134567921379918,1.000571926102063,1.0008177485753398,1.0009835013028932,1.0003736119996531,0.9999957651790413,1.0067688005775128,1.0036681557509455,0.9982374859095662,1.0001627361509065,1.0013458327223719,0.9996648333137723,0.9990698185121298,0.9982120583455478,1.001664996382784,1.0055779787762538,1.004560594542318,1.0436073902082879,1.077600982959702,1.0017881603410543,1.0038008806338399,1.0007805718975722,1.0047150859487586,1.000327297964445,1.0008817967704466,1.0027945413776167,1.0052586450236474,1.0034567277188293,1.023425547644356,1.00298486792658,1.0261866658679875,1.0213659767840828,1.005591264386449,1.000865984832725,1.0006149236876285,1.0038362859446286,1.0012802628691153,1.0146401009761847,1.0028846564947247,1.0030595969144915,1.003248779664862,1.0086849368790773,1.0094333353691995,1.0050962564239183,1.00150679684178,1.0766338977535532,1.0060252159704537,1.0053455110029352,1.0346715923294132,1.000753597697191,1.0008852939331137,1.005865106630299,1.0003792549712458,1.0005214389829675,1.0054459814352472,1.0545838710351356,1.0045409578511832,1.0330621796020003,1.0542766413682867,1.0457177971511369,1.0043292777503932,1.0026932691714288,1.0057710722927238,1.0002648627893431,1.0076524934781679,1.5877551020408163
1.001589501965162,1.0004691103392214,1.0000135011504045,1.0000526971199268,1.000108288836474,1.0002618048852538,1.0137010598313845,1.0005773221158747,1.000838148896116,1.0010080293265038,1.0003834445136253,0.9999933122313788,1.0068721030306351,1.003712795682644,0.998173551908735,1.000166622730044,1.001382192071998,0.9996477941548432,0.9990415718428437,0.998163589529211,1.0016813186323597,1.0057155019079165,1.0046635252974936,1.0445666313151682,1.0788313648750896,1.00182425486812,1.0038813798122723,1.0007958331348734,1.0048390778434761,1.0003360284719554,1.0009061750719577,1.0028724797578732,1.0053670753997084,1.003537559662118,1.0239992395470288,1.0030549146915844,1.0268490914494466,1.02189390228575,1.0057456732482415,1.0008891994250815,1.0006308701265116,1.0039345661208692,1.001311909624554,1.0149763202421196,1.0029618100156603,1.003131814806861,1.0033390861873106,1.0089128512191703,1.0096919446346775,1.0052324153598569,1.0015448416492159,1.0784567932485323,1.006169711218363,1.005494076938089,1.035571045647924,1.0007749783201094,1.000910041460038,1.0060237476026084,1.0003849685416246,1.0005325794385882,1.0055905744937965,1.0558595758105087,1.0046643056407454,1.0339416895305473,1.0552510919930125,1.0467211114249075,1.0044448995040938,1.0027654391384573,1.0059292989677033,1.0002722837357605,1.007860218004138,1.6040816326530611
1.001630427458401,1.000481709139712,1.0000138671802208,1.0000537504007514,1.000111212665561,1.0002680667383017,1.0139423895395445,1.0005825347901782,1.0008584589948148,1.0010324131912969,1.0003932548876886,0.9999907287737112,1.00697299256012,1.0037570734515207,0.9981088574997552,1.000170485330639,1.0014184947345197,0.9996304919936613,0.9990132207997406,0.9981151770152603,1.0016962947488497,1.0058524078828746,1.0047655121396257,1.0455216145637907,1.0800522481100607,1.0018601455063925,1.0039610941985753,1.0008108089615524,1.0049629195437846,1.0003447478978582,1.0009305490125584,1.0029504208307192,1.005474528077921,1.003617864416411,1.0245702705798152,1.003124341931821,1.02750810527238,1.022419085245766,1.0059000410679704,1.000912374875099,1.0006467720120413,1.0040325012131124,1.0013433822357778,1.0153101130172533,1.0030388419557361,1.003203631326053,1.003429385805522,1.0091402963711813,1.0099503836004855,1.0053683220605512,1.0015827442082121,1.080272889225666,1.0063133665641808,1.0056426245250714,1.036468728693883,1.000796371223054,1.0009348030391978,1.0061822553160304,1.0003905173805359,1.0005435844870039,1.005734946278207,1.0571275085074279,1.0047875324536557,1.0348194704917866,1.0562081664979606,1.0477191496868066,1.0045603359160133,1.0028375168026102,1.0060874501771873,1.0002797078139585,1.0080677609376494,1.6204081632653062
1.0016712464286208,1.0004943022677786,1.000014233248339,1.0000547866436758,1.000114136274509,1.0002742924227304,1.014180901679793,1.000587573690791,1.0008786806921948,1.0010566529599032,1.0004030435972555,0.9999880144649028,1.0070715052829455,1.0038010118254417,0.9980434071282901,1.0001743244409385,1.0014547406216392,0.9996129333363972,0.9989847665072905,0.9980668203324866,1.0017099382257746,1.005988710888246,1.0048665702460502,1.0464725267836419,1.0812639106119928,1.0018958437589358,1.0040400459686714,1.0008255030565638,1.0050866117870763,1.0003534567224608,1.0009549186876814,1.0030283637125559,1.005581041396259,1.003697655832111,1.0251387014951459,1.0031931562111331,1.0281637348708101,1.0229415634081982,1.0060543678221636,1.0009355114836505,1.0006626301930164,1.0041300976893965,1.0013746832434458,1.0156415446681826,1.0031157544607738,1.0032750574035754,1.0035196779591329,1.0093672853784452,1.0102086529134269,1.0055039789926898,1.0016205081275273,1.0820823959984576,1.0064562042263048,1.0057911523452405,1.037364698179139,1.0008177756891874,1.0009595789065686,1.0063406345271968,1.0003959066050705,1.000554456398671,1.0058791040857924,1.0583878539126772,1.0049106396651062,1.0356955426045764,1.0571482665501584,1.048712136130607,1.004675589767381,1.0029095045156378,1.0062455275899047,1.0002871349900935,1.0082751262313525,1.636734693877551
1.0017119588593268,1.0005068896382896,1.0000145993535907,1.0000558060179519,1.0001170596599145,1.0002804823905262,1.014416709210049,1.0005924477061388,1.000898815748116,1.0010807486635045,1.000412811108313,0.9999851689633901,1.0071676741929199,1.003844631331653,0.9979772052745576,1.0001781405293806,1.0014909296465282,0.9995951243872453,0.9989562100435618,0.9980185190231836,1.001722262191574,1.0061244244850345,1.0049667141674958,1.0474195407729197,1.08246661099322,1.0019313602261193,1.0041182562001103,1.0008399190095651,1.0052101551990078,1.0003621554116084,1.0009792841891931,1.0031063075395,1.0056866516158838,1.0037769472031537,1.0257045904718989,1.0032613640980785,1.0288160079897477,1.0234613731251088,1.0062086534597325,1.000958609539997,1.000678445487424,1.0042273618778872,1.0014058151485088,1.0159706779398479,1.003192549611169,1.0033461033929805,1.0036099621056351,1.0095938308214505,1.0104667531911706,1.0056393885709987,1.0016581369100255,1.0838855102986016,1.0065982457568285,1.0059396590110523,1.038259007726831,1.0008391910191006,1.0009843692834637,1.0064988897996792,1.0004011411629274,1.000565197362217,1.0060230549497726,1.0596407887915213,1.0050336285928254,1.036569925466231,1.0580717769243495,1.0497002798578063,1.0047906637077466,1.0029814045320835,1.0064035328028207,1.0002945652301711,1.0084823176925055,1.653061224489796
1.0017525647345917,1.00051947116819,1.0000149654948396,1.0000568086907615,1.0001199828184897,1.0002866370877672,1.0146499182100632,1.0005971651049224,1.0009188658642547,1.0011047003031077,1.0004225578775927,0.9999821919271796,1.007261529545424,1.0038879505151999,0.9979102564510457,1.0001819340455833,1.0015270617238208,0.9995770710665165,0.9989275524431257,0.9979702726426317,1.001733279434485,1.006259561643656,1.0050659578648642,1.0483628166168988,1.0836605907684764,1.0019667046879328,1.0041957449429344,1.0008540603238671,1.0053335503109226,1.000370844417135,1.0010036456055618,1.0031842514669134,1.0057913930616182,1.0038557512958153,1.0262679932759229,1.003328972161569,1.0294649525043353,1.023978549429978,1.0063628979042307,1.0009816693223936,1.0006942186838472,1.0043242999700224,1.0014367804127648,1.0162975730918573,1.0032692294245313,1.003416779107656,1.0037002377196975,1.0098199448373295,1.010724685024082,1.005774553159811,1.0016956339563186,1.085682416523914,1.0067395120651415,1.0060881431652842,1.0391517080955284,1.0008606165303042,1.0010091743771337,1.0066570255129328,1.0004062258392283,1.0005758094883108,1.0061668056497108,1.060886482422095,1.0051565005001364,1.0374426381744024,1.0589790667502428,1.0506837761888501,1.0049055602624488,1.00305321901435,1.0065614673450138,1.0003019985000992,1.008689338990079,1.6693877551020408
1.0017930640393498,1.0005320467764363,1.000015331670983,1.0000577948272384,1.0001229057470584,1.000292756954669,1.0148806284086114,1.0006017335880695,1.0009388326866737,1.0011285078507421,1.0004322843527378,0.9999790830138521,1.0073530992039148,1.0039309861633707,0.9978425652003051,1.0001857054212775,1.0015631367696052,0.9995587790274431,0.9988987946997518,0.9979220807586016,1.0017430024253011,1.0063941347770091,1.0051643147434113,1.0493025028605933,1.0848460762586387,1.002001886177748,1.0042725312850043,1.0008679304192614,1.0054567975746063,1.000379524177297,1.0010280030220102,1.0032621946689098,1.005895298251085,1.0039340803757215,1.0268289634073646,1.003395986966739,1.0301105963496149,1.0244931261059784,1.0065171010559841,1.0010046910986616,1.000709950542796,1.004420918023549,1.0014675814593996,1.0166222880262412,1.0033457958581817,1.003487093855718,1.0037905042925057,1.0100456391384527,1.0109824489769506,1.0059094750745976,1.0017330025682325,1.0874732878466822,1.0068800234405673,1.0062366034802699,1.0400428473836356,1.000882051556729,1.0010339943813384,1.0068150458707883,1.0004111652630203,1.0005862948133222,1.006310362721605,1.0621250970811127,1.0052792565988,1.0383136993478104,1.0598704906339598,1.0516628078386971,1.0050202818395766,1.003124950037459,1.0067193326813269,1.000309434765731,1.0088961936614138,1.6857142857142855
1.00183345675965,1.000544616383933,1.0000156978809485,1.00005876459049,1.0001258284425518,1.0002988424256376,1.0151089336624235,1.0006061603356171,1.0009587178082464,1.0011521712505929,1.0004419909724744,0.9999758418805628,1.0074424089525487,1.0039737535012003,0.9977741360928362,1.0001894550711783,1.0015991547014234,0.9995402536718071,0.9988699377688971,0.9978739429508774,1.0017514433382617,1.0065281557713084,1.005261797684562,1.0502387375543063,1.0860232802176688,1.0020369130485272,1.0043486334122838,1.0008815326347318,1.0055798973748291,1.0003881951171891,1.0010523565206646,1.0033401363378966,1.0059983980135556,1.0040119462332124,1.0273875522360698,1.0034624150710778,1.0307529674599412,1.025005135749551,1.0066712627940169,1.0010276751267206,1.00072564179797,1.0045172219655434,1.001498220673549,1.01694487840725,1.0034222508115338,1.0035570564722547,1.003880761331135,1.0102709250301147,1.0112400455906068,1.0060441565834102,1.0017702459521594,1.0892582872003018,1.0070197995740386,1.00638503865715,1.0409324712161494,1.000903495448248,1.0010588294769078,1.0069729549094777,1.0004159639134635,1.000596655302756,1.0064537324673841,1.0633567884866129,1.005401898051698,1.0391831271455112,1.0607463896688567,1.0526375459728377,1.0051348307364614,1.0031965995935113,1.0068771302157624,1.0003168739929078,1.0091028851184842,1.7020408163265306
1.0018737428828879,1.000557179913469,1.0000160641236944,1.000059718141621,1.0001287509020003,1.0003048939293242,1.01533492239197,1.000610452049084,1.0009785227709571,1.0011756904200784,1.0004516781667778,0.9999724681840461,1.0075294827786894,1.0040162663622112,0.9977049737250341,1.0001931833938138,1.0016351154382583,0.9995215001644794,0.9988409825700253,0.997825858810808,1.0017586140701604,1.0066616360148455,1.005358419075538,1.0511716491873588,1.0871924032289426,1.0020717930323515,1.004424068664534,1.000894870231059,1.0057028500399885,1.0003968576491518,1.001076706180695,1.0034180756841256,1.0061007215994715,1.00408936020715,1.0279438091262607,1.0035282630207432,1.03139209371662,1.0255146098297956,1.006825382977868,1.0010506216550892,1.000741293157447,1.0046132175953308,1.0015287004028466,1.017265397773779,1.0034985961283533,1.0036266753491627,1.003971008357958,1.0104958134273163,1.0114974753834172,1.0061785999082848,1.0018073672222663,1.0910375681595366,1.0071588595789158,1.0065334474251366,1.0418206229154994,1.0009249475702133,1.0010836798322653,1.00713075650524,1.000420626125703,1.0006068928544987,1.0065969209641072,1.064581706202329,1.0055244259753482,1.040050939285293,1.0616070923482575,1.0536081511575908,1.0052492091457554,1.0032681695958778,1.0070348612946798,1.0003243161474968,1.0093094166537904,1.7183673469387757
1.0019139223980051,1.0005697372896565,1.0000164303982073,1.0000606556397555,1.0001316731225345,1.0003109118886768,1.0155586779785852,1.0006146149898272,1.0009982490680778,1.0011990652508547,1.0004613463570353,0.9999689615806167,1.0076143431285833,1.0040585373379216,0.9976350827172059,1.0001968907723005,1.0016710189005291,0.9995025234469657,0.9988119299887545,0.9977778279408711,1.0017645262579276,1.0067945864248422,1.005454190836984,1.0521013575240548,1.0883536349088767,1.0021065332940164,1.0044988535868282,1.0009079463933226,1.005825655851168,1.000405512173158,1.0011010520784471,1.003496011935247,1.0062022967814668,1.0041663332073067,1.028497781551542,1.003593537347147,1.0320280029027196,1.0260215787438396,1.0069794614492562,1.0010735309233587,1.0007569053048162,1.0047089105873819,1.001559022957972,1.017583897644932,1.003574833598908,1.003695958462765,1.0040612449100665,1.010720314870789,1.011754738852707,1.0063128072265872,1.0018443694035764,1.0928112757275512,1.0072972220109202,1.0066818285408166,1.0427073436580174,1.0009464073030083,1.0011085456039446,1.0072884543815466,1.000425156096487,1.0006170093018723,1.006739934072666,1.0657999940080791,1.0056468414422544,1.0409171530608328,1.0624529153910338,1.0545747742169376,1.0053634191611034,1.0033396618831376,1.007192527209779,1.00033176119543,1.0095157914458932,1.7346938775510203
1.0019539952956757,1.0005822884388769,1.0000167967035025,1.0000615772420591,1.0001345951013778,1.0003168967210017,1.0157802791269155,1.0006186550138216,1.0010178981462263,1.001222295609782,1.0004709959562126,0.9999653217261784,1.0076970111389425,1.0041005779090815,0.9975644677116539,1.0002005775750775,1.0017068650100796,0.9994833282500305,0.9987827808788555,0.9977298499542556,1.001769191294713,1.0069270174725495,1.0055491244487242,1.053027974353274,1.089507154948663,1.0021411404793656,1.0045730039772585,1.0009207642332985,1.0059483150498882,1.000414159077197,1.001125394287565,1.0035739443358782,1.0063031499476658,1.004242875735414,1.029049515201126,1.003658244563703,1.0326607226642317,1.0265260718687206,1.0071334980336304,1.001096403162635,1.0007724789002452,1.004804306494103,1.0015891906132124,1.0179004276192003,1.003650964962013,1.0037649133994164,1.0041514705387327,1.0109444395422076,1.0120118364760753,1.0064467806722917,1.001881255434939,1.0945795470410777,1.0074349048872564,1.0068301807874305,1.0435926726175067,1.000967874041618,1.0011334269370693,1.007446052115935,1.0004295578895273,1.0006270064165232,1.006882777446178,1.0670117902396192,1.0057691454831297,1.0417817853580436,1.0632841644899118,1.0555375570063141,1.0054774627824565,1.0034110782227812,1.0073501292009053,1.0003392091027286,1.0097220125646507,1.7510204081632654
1.0019939615684605,1.0005948332892218,1.0000171630386225,1.000062483103762,1.000137516835843,1.000322848838013,1.015999800196187,1.000622577603237,1.0010374714073265,1.001245381339827,1.0004806273690074,0.9999615482762255,1.0077775068468826,1.0041423985611377,0.9974931333708418,1.000204244156598,1.0017426536901681,0.9994639191054757,0.9987535360641083,0.9976819244744666,1.0017726203447233,1.0070589392067173,1.0056432309738166,1.0539516041620471,1.0906531340197203,1.002175620758943,1.0046465349311482,1.0009333267917688,1.006070827844681,1.0004227987376366,1.0011497328791141,1.0036518721471916,1.0064033061879407,1.0043189979049685,1.0295990540781452,1.003722391162789,1.0332902804767088,1.0270281176099116,1.0072874925415918,1.0011192385959555,1.0007880145814971,1.0048994107486096,1.0016192056070015,1.0182150354677213,1.003726991906982,1.0038335473792541,1.0042416848088775,1.0111681972787212,1.0122687687126224,1.0065805223372353,1.0019180281718751,1.0963425120035184,1.0075719257050308,1.0069785029742084,1.0444766470970976,1.0009893471952103,1.0011583239658304,1.0076035531465062,1.0004338354405755,1.0006368859111459,1.0070254565379417,1.0682172281011455,1.005891339088981,1.0426448526704268,1.0641011349911502,1.0564966331126795,1.0055913419210414,1.003482420314694,1.007507668458687,1.0003466598355386,1.0099280829761228,1.7673469387755103
1.0020338212109543,1.000607371770441,1.0000175294026352,1.0000633733781827,1.0001404383233286,1.0003287686458981,1.0162173115033928,1.0006263878951456,1.0010569702104557,1.0012683222609253,1.0004902409920182,0.9999576408858519,1.0078558493802734,1.0041840088860619,0.9974210843755925,1.0002078908579806,1.001778384865459,0.9994443003571335,0.9987241963400351,0.9976340511349397,1.001774824356809,1.0071903612755675,1.0057365210810238,1.054872344741793,1.091791734563786,1.0022099798674686,1.0047194608820884,1.0009456370407392,1.00619319441672,1.000431431519577,1.0011740679216898,1.0037297946464914,1.0065027893737273,1.0043947094598833,1.030146440590785,1.0037859836128908,1.0339167036168846,1.0275277434467918,1.0074414447702345,1.0011420374386826,1.0008035129648882,1.0049942286674163,1.001649070142472,1.0185277672220099,1.0038029160754807,1.0039018672782491,1.0043318872985825,1.0113915975867631,1.0125255360041105,1.0067140342723033,1.0019546903893128,1.0981002938544757,1.0077083014588184,1.007126793935695,1.0453593026504615,1.0010108261867323,1.0011832368139253,1.0077609607780798,1.0004379925623104,1.000646649442059,1.0071679766090984,1.0694164359532414,1.0060134232130666,1.0435063711136505,1.0649041125126244,1.0574521284889187,1.0057050584040272,1.003553689794437,1.0076651461270074,1.0003541133601512,1.0101340055472332,1.7836734693877552
1.0020735742199032,1.0006199038138897,1.0000178957946348,1.0000642482167503,1.0001433595613174,1.000334656545371,1.0164328796011661,1.0006300907076706,1.0010763958736084,1.0012911181707982,1.0004998372138931,0.9999535992097568,1.0079320571302874,1.004225417672344,0.9973483254233801,1.000211518007629,1.0018140584620077,0.9994244761711424,0.9986947624755094,0.997586229578679,1.0017758140769826,1.007321292947379,1.0058290050658236,1.0557902877350542,1.0929231114852394,1.0022442231395872,1.004791795640047,1.0009576978855683,1.0063154149246376,1.0004400577771946,1.0011983994815246,1.003807711126831,1.0066016222319822,1.0044700197920604,1.0306917156368487,1.003849028355932,1.0345400191382574,1.0280249759753552,1.0075953545043719,1.0011647998988737,1.0008189746462048,1.0050887654530754,1.0016787863880021,1.0188386672565475,1.003878739063298,1.003969879648703,1.004422077598601,1.0116146496552527,1.0127821387760376,1.0068473184885744,1.0019912447842287,1.0998530096830956,1.0078440486576303,1.0072750525311005,1.0462406731935043,1.0010323104525247,1.0012081655950014,1.0079182781880436,1.0004420329489692,1.0006562986116412,1.0073103427359535,1.0706095375788283,1.006135398772744,1.0443663564394863,1.0656933735073006,1.0584041620296272,1.0058186139788912,1.0036248882363366,1.0078225633053204,1.0003615696430335,1.0103397830501473,1.8
