residuals1961,residuals1962,residuals1963,residuals1964,residuals1965,residuals1966,residuals1967,residuals1968,residuals1969,residuals1970,residuals1971,residuals1972,residuals1973,residuals1974,residuals1975,residuals1976,residuals1977,residuals1978,residuals1979,residuals1980,residuals1981,residuals1982,residuals1983,residuals1984,residuals1985,residuals1986,residuals1987,residuals1988,residuals1989,residuals1990,residuals1991,residuals1992,residuals1993,residuals1994,residuals1995,residuals1996,residuals1997,residuals1998,residuals1999,residuals2000,residuals2001,residuals2002,residuals2003,residuals2004,residuals2005
.50649428,.15149745,-.071813874,.16275004,.43877256,.048106696,.55866528,.58766788,.037556041,.31985283,.28201646,-.087588795,.49121106,.22954921,.15114133,.060432892,.57155651,-.036919933,.062202279,.13516591,.0090498673,.089936078,.042172138,.42297432,.099166222,.30420244,.13465723,.037518587,.21107431,.53440881,-.028515879,-.046174213,.50176185,.10132307,.022451755,.36041126,.096153684,.35949776,.48126093,.4762924,-.11758024,.11374794,-.10306748,.550753,.49442995
-.18921985,-.29135191,-.13199502,.029462097,.047074828,.32251707,-.29682937,-.092534781,-.26540971,.20575853,-.26762247,.046004277,-.14724703,.17340086,.017347677,.23739764,.31096572,-.042078063,.042641509,-.27547178,-.21753502,.0052252831,-.084655814,-.25116697,-.27871457,.21616165,.059663448,-.27942064,-.2968353,.23464291,-.13151276,.31842399,-.27977371,.16051577,-.34135157,.30242887,-.35247579,.24099009,-.11402566,-.21779668,.050575394,-.021407578,-.01772901,.17216629,-.12299848
.11454348,.35446715,.037536282,.27539945,.21570469,.24788131,.17791396,.24499792,.011586768,.23296712,.23217407,.14714548,.26588702,.32583079,.029894805,.22379196,.14196984,.19925685,.21290538,.24216321,.2302282,.36679658,.030577485,.164388,.20228995,.061790179,.24458081,.2973347,.22663529,.079537392,.18104348,-.048813466,.33997482,.17486008,.20876938,-.01790281,-.04891609,-.032716122,.011134167,.25073427,.30984637,.21822532,.071360998,.35732436,.20634384
-.12595236,-.11411308,-.12456392,-.087990001,-.11342194,-.21162523,-.17630123,-.20656204,-.11060213,-.22605281,-.1130487,-.11679275,-.092137128,-.26432836,-.10009389,-.088842481,-.10317325,-.11670247,-.16245832,-.16293085,-.19768222,-.17285651,-.35170075,-.025499877,-.021758597,-.084070839,-.10540953,-.21809113,-.067906313,-.14593828,-.10802256,-.22894789,-.18500131,-.14503056,-.13963106,-.00062077807,-.1256064,-.11134035,-.10254488,-.067224108,-.36253095,-.11387553,-.22903699,-.22898121,-.13766436
-.10897089,-.10599642,-.3366302,-.083829574,-.2625781,-.14378069,-.15289392,-.27772975,.017631246,.006217164,-.31513271,-.23790213,-.013915281,-.22046444,-.32297173,-.1981695,-.14019415,-.050671715,-.34264392,-.19780275,-.41546836,-.37766173,-.35541892,-.28129926,-.15373117,-.20608225,-.34623572,-.26897165,-.22815748,-.13422671,-.1597815,-.33594269,-.36545831,-.12126158,-.28819367,-.31691125,-.11803932,-.17280796,-.35384357,-.10920376,-.386498,-.18675038,-.19831805,-.34462452,-.43543866
-.051007476,.10206975,.43652999,.065877631,.059263755,.16409324,-.037852719,.10665433,.14091261,-.077592358,-.13503118,-.12547229,-.11937558,-.078106098,.069808416,-.13028204,.30591723,-.11240891,-.069954179,.38153958,.12195224,-.10893873,-.11970589,.23217255,.07912723,.32091486,.052181605,-.01412085,.091956638,.13106397,-.08529494,.10501893,.46377519,.27701819,-.095085487,-.049380455,.16402246,-.099250995,.11230778,-.091010571,.078417711,.3136023,.10204681,-.11884803,.25226006
-.17741415,-.35244778,-.12621397,-.5083831,-.54907829,-.3751083,-.5081591,-.49679381,-.38509077,-.36704862,-.45772052,-.15217219,-.21217786,-.24111217,-.47752368,-.50084263,-.47587463,-.52069759,-.17041969,-.38517439,-.53164434,-.36134654,-.20506428,-.48528069,-.13601767,-.21804258,-.19430214,-.43225327,-.47346047,-.51662093,-.45543024,-.14527503,-.44686338,-.3569442,-.37692437,-.29892728,-.42635998,-.50957114,-.15400606,-.40356585,-.094804123,-.23862652,-.56160784,-.576828,-.43911815
-.49943513,-.20474051,-.50615656,-.1851837,-.53921056,-.50077397,-.51463538,-.52235138,-.49238521,-.10911623,-.48661837,-.19489287,-.52833819,-.39983031,-.48260519,-.49535948,-.53788036,-.28013021,-.24563141,-.14423522,-.5138942,-.150847,-.090988964,-.48803979,-.54091352,-.45104018,-.32786956,-.17065525,-.14918607,-.1266337,-.17226331,-.15018891,-.18544273,-.5099476,-.45253634,-.46057796,-.51520967,-.3484053,-.21810171,-.50297678,-.42723507,-.54551518,-.19271585,-.22174877,-.14415525
-.13055316,-.10195215,-.017552877,-.10979933,-.10108338,-.15179382,-.18508555,-.13379425,-.13696714,.06464909,-.10623981,.10893525,-.21976641,-.038256552,-.041504692,-.11547538,.059513364,-.14541595,.011570466,-.094885044,-.07824821,-.097958513,.10828244,-.12864581,.073016621,-.10913539,.12099945,-.14767225,-.12088468,-.10910978,.085311629,-.13160908,.022336464,-.11948245,-.10976852,-.13270701,.097550891,-.13385116,.087327786,-.1747133,-.2283147,-.09873195,-.044708639,.049736213,-.12466145
.030293597,-.069015957,.077736504,.20409369,.14326623,.24745359,.16549647,-.049783487,.048862506,.33450592,.091449745,.15506831,.032244418,.1349114,.026358953,-.015098217,.32768339,-.066456974,-.012736182,.21348053,.27860829,.016031314,.023633245,.1557669,.22535963,-.092861645,.16485924,.052196737,.031862874,.3316482,.22872907,.35190395,.33459628,.33207354,.026780535,.33188644,.23727147,.33543548,.10588185,.24640656,.32165843,.27762955,.34120995,.18664259,.0082123848
.038241226,-.0054955212,-.065446123,.012001713,-.013366113,-.03618877,-.039080933,.13484125,-.06993439,-.093110189,.1339712,.050806861,-.080564126,.10057381,.016890405,.10625862,.14876847,.11772351,-.015907373,.040858667,.04429977,-.025042485,.052890766,-.038097888,.034586031,.138999,.20682308,-.014569434,.1060485,-.015454623,-.033971567,.098160252,-.031815629,.21122174,-.044577114,-.011886279,.099272914,.20800973,.055935729,.11621815,.0093094306,-.057101231,.065676205,-.027691234,.042021412
.1340902,.14384454,-.14198171,-.13751501,-.030201046,.073632464,.026216334,.050259825,-.035929523,.11481313,-.14326203,-.018332625,-.053731106,-.15799016,-.02222185,.0071526961,-.05735825,-.001316729,.00073192728,.080940202,-.14165892,.10729319,.018698808,-.043627992,.088170253,-.015508036,.058569301,-.17057827,-.16476585,-.0066586314,.031472091,-.1106969,-.043670312,-.0087785823,-.063157588,.019473482,.04569805,.14103532,.086609729,.031242695,-.093657129,-.13416851,.021333326,.012544421,-.062815204
-.074982442,-.054358903,-.10897028,-.043484595,-.087140143,-.056487612,-.075707652,-.0051681576,-.10175496,.13476144,-.11480549,-.055442896,.14683969,-.080146253,-.10861166,-.07490354,-.084362552,-.11843325,-.093770236,-.066981561,-.13154526,-.11631834,-.10154939,.13163038,.091346361,-.083282724,.038865913,-.069653176,-.12809777,-.10183263,-.00055161421,-.037170488,-.0089005856,-.028455514,.046018202,-.0069081667,.096999653,-.093709767,.068893678,-.084258206,-.12831528,.11515841,.0065370244,-.068822347,-.063962571
-.092134699,-.025946165,.074281998,.15068345,.082330175,.11863092,-.12432743,.10679162,.052257422,.070836663,.06003261,.078176528,.018585211,.0080556246,-.073158577,-.099125899,.094684191,.074637353,-.078925066,.026453558,-.10633231,.014061672,-.10992457,.041146811,-.0038137168,.075200483,-.045738179,-.017991986,.025220867,.10447258,.065669723,-.075462066,-.078820981,-.0061676237,.019080814,-.088816293,.10868157,.0036184681,.10265899,-.055930346,.063563667,-.082311705,.1086904,-.10463691,-.058710992
4.304172,.10904931,2.1219318,.55844766,2.2767582,1.958497,2.9657471,3.9527006,.38046643,3.5316055,1.1455424,3.4169998,.21602292,3.2386785,4.057457,2.5222189,2.1041045,2.7810628,.86508864,1.9317175,2.3799155,.5159983,.47103694,1.3210087,2.6262751,3.8056569,.34977925,.64395565,2.9548001,3.0237184,.71215343,.98410535,4.2862239,4.1569486,3.9271498,3.6814961,2.2600043,4.4536309,.064697661,1.4920788,4.5434451,1.7127457,2.8735666,4.6099501,1.628976
-.032890324,-.16898105,-.13929084,-.16042997,-.26363531,-.092645817,-.18951021,-.039250094,-.20577139,-.03864523,-.24821062,-.05262401,-.13003525,-.14972742,-.22613728,-.064916804,-.24545531,-.15748148,-.22575654,-.18476315,-.27110389,-.16647011,-.29951733,-.22020172,-.11558283,-.14333269,-.16636103,-.095441043,-.15987436,-.17941666,-.1194626,-.10333642,-.12176791,-.21314487,-.18412149,-.23711839,-.15462609,-.15147115,-.25342265,-.090062067,-.1975783,-.22471997,-.15628743,-.17344628,-.19611703
.016010387,.57601219,.33098841,.2381987,.0056277486,.80573553,.49512389,.21195215,.73860681,-.011258426,-.15373461,.10317476,-.053483743,.43599299,-.086494699,.30270076,.060774196,-.17205098,.52346492,-.088584237,.46443659,.80152178,.76965857,-.059523929,.34637922,.84109306,-.17734708,.16398323,-.14726429,.86546165,-.18606089,.30609056,.88437676,.35134676,-.011591974,-.16198803,.28258887,.79488277,.70351213,-.17636809,-.18159495,.85543132,-.088723555,.66568893,.60500544
.043221477,.15867385,.23552358,.12891111,.25600848,-.020252595,-.07220909,.11781204,.036924515,-.035975385,.37437245,.11606064,.31287435,.31169179,.20849323,.20809871,.18145241,.088597313,.13765538,.091613889,.15758933,.18690254,-.063702568,.29508728,.28050703,-.033564072,.32001337,.35314876,.022723611,.12072259,.18857247,.22427601,.32478213,.069988817,-.072879255,-.05503827,.23659508,-.053478178,-.044018611,.035741415,.060897876,.10291146,-.028273683,.16104725,-.054754075
-.0027522098,.24031217,.15734828,.17495152,.30518979,.34073365,.12582153,.16539988,-.000051523457,.13918221,.23690644,-.064674385,.18123452,-.063594952,.098829724,.023863744,.18338199,.1471909,.13963297,.095819578,.25845978,-.077162087,.28413367,.10291675,.07065513,.27164862,.15849105,.14543189,.0023180812,.1565793,-.0087098209,.22080588,.061958734,.2292283,.18614763,-.049506821,.033956472,.17492957,-.036996882,.39490962,.041270349,.1357695,-.044828255,.016436126,.29136181
1.3647329,-.0061773909,2.0344641,3.2558026,2.7385046,1.3286092,1.3637862,2.0004029,1.8658184,.74921823,2.8720684,.54906547,2.9364526,3.4132149,.61564487,.84904391,1.9368715,2.0485702,3.1179044,2.1410577,.8542881,1.4063361,2.7683401,.96652395,-.080366433,1.7798055,1.1139215,1.5073309,3.6020629,2.4544709,1.0039852,2.5501554,1.4665662,.45650703,1.3370754,1.6966817,2.3901875,.33900085,3.5614705,2.2517407,2.6187932,2.7849996,3.0148985,.52490872,.066690199
.011866924,.029562881,.025824515,-.022796715,.024222797,-.032780211,-.025710599,.0040646689,-.0092782481,-.012296575,-.033556856,.0052743526,.028509295,.022193423,-.0078389226,.052094515,-.0060471175,-.11848221,.00058830244,-.027245279,-.018031288,-.0030660359,-.11104114,.072826937,-.015700508,-.1127573,-.0047137616,.0603774,-.024665494,.051301803,.017715577,.0053577987,.0019732981,-.016144712,-.04249043,.016701784,-.022457685,-.03112242,.044580776,-.041558325,-.0071866843,-.072743542,.002128568,-.025720824,.012583186
.04861534,.04783022,.12761831,.084640846,-.00048049801,.063910678,.14561896,.088162839,.13565449,.071652412,.26631078,.050179508,.12456078,.13941689,.19298917,.038171168,.06182361,.28107265,.04104938,.085842311,.085369967,.06638287,.026897188,.22029543,.30024892,-.058023568,.13310583,.23385599,.31978682,.15305497,.090171032,.30545029,.0357734,.20627885,.10679062,.032370668,.29724672,-.015549804,.24264088,.26503265,.064696513,.0090736719,.04471432,.093207702,.20646627
-.080942191,-.15109795,-.15975472,-.0032651003,.01473767,.017920045,.13812569,-.13817902,-.13535947,.12697698,.10871854,-.050401747,-.086098507,.15847935,-.14220369,-.18883944,.12042805,-.18377036,-.10349106,-.16647545,.12232589,-.17684628,-.036735047,-.18389031,-.14326926,-.17292902,-.018881265,-.20297372,-.17539734,-.17188638,-.21328324,-.10775628,.084411956,-.10415191,-.20198674,-.15896875,-.10352488,-.19617379,-.082007259,-.0028258148,-.10191616,.087333605,-.052162439,-.11963657,-.18195236
.34912023,.1613905,.16498438,.10857561,.19546817,.26970917,.25080699,.24797371,.1682774,.15261354,.27397197,.20158532,.15713559,.17686461,.25811809,.14172904,.23549239,.32396847,.28865227,.058164444,.046531577,.1632206,.12843737,.15120199,-.046372857,.3634063,.069135092,.074004248,.13809916,.060454335,-.011105317,.27404574,.2008798,.34094036,.27443817,.28729311,.11612204,.17160361,.41394457,.34609267,.16213284,-.092101924,.37398231,.19034612,-.046589978
.027724853,.015697895,.30290946,.01060309,-.037871975,.27029279,.015040492,.013157834,.1558224,.26455578,.14877771,.18528175,.1970946,.13271806,.30956393,.034062993,.090442039,.25773636,.17430848,.035373803,.09773653,.12590979,.01714218,.11833343,.020229299,.12528494,.2832846,.091999143,.19191857,.31957784,.12775457,.016228016,.17047746,.001372081,.020783406,.21464136,.1382893,.12730488,-.078668453,.042249229,.1484565,.15018795,.28229594,.032686081,.1404478
.44458929,.11218955,.10011566,.049830776,.69719356,.48037168,.11129238,-.082121663,.1948934,.33392698,.47819072,-.044479042,.63562238,.68061298,.70492762,.65058619,-.095759787,.27923256,.4782998,.69498229,.17750444,.60703439,.34955236,.10226612,.66760075,.091723159,.64873737,-.095958479,.069099002,-.023816805,.090845592,.48633507,.065709211,.066319644,-.071803123,.13559039,-.12193535,.17906232,.59357923,.19418958,.16143705,.54585296,.13740858,.084745556,.10733632
.38986674,-.080936007,.12910968,.3745279,.51737237,-.03673267,-.11804207,.16565016,.63000208,.13792193,.59383482,-.045169208,.175624,.14120522,.39921594,-.090642177,-.050893005,.1138142,.37016654,.30839157,.15492414,.72547412,.4926078,.4778699,.41163638,.42074937,.45900655,.524809,.47122467,.43584278,.39418608,.33100188,.11638143,-.074711926,.48807651,-.12637089,.47312564,-.10832755,.259289,.45504043,.50031722,.45625728,.52545542,-.01168001,.1493852
.17172845,.14124826,.11706396,.13525267,.065559141,-.012871633,.054660086,.043565642,-.013302418,.17911358,.04474074,.17233983,.082618795,.022614261,.043705929,.062416654,-.039859392,.11767709,.094201855,-.0790345,-.048315536,.17688699,.044346455,.08714065,.087078221,.093194693,.15260297,.11935732,.16393389,.051563483,.11849395,.10835952,.028544609,.11051738,.08238443,.066115245,.031065319,.11909111,.052960683,-.0017857881,.16719104,-.00056147896,.18319336,.030245017,.10175128
-.092758499,.19212554,.076835208,-.030291999,.035844792,-.077426322,.19027522,.19533315,-.024257923,-.044709779,.19022584,.0051079215,.066518568,.17519455,.17383403,.11191054,.038556803,.039331164,.020772357,.050604802,.0079524936,.17156522,-.037260383,-.082838215,.05634648,.1770476,-.082869798,.13202512,.026814867,.055617046,.1810452,.18017936,.19325726,.17664377,.043974075,-.10622907,.18351556,.017160546,.018914033,.13026717,-.041557021,.033587184,.053932656,.17955104,-.066471361
-.77475959,-.77857947,-.55219585,-.42919505,-.8265776,-.73486775,-.80993861,-.57771927,-.77655017,-.099831402,-.63671601,-.72240978,-.66010797,-.58870238,-.11663455,-.57285315,-.78837454,-.80199701,-.46968514,-.55756724,-.84292972,-.43926927,-.60912949,-.4730781,-.49882966,-.88633037,-.66426116,-.79816759,-.55473328,-.67226207,-.73500121,-.72431064,-.67618185,-.67562085,-.83761883,-.66359407,-.71667254,-.20799254,-.38159695,-.75756526,-.84283572,-.70021957,-.6296348,-.6643883,-.79024464
.16407101,-.055116959,.5139609,-.080940396,.12738639,.47527024,.57823056,.27351335,.37776312,.44233561,.54299754,.28230923,.30735233,.11248566,.24853966,.49535123,.41558239,.36030251,.10491853,.49042809,.5463236,.27061707,.073305272,.54968739,-.031721938,-.031038594,.57221502,.276658,-.0082892878,.37286961,-.024625156,.27752531,-.044876028,.12011726,.55737442,.3794812,-.077207953,.27706686,.057184044,.33039534,.10453235,.59711564,.027259175,.30483583,.44619143
.23396055,-.099894732,-.090708129,-.10808393,-.004911351,.041782599,.10223579,-.025432171,.051510934,-.031242756,.08392819,-.013422522,.075480856,-.016148219,-.036052514,.066311389,.010806506,.17514525,.071109273,.046978366,-.02002297,.22311868,-.12933466,.0020479828,-.0065428941,.053988259,.043670584,.049093988,-.022269975,-.035654943,.093257628,.031387623,.14804721,.037846681,-.084195234,-.010248127,.22161259,-.037804659,.080902494,.19908825,-.052002627,-.02633753,.029413898,-.035709631,.14073288
-.20919688,-.10111741,-.17928454,-.071911804,-.17094225,-.1855683,-.025436388,-.25827074,-.24834615,-.23611529,-.25188631,-.15910278,-.1267412,-.20716113,.028700871,-.26772758,-.17738461,-.20327842,-.22791491,-.11229501,-.17456786,-.085885629,-.13852073,-.19715069,-.062313516,-.14019635,-.18246466,-.15708795,-.077323519,-.15613842,-.22993742,-.091020785,-.22396426,-.2291708,-.18744151,-.16805221,-.15836009,-.29519135,-.1298769,-.18755791,-.26160699,-.23538199,-.20850362,-.10115365,-.22650748
.034372505,.055268627,-.070851386,-.04249284,.11591736,-.063280135,.085388549,.077523604,-.11148623,.053092401,.099123903,.11969486,.10270941,-.048331093,-.1160992,.013225195,.030609358,.048775267,.094209529,-.088649951,-.12196945,-.066884428,-.12287202,.088252738,.14300106,-.12667921,.0038386479,.0095648514,-.14272441,.10617931,-.025763419,-.014355744,.060418118,-.092040278,-.14359467,-.080763526,-.094031624,-.13477188,-.056485195,-.13581116,.071637727,.13689414,-.033523258,-.064515345,-.048240092
-.30624574,-.10583413,-.21310137,-.359115,-.28224543,-.26593536,-.10306884,-.18514213,-.38020596,-.20106289,-.27347869,-.25735709,-.20578136,-.27137104,-.26953551,-.29438466,-.38153955,-.26939741,-.27980945,-.12180182,-.23171802,-.27349856,-.12738504,-.1861814,-.33914009,-.28437173,-.22148533,-.11685123,-.3642801,-.3046506,-.22670777,-.12694085,-.39886251,-.1648304,-.18295141,-.22374701,-.18459278,-.38142279,-.2022769,-.27212682,-.1478699,-.26005,-.12062792,-.090333462,-.26609433
-.07282947,-.040864147,-.062490657,.1032878,-.039963871,.13900146,-.075251527,-.030636197,-.077176094,-.076267563,-.072331749,.18222108,-.076205708,-.087611206,-.0478478,-.076295801,.14340648,.12938289,-.063800059,-.097068325,-.05509562,-.020850133,-.057728373,.1087447,-.084571712,.095602423,-.052765761,-.085910998,-.086930096,-.085814849,.12926832,-.066473104,.076275192,-.085138433,-.093321368,-.11053431,.019385923,.082116529,-.069198973,.051353227,-.085539117,.097752377,-.013905938,-.064687766,-.095485002
-.069719858,-.021873811,-.13105881,-.12424976,-.036474928,.018315239,-.089156516,.046961989,-.0074191196,-.11380298,.13526995,-.055976409,.010551867,-.13581638,-.12639624,-.09789215,-.050007943,-.080318853,-.16455078,-.078853689,-.12163246,-.077133268,.077455796,-.13607663,-.084870689,-.042598635,-.10941207,.10307071,-.15853135,-.025852118,.031941596,.097421721,-.17917839,-.1642106,-.19273882,-.14055428,-.063270442,.0036143032,-.029745799,.072520629,-.051439144,-.087620147,-.13425983,-.1581341,-.15876485
.18596859,.088928595,.059399743,.16475466,.16070364,.21089788,.11517186,.20191967,.10637485,.16961892,-.03025973,.065193594,-.030532481,.13084327,.020355208,.10738224,.20294194,.13034241,.013367039,.13407522,.079261042,.13107637,.02476022,-.056935038,.090646125,.068024337,.13172722,.03439052,.043969784,.13505374,-.0021693811,-.059948411,.13857475,.16236372,.15556076,.089886129,.11343776,.08150062,.079137497,-.043391764,.16731675,.094876528,.11555504,-.044205345,.015890893
-.11910179,-.12023262,-.32602519,-.0741705,-.35743764,-.42410645,-.34677112,-.2903268,-.34265155,-.29830834,-.42670035,-.28817084,-.45726016,-.30034947,-.43837604,-.39138818,-.38280687,-.30147287,-.35716614,-.43432325,-.35694924,-.26931882,-.30586341,-.054358058,-.42406926,-.31974411,-.15530702,-.34492457,-.42139548,-.35472766,-.26178977,-.44430518,-.40629587,-.32011649,-.3600536,-.37242979,-.36825117,-.33728746,-.40468162,-.30957761,-.14895222,-.33950111,-.33599678,-.35148722,-.4553014
.16148703,.20165567,-.088956438,.22242802,.16892146,.2703231,.015560989,.19421971,.075642399,.19297956,.30455807,.0095423358,.11552211,.15475199,.29373267,.30856484,-.040648691,.1686108,.29132563,-.080632091,.33224288,.18992691,.29124016,.18758413,.20477666,.12390953,.42012918,.10669489,.18032975,.12500523,.097444527,.051341396,.30327424,.30854622,.18164435,.36949679,.23341875,.23868351,.1353821,.29454422,.28016922,.35282871,.26761147,.11690725,.29639882
.14254722,.59673506,.019534117,.41846681,.26524204,.64883316,.050248582,.1858196,.039865647,.46890879,.39371178,.61749053,.37459055,.45834991,.55569798,.42359099,.30745238,.55936903,.53723127,.40214285,.10538993,.41369131,.53112096,-.084925264,.444662,-.04304149,.037702773,.55326605,.092974789,.11501366,.54358369,.057270925,.19585763,.14938869,-.026410501,.389101,.26677805,.37586737,.10322065,.11412768,.093498401,.18821074,.44745439,-.065333374,.44379145
-.21719518,-.23434965,-.30505773,-.26162547,-.33535799,-.24320066,-.33477145,-.29222479,-.31390503,-.29106215,-.29441729,-.29797837,-.28642032,-.28973585,-.19192687,-.19725573,-.19471522,-.31250399,-.28204778,-.28338701,-.33971113,-.35506728,-.20416674,-.25074944,-.32654342,-.33155099,-.2647686,-.31486154,-.265342,-.22647479,-.28162217,-.11480642,-.35702088,-.2398127,-.27195475,-.3250854,-.28575152,-.3179476,-.34684405,-.34433135,-.26414302,-.27609316,-.2865051,-.31300348,-.35071644
.17169856,.16176154,.11274118,.015076471,.086624108,.03932884,.17108119,.14507517,.074658163,.18213637,-.06470897,.14810534,.10076316,.097467929,-.053564679,.22327393,.077555083,.15180384,.19186673,.058145475,.19360448,.19389872,.15014155,.075131416,.1387192,-.056578048,.15640295,-.014208893,.086248465,.17807375,.19054648,.16939497,.15144064,.10280231,.13521884,.17732236,-.0037840114,.17399071,.1765576,-.082489803,.16188841,.144537,.072683252,.011165102,.044442806
-.0076770885,-.047634982,.058491144,.12743856,.071412228,-.022067459,-.0079584224,-.044062745,.018765492,.04679979,.11631598,-.069541641,.01361603,-.0022024838,.098974116,-.066373304,.12108555,.11802877,-.034367967,.026282463,-.089407571,-.057242919,.14553966,.065442264,.12044927,.1044756,-.047185596,.15849277,-.11490227,-.08331988,.13188617,.011324224,-.06506703,.049498837,.012959306,-.039049271,.063937746,.026337039,-.12343892,-.12092033,.095882244,.11297283,-.11314701,.1342248,.048338298
.43088415,-.015136997,.45998693,-.05019141,.083600588,.58018184,.37414315,-.039903488,.17404027,.068366989,.31997159,.11315419,.38494027,.46974519,.49638817,.025430303,.49895003,.5350315,.33102334,.46177638,.25080252,.43932423,.35317513,-.038713496,.26242796,.21685593,.2972289,.48475868,.31217837,.52213711,.086189725,.35062096,-.11364875,.3846679,.56111014,.0079897689,.45444882,.311353,.36341146,.1208028,-.061358538,.18073337,.30891207,.012893942,.56601059
-.046806023,.32565373,.3819167,.28864989,.37697354,.25379783,.069191791,.26712239,-.11140001,.16830821,-.051548239,.15139911,.033063758,.32055175,-.10088161,.22718057,-.25382823,-.20362093,.19152954,.22066689,.37024868,.36299634,.073305853,.16228843,.26184249,.11660372,.3101961,-.035170283,.37176508,.26301825,.22757545,-.20318107,.20352893,.35960183,.34660977,.36757639,-.077870458,-.064107142,-.15826,-.13002636,-.28208548,.28222218,.14186724,.22767109,.230114
.28951579,.20137437,.21601501,.027357912,.39779392,.25286865,-.023207279,.14575875,.26130602,.010805865,.46566212,-.025567846,.54904211,.68080139,.5031215,.18679589,.3155418,.43299901,.64164364,.11367594,.52024692,-.060043957,.006446925,.37655985,-.030253615,.4156366,.26521099,-.055929132,.1917464,.19386365,-.097169966,-.040747181,.55895394,.272145,.32967624,-.054275535,.17876382,.65165997,.36216661,.2806291,.59277773,.45532358,.31297985,.069289938,.42216665
-.6545772,-.64553708,-.17014219,-.28162518,-1.0015452,-.47019392,-.20557676,-.55903983,-1.023921,-1.0952046,-.59612167,-.80199742,-.49349877,-.96127242,-.64092761,-.22649531,-1.0160102,-.68015039,-.25442073,-.9722122,-.32895607,-.6513465,-1.0540684,-.46022972,-.42422909,-1.0691556,-.65842545,-.28941503,-.50934291,-.61708599,-1.0600634,-.81486338,-1.0147103,-.62382531,-.88531482,-.73993057,-.79843491,-.84955102,-.95248473,-.37735856,-.27026406,-.99619073,-.22736792,-.61317003,-.1672032
.042881895,-.068239674,.063709997,.012369779,.012931806,.12384294,.042397086,.074431464,.10719693,-.024134377,.055472795,.087099135,.064103685,-.10834396,.017508356,.08174479,-.043978781,-.06505429,.12051959,-.024457891,.035421703,.066062078,-.020152684,-.0013217881,.037796754,-.039385304,.051853899,.069135547,.033190239,.014242348,.089211322,-.097710215,-.019769628,-.011404718,-.041575905,.104711,.028811086,.0028044772,.0062932936,.084820434,.036700729,.033048283,.0096076177,.011814912,.00047642412
-.010921258,-.083093494,-.23246916,.013627847,-.052503441,-.13819921,-.13455136,.067563295,-.17926717,-.19850768,-.23082887,-.31383225,.000060078728,-.031432349,-.013652521,-.25173014,-.11530378,-.010975483,.054226611,-.19286175,-.23584294,-.27690747,-.19321017,-.075644903,-.15118538,-.16953449,-.20162311,-.25704136,-.033073124,-.12278694,-.066228658,-.099050194,-.022179011,-.29881006,-.088791378,-.022932913,-.17369862,-.24776942,.010427726,-.092594445,-.10675143,-.13613349,-.2584835,-.28165093,-.0013060975
-.45758122,-.31886438,-.46401799,-.33765453,-.1065361,-.34213105,-.27435502,-.46367761,-.43780571,-.10073085,-.14811642,-.34431121,-.41071814,-.39106536,-.45155403,-.45348358,-.40848488,-.33401334,-.22885361,-.14432426,-.37032902,-.45897913,-.071849704,-.42365733,-.43554983,-.45669684,-.28201798,-.29549018,-.35450846,-.20372234,-.39842886,-.19218089,-.18733965,-.11498856,-.33849904,-.10315385,-.26823094,-.082389936,-.26801854,-.35473517,-.18607031,-.4514198,-.40042883,-.12470146,-.26578882
.10547736,.22238161,.40037832,.082116723,.011778926,.23348065,.2887429,.39669582,.042611185,.21433948,.37942705,.045132067,.3175489,.23748173,.27510908,.046064075,-.013776521,.060406756,.34350908,.32957342,.3151893,.037829455,.32129779,-.047247525,.39398679,.19117595,-.017484378,.32224208,.015304302,.088391095,.049858589,.092057571,.088740028,.012483348,.039128844,.27795699,.27507359,.052550714,.33992934,.060173895,.32965183,-.0017555836,.0057971892,.083875462,-.034351159
-.079111017,.21729051,-.016890289,.029637842,.10967042,.069719061,-.074255042,-.052024975,.16687636,.0015631217,.029711483,.043047499,.02507302,.0078591304,.0065059708,-.00075540226,.30626839,.017194923,.0082967402,.010565092,-.079946794,.0057831304,.17760989,.0028586506,-.059538241,.0092059644,.1770514,-.0025456727,.0016038611,-.00096214865,-.069465972,-.072167903,-.050543878,-.095908165,.061708797,-.10325665,.29247737,-.080096349,.3372246,.14557433,.00378779,.035265785,-.046718843,.17623451,.073114417
.076435395,.074733809,.38650084,.19321072,.27463534,.23503174,.19057792,-.066435732,.21029778,-.067746855,.031857211,.23351783,-.037377018,.33067739,-.036489032,.14497164,.21498226,.28718594,.13241179,.1213754,.11847376,.0698428,.13265924,.30815396,.33025676,-.053796262,.2379702,.33437219,-.11353987,.087016523,.086486183,-.11683986,.13780622,.29655945,.35574895,.33238477,.26319629,.14699687,.097963609,.21250328,.074963011,.16115434,-.088319719,.34234139,.086902492
-.25927022,-.22039737,-.19651599,-.1548529,-.14320104,-.078756347,-.25083825,-.2260422,-.15806229,-.17041695,-.22238377,-.1898278,-.19691959,-.15640375,-.25585124,-.26904613,-.24156883,-.26317763,-.22450545,-.18074057,-.23245712,-.10700599,-.20996612,-.21154186,-.21457432,-.18875974,-.2052234,-.26678193,-.24280092,-.25061056,-.19628996,-.17724392,-.20280629,-.25138971,-.20638876,-.22070554,-.24703231,-.20261157,-.24061406,-.24005914,-.19895107,-.22067545,-.1843117,-.2633279,-.20398337
-.056083031,-.099103533,-.043222468,-.085334793,.43640172,-.037454743,-.087208495,-.010197031,.18647958,.16912131,.21127006,.44507283,-.11048513,.34607887,.13403194,.48458079,.11231636,.26709151,.050578285,.53633839,.34858048,.53108281,-.086750813,-.098464169,.5074572,.35855484,.41226208,.44313395,.35012218,.11087398,.11820691,.48599741,.43297884,.4893322,.52972209,-.039911188,.44896805,.18373473,.36528698,.4416779,.22956182,.10222128,.38033614,-.034067955,.1552292
-.64120299,-.77503711,-.2357817,-.51497751,-.38187444,-.46218982,-.19757353,-.32588887,-.60231847,-.54441744,-.6456883,-.4771702,-.15700316,-.64706236,-.55035114,-.74393773,-.36048129,-.42741308,-.2202639,-.59601951,-.59745067,-.25941914,-.50800467,-.43953738,-.42311919,-.5539037,-.45647794,-.64519227,-.43591401,-.36855903,-.63282645,-.4013665,-.53842467,-.4006812,-.62693971,-.40542659,-.24317884,-.63121349,-.44129348,-.48143721,-.5672093,-.55610156,-.5694086,-.4526189,-.4790318
-.2683365,-.073669173,-.088267431,-.27662224,-.20215906,-.43304953,-.24887647,-.2877121,-.17034474,-.094711572,-.14393166,-.42651945,-.27282727,-.14687881,-.24156258,-.19668168,-.21085644,-.31038362,-.17347102,-.1967576,-.42637283,-.22777759,-.18782941,-.10211349,-.1679827,-.16879685,-.17300463,-.42059287,-.11595131,-.36556113,-.15955125,-.20197234,-.26962051,-.34504503,-.31595999,-.090648659,-.2324724,-.39065525,-.26873705,-.16982995,-.31208849,-.3475152,-.28827694,-.064885564,-.29018289
.064381011,.22048198,.12212244,.043129634,.32560411,.087682649,-.0057209907,.22981068,.3832494,.077940702,.11253782,.048454966,.28056702,.15204856,.26734576,-.011019218,.24018221,.3448846,.17813596,.19371265,.16235979,.1581683,.072689407,-.010663415,.15734707,.2498004,.078084238,.073997855,.26019594,.39111295,.34827733,.042218845,.07722459,.29180938,.27555567,.26232788,.2637282,.1587023,-.024630401,.2479808,.35540274,.090351686,.16732892,-.042763509,.0144468
-.13071616,-.12808987,-.093179233,-.1178582,-.047008667,-.22542953,-.10640246,-.11515658,-.24224444,-.245997,-.16492364,-.063228659,-.2532846,-.23022884,-.22485292,-.14017254,-.17875396,-.17563353,-.25836152,-.17160879,-.11173948,-.22623682,-.12900479,-.29321477,-.084536247,-.22823848,-.24617852,-.28871688,-.060278852,-.26366034,-.18356779,-.13757442,-.13114068,-.20767854,-.14719966,-.084029913,-.078843877,-.13402629,-.1375259,-.22827315,-.11502823,-.066775985,-.19884753,-.11577206,-.26858813
.031199573,-.072662279,.05108181,.12618509,-.039899826,-.043705713,-.035336904,.012533349,.034583066,-.033418763,.088265307,-.067924365,-.055917673,-.061409947,-.050296061,.12341647,.16736181,-.04221946,.10067954,-.065246806,.094266109,-.066935129,.098067783,.039569732,-.047593947,.13904685,-.070966743,.062353324,.061707217,-.044813223,-.00047521596,.047999989,.044239346,.1185343,-.024010669,-.011248331,.040909458,-.075471155,.13863692,-.038713422,-.059570681,-.079355687,-.018649209,-.043269113,.086250313
-.34057966,-.48108575,-.36043471,-.13221325,-.47142485,-.1435196,-.36808047,-.71938431,-.46473688,-.46965122,-.44711256,-.36641625,-.25236797,-.46261474,-.31970343,-.48424736,-.591263,-.4564243,-.52143687,-.093167514,-.3702687,-.77370369,-.34568623,-.66374546,-.45838314,-.52432877,-.63121164,-.466322,-.46725893,-.21931759,-.47340745,-.79592282,-.53010219,-.48543957,-.49138272,-.19128783,-.14436245,-.51190007,-.53658187,-.49868786,-.556108,-.3481932,-.50334543,-.51361531,-.38911161
-.12957758,-.35008892,-.44757774,-.17671792,-.48774248,-.44485575,-.32289287,-.32553792,-.26515174,-.47029492,-.4451552,-.39845431,-.26333258,-.095533445,-.14188799,-.11843497,-.43377107,-.43617594,-.37635085,-.35770804,-.43157685,-.27014688,-.14576957,-.13368075,-.41073066,-.50844914,-.41240731,-.3030214,-.39114457,-.44672415,-.4543767,-.33365336,-.432836,-.35549754,-.50072432,-.4482058,-.11795621,-.13649589,-.40760651,-.37982577,-.25907531,-.26884538,-.24813174,-.30020115,-.47947556
-.33023033,-.18235745,-.24133258,-.25167528,-.14805019,-.38279256,-.38410893,-.40299177,-.35250711,-.19415508,-.2270349,-.32901719,-.23586412,-.26005638,-.34001395,-.28235179,-.2670601,-.26508996,-.3103323,-.33833891,-.22583249,-.38206205,-.32753393,-.21042472,-.3447862,-.2080358,-.21610002,-.31183207,-.40154636,-.41065967,-.40182784,-.39480427,-.22342542,-.19284181,-.2628234,-.3556619,-.34308207,-.3182314,-.36715594,-.36315838,-.32906121,-.28148732,-.39607474,-.19773729,-.37319267
-.30153441,-.41479507,-.30519909,-.29545069,-.50966674,-.40673482,-.40083486,-.419862,-.142884,-.42118871,-.45831481,-.30475694,-.31507117,-.41594779,-.43213704,-.5030759,-.291127,-.057197776,-.4115167,-.38699123,-.51951391,-.47090149,-.19910669,-.4581396,-.35797232,-.28100112,-.514952,-.11374662,-.49745092,-.43704095,-.30604738,-.43872601,-.28244799,-.41586116,-.28864819,-.33240169,-.14537306,-.30332011,-.27678469,-.47836295,-.12516992,-.35768646,-.41689405,-.12270377,-.32440704
-.047522373,-.20601542,-.19344607,-.10771825,-.1436446,-.23533088,-.26097766,-.14693609,-.1683585,-.15360379,-.30286971,-.12198678,-.24631777,-.058831092,-.056698065,-.27893332,-.14298381,-.13448068,-.29000312,-.12446268,-.19250472,-.054670449,-.1884582,-.067459829,-.27317864,-.17516309,-.16832179,-.11122497,-.23390698,-.20605466,-.13330416,-.12934406,-.1038918,-.068681374,-.20416628,-.2354656,-.19087979,-.12871343,-.16852099,-.091634572,-.14183062,-.15103182,-.12111422,-.18463373,-.18956158
-.083790608,-.011980454,-.10983035,-.017463641,-.059987906,-.062924683,-.0034986387,-.032275058,-.11471423,-.039052214,-.083510011,-.036017668,-.075949125,-.0066396622,-.059672013,.012368296,-.061041564,-.028518725,-.022433307,-.020066436,-.094629385,-.082751706,-.028447989,-.024373155,-.066714205,-.032076467,-.038082831,-.012347522,-.074613556,-.12743355,-.056417715,-.042199351,-.088757761,-.061452243,-.016086247,-.027169723,-.094997123,-.042996589,-.10724548,-.044385467,-.10328181,-.082682028,-.050855666,-.040146489,-.10805272
.2042612,.018330103,.27192223,.19619831,-.035584625,.24384309,-.026800903,.17492294,.10994674,.16790907,.15547021,.21631676,.20484693,-.019273991,.073496841,.26192302,.31348953,.34125578,-.00034232723,.078129619,.25696048,.37386423,.24904829,.052719858,.088596247,.19001351,.29195824,.043245208,.21281399,.30395636,.28610158,.071829572,.10115775,.058497604,.21083379,.2618852,.23890145,.33587548,.18221405,-.059190787,.31944132,.13674767,-.031295095,.10573986,.078983717
.24939309,-.05990237,-.235266,.15163869,.07034228,-.1508846,-.20420927,-.0090763895,.18511294,-.085210264,.091418512,.010700245,-.16656795,-.0033366485,-.083885953,-.19159691,-.16200383,-.17658226,-.1832779,-.023237545,.0022244425,.070714399,.039536376,.17371607,.2343026,.072756812,.053478766,-.058730192,-.12950286,-.12975374,.20835868,-.23416384,-.022168066,-.20634076,-.20034383,.16473916,.12753031,-.27680087,-.19256496,-.17938514,.02009904,-.1038416,-.19338873,-.028881464,-.032488029
-.23863925,-.4658609,-.28159186,-.21853285,-.10299098,-.12756543,-.21224906,-.46622914,-.29029101,-.19491991,-.40702561,-.18468067,-.47129664,-.23545595,-.45668808,-.50206792,-.2029175,-.13444887,-.22561644,-.21625769,-.32359102,-.4587118,-.55437958,-.26340947,-.4660171,-.29474363,-.55554456,-.31116825,-.12160063,-.28051353,-.15562023,-.47120124,-.47775891,-.53873134,-.5856961,-.49572086,-.1506983,-.49804762,-.46016669,-.47174647,-.4817352,-.13774981,-.30073273,-.4391934,-.48932216
-.42445412,-.17194368,-.47623575,-.30436653,-.46298295,-.35538936,-.41352311,-.43503988,-.41458103,-.34297791,-.11924483,-.27187672,-.33024737,-.4064337,-.30739227,-.19342957,-.12153427,-.25292891,-.26921242,-.39366275,-.41631785,-.35220057,-.37902772,-.39017808,-.31796971,-.22969815,-.38919565,-.13387951,-.31630069,-.41808751,-.34708577,-.40611786,-.087494254,-.33658376,-.13547301,-.48380765,-.40202579,-.45095399,-.38769528,-.14702,-.16544917,-.10795511,-.45644867,-.37088692,-.4193975
-.32976705,-.11153799,-.26807159,-.5382669,-.2509242,-.38792267,-.27491534,-.38811544,-.50455022,-.2096255,-.26766005,-.26716518,-.19190228,-.27065939,-.60036194,-.5557313,-.34090334,-.22518899,-.27724871,-.36692581,-.11981529,-.48315388,-.37386754,-.42410314,-.57433325,-.57302523,-.33172408,-.29885283,-.57084101,-.25445634,-.17331424,-.54579002,-.49496955,-.11738808,-.53731418,-.37944901,-.31306261,-.6161083,-.50358164,-.28191093,-.24004123,-.26592773,-.35855216,-.39945999,-.42747736
-.098464996,-.4720788,-.26283306,-.2664538,-.28948933,-.24072148,-.32766625,-.13032643,-.34387934,-.32692572,-.29432926,-.18685108,-.44166857,-.35483283,-.26871014,-.30778319,-.15907328,-.26481187,-.19123162,-.44085541,-.31592774,-.42814729,-.26511481,-.24209964,-.080593504,-.21416733,-.17136608,-.26446331,-.30910832,-.45877996,-.15145023,-.22267409,-.13388656,-.31959128,-.29478851,-.1856377,-.27269089,-.19872633,-.27765957,-.33222055,-.27609837,-.46034306,-.31538883,-.38524836,-.47912231
-.027016932,-.17789581,-.13130337,-.042774841,-.19067559,-.19705787,-.071790211,-.069464371,-.16915916,-.0049581407,-.040216573,-.027622962,-.021929758,-.037882268,-.05212323,-.078049205,-.16021627,-.07574898,-.21342315,-.21833065,-.064173974,-.051004909,-.076046214,-.054692786,-.0061082495,-.044901434,-.12446371,-.054935016,-.17790411,-.10109835,-.14599036,-.11921068,-.089573197,-.045248039,-.084400065,-.047941744,-.05828952,-.095929243,-.098212466,-.21381174,-.034756217,-.046497714,-.069590762,-.17381525,-.068821058
-.30877689,-.20424205,-.19091506,-.25988337,-.26308572,-.20695361,-.30686003,-.1255599,-.22341219,-.16465686,-.32658356,-.18754771,-.21594062,-.26751468,-.2482134,-.24935503,-.19637036,-.2599622,-.25519377,-.20174822,-.31957877,-.14315222,-.23912759,-.063452795,-.25020635,-.16757406,-.14977619,-.16088517,-.2875025,-.18373552,-.26919353,-.17304614,-.21465747,-.28920242,-.30569384,-.20550872,-.13310151,-.1459095,-.2098355,-.1563669,-.32298037,-.25966439,-.15270129,-.27257171,-.33582452
-.27620232,-.20587148,-.27198133,-.17876104,-.27416983,-.2974287,-.29047528,-.20200822,-.2306136,-.29563674,-.28608754,-.29923275,-.28712893,-.29828426,-.31502172,-.27471134,-.30489385,-.30961272,-.30168393,-.22547239,-.29471761,-.22833517,-.19041328,-.29459134,-.31872916,-.28642204,-.31611034,-.28720081,-.29972109,-.2521171,-.13293135,-.3420631,-.31311387,-.30049613,-.21542844,-.29298076,-.33403969,-.31583062,-.28697771,-.19353494,-.28222978,-.13981941,-.1906517,-.29814309,-.28836808
