residuals_fe1961,residuals_fe1962,residuals_fe1963,residuals_fe1964,residuals_fe1965,residuals_fe1966,residuals_fe1967,residuals_fe1968,residuals_fe1969,residuals_fe1970,residuals_fe1971,residuals_fe1972,residuals_fe1973,residuals_fe1974,residuals_fe1975,residuals_fe1976,residuals_fe1977,residuals_fe1978,residuals_fe1979,residuals_fe1980,residuals_fe1981,residuals_fe1982,residuals_fe1983,residuals_fe1984,residuals_fe1985,residuals_fe1986,residuals_fe1987,residuals_fe1988,residuals_fe1989,residuals_fe1990,residuals_fe1991,residuals_fe1992,residuals_fe1993,residuals_fe1994,residuals_fe1995,residuals_fe1996,residuals_fe1997,residuals_fe1998,residuals_fe1999,residuals_fe2000,residuals_fe2001,residuals_fe2002,residuals_fe2003,residuals_fe2004,residuals_fe2005
.26876757,-.0067559313,-.2936855,-.063062102,.20248309,-.18326037,.35463417,.35576558,-.13123082,.086247593,.057327107,-.2963787,.27534765,-.039032988,-.074086137,-.13673335,.35073197,-.27081689,-.17317258,-.08350125,-.18287182,-.11469025,-.16138065,.2322332,-.11501066,.074699789,-.066296816,-.15387926,-.010412359,.28452447,-.20126604,-.24019033,.25678375,-.12682609,-.17924601,.13910125,-.14882813,.14028271,.26534131,.2714583,-.36757043,-.12195718,-.33038303,.33711907,.31967708
-.1700573,-.19271602,-.096977375,.060539242,.067674644,.3480393,-.2439712,-.067547835,-.17730728,.22904256,-.23542255,.094103642,-.10622115,.16170794,.049009487,.29712066,.34703043,-.019085739,.064155936,-.23724964,-.15256742,.057488237,-.03131932,-.18501882,-.23600218,.24354827,.11559867,-.21392921,-.26143271,.24164787,-.047373641,.38129714,-.26786256,.18925589,-.28616005,.33800817,-.34056833,.27866432,-.07305599,-.16574152,.057474494,-.00022340489,.011844728,.21542165,-.040862046
-.084810428,.23458661,-.14596252,.087960139,.017788062,.054887075,.012255697,.05146841,-.11882727,.037734695,.045857545,-.023271615,.088396445,.095621429,-.15695985,.06499853,-.040481888,.0037327176,.015903352,.061868869,.076679349,.20054309,-.13460247,.012019699,.026485899,-.12933965,.081999578,.14430968,.043521453,-.1319741,.046666145,-.20445676,.13336954,-.014916258,.045444448,-.20083998,-.25552508,-.21355835,-.16641262,.084272981,.098229006,.02089303,-.11758173,.18206327,.069963828
-.0027704719,.088542163,.014473062,.047106482,.011197212,-.082083665,-.019423701,-.077555753,.081519634,-.098749444,.023170566,.035325952,.052908096,-.17200194,.035587259,.074899882,.036910802,.010309196,-.036924556,-.020689389,-.028695282,-.016574215,-.19434492,.14466761,.12497313,.047335114,.054545037,-.048580348,.071515635,-.034913976,.080135897,-.062055398,-.069070801,-.012271096,.019579789,.13897784,-.0096796025,.030353209,.042444129,.088850394,-.25161251,.011327979,-.095443904,-.081706516,.048491415
.095413007,.17786081,-.11639122,.13246891,-.05675694,.066962861,.08518561,-.067521468,.29095501,.21472253,-.097711451,-.0045814351,.21233194,-.04693602,-.10608858,.046774868,.081091903,.15754195,-.13590814,.025640698,-.16527943,-.14017743,-.11686109,-.029929757,.07420256,.0065257,-.10507915,-.018258877,-.0075335233,.0579996,.10957896,-.087848179,-.16832581,.092699885,-.047780812,-.096110612,.079089485,.050087605,-.12765256,.12807275,-.19437757,.019655125,.016477024,-.11614782,-.1680809
-.13908008,.093470491,.3643125,-.01028038,-.027371584,.08238031,-.092229694,.02440612,.12177988,-.16154349,-.21006641,-.18460809,-.18558484,-.19703418,-.0057649324,-.17779417,.23474678,-.19665174,-.1556749,.31252655,.07968469,-.16391094,-.17360456,.19108555,.014604467,.24106634,.0008816761,-.055864565,.020124089,.030833779,-.10839097,.060656931,.36845121,.19852316,-.14712913,-.12103633,.068694778,-.16881192,.04604229,-.14619055,-.021918347,.22755133,.024385389,-.18282782,.22716133
.16762714,.072066858,.23468241,-.15142722,-.20259973,-.023707343,-.12942219,-.14592814,.028890366,-.017885856,-.099641867,.2218059,.15472676,.073073626,-.11998314,-.11524085,-.1139312,-.17182654,.17697345,-.021073559,-.140798,.016795143,.17415093,-.093253814,.23257345,.13522276,.18751182,-.040883113,-.11217915,-.18373723,-.045412391,.24347685,-.1090735,-.0023253448,.0041458788,.062530726,-.088573806,-.14601818,.21284233,-.025631964,.2379737,.10843637,-.20615537,-.20769392,-.031102998
-.16665474,.20751324,-.15752105,.15951128,-.20499291,-.16163391,-.14815934,-.18374659,-.090664946,.22778565,-.1408006,.16682434,-.17369448,-.097905368,-.13732553,-.1220186,-.18819778,.056479976,.089500867,.20760475,-.13530876,.2150338,.27596536,-.10827379,-.18458329,-.1100357,.041683514,.20845403,.19983438,.19398911,.22549367,.2263021,.14008629,-.16758965,-.083726972,-.11138083,-.18968438,.0028867838,.13648582,-.13730372,-.10671813,-.21071318,.15047574,.13512444,.25159904
-.084339418,.023734923,.044515949,-.05167101,-.053432383,-.099220425,-.10517618,-.08175613,-.021813534,.1149843,-.046988703,.18408579,-.15168934,-.022898292,.017208297,-.028701171,.12262926,-.095372453,.060136069,-.02961175,.013770566,-.018644385,.1886701,-.03544648,.14278018,-.054697592,.20398585,-.055129629,-.058430891,-.07505364,.19650193,-.041684743,.061298817,-.063691154,-.02752582,-.070076548,.13650954,-.069125749,.15534863,-.095606945,-.19436443,-.050496601,.011916277,.12004276,-.01547384
-.14358902,-.16342524,-.080291025,.042125661,-.029179126,.079930626,.025309477,-.21784171,-.056080252,.16474478,-.069395512,.01012249,-.11977488,-.0698267,-.13502441,-.14842036,.17070292,-.23650983,-.18426694,.058657467,.15053071,-.12475091,-.11607544,.028869879,.075026855,-.25852022,.027749287,-.075357005,-.12577969,.14560801,.11982302,.22173192,.15346226,.16776849,-.11107313,.17442055,.056133766,.18006454,-.046193667,.10541654,.13551234,.10576856,.17773852,.036852766,-.10269636
-.020038508,.015698086,-.10787077,-.034363434,-.070208587,-.088108838,-.06366504,.082385898,-.059274264,-.14726844,.088728838,.021463934,-.11698054,.011438594,-.028890079,.088539355,.1073909,.063273542,-.071835242,.0016384922,.031825081,-.050221823,.028784966,-.049392022,-.00014386463,.088943325,.18531603,-.026520288,.064008817,-.085891947,-.027274735,.083591118,-.097346745,.16251957,-.066827886,-.053749286,.033738084,.16824166,.019463107,.090831026,-.061233759,-.11335935,.017807648,-.061878163,.046715558
.12551863,.21474631,-.13469818,-.13417199,-.037335359,.071420558,.05134039,.047512643,.02443877,.11036304,-.13879623,.0020326104,-.040439349,-.1974172,-.018294169,.039141603,-.049027659,-.0060585337,-.0054877759,.09142819,-.10442545,.131822,.044301171,-.0052139629,.10314852,-.015855545,.0867704,-.13282096,-.15709737,-.02738779,.087877087,-.075557865,-.059493266,-.0077725858,-.035700202,.02731864,.029871389,.15097541,.099845268,.055563737,-.11449216,-.14071846,.023172937,.028065654,-.0084128985
-.056531005,.043565877,-.074663758,-.013118569,-.067251444,-.031676508,-.023560591,.019107668,-.014363665,.15733434,-.083316684,-.0080546523,.18715446,-.092550293,-.07766097,-.015891626,-.049008954,-.096152052,-.072966933,-.029470567,-.067288779,-.064766511,-.048924021,.19706741,.13334763,-.056607224,.094090015,-.0048728609,-.09340629,-.09553878,.082876384,.024991551,.0022994673,-.00042651041,.1004986,.027959997,.108196,-.056746665,.10915222,-.032914154,-.1221273,.13563146,.035399642,-.02627811,.01746274
-.12261711,.023044765,.059654675,.13211562,.053285021,.094508171,-.12111422,.082133591,.090714879,.044475723,.042587571,.07663092,.0099661276,-.053282261,-.091141731,-.089047834,.081103936,.047984704,-.1070556,.015030707,-.091009669,.016679656,-.10623305,.05765,-.010746289,.052942131,-.039447922,-.0021455141,.010978511,.061832577,.10016388,-.062233873,-.11655477,-.027072467,.024627365,-.10288198,.070944063,-.008352275,.093983695,-.053520143,.020817798,-.1107725,.088619173,-.11102651,-.026219523
1.9737482,-2.141901,-.19263692,-1.7600615,-.05222813,-.365567,.66901916,1.6281012,-1.8810174,1.2053032,-1.171844,1.1155128,-2.0925374,.87739921,1.7395326,.23235562,-.209417,.45446882,-1.4629831,-.37964663,.095296815,-1.781325,-1.8252128,-.96242946,.31940117,1.4834573,-1.9438717,-1.6401392,.64061642,.68113714,-1.5532937,-1.3026078,1.9485489,1.8361025,1.6327549,1.3674892,-.077674396,2.1417189,-2.2439189,-.80545235,2.200758,-.61565644,.55355418,2.3036194,-.63847381
.1106355,.05401811,.02009007,-.0049895593,-.11867224,.057239667,-.012288772,.11010011,.0066942913,.10900206,-.091647431,.11983862,.035353899,-.037057083,-.070112206,.11916948,-.08502733,-.010125897,-.079878852,-.022177776,-.081773035,.010156098,-.12181758,-.029690303,.051492821,.0084171854,.013937456,.094413653,-.00010849863,-.048048425,.089039773,.083900005,.014506526,-.060041487,-.0045667076,-.077175856,-.018355357,.010566331,-.088089719,.086356364,-.066315942,-.079172537,-.0023504414,-.0058276653,.010382671
-.28935033,.35012484,.041482788,-.05524743,-.29829571,.50673449,.22345881,-.087584175,.502186,-.31249768,-.44605795,-.17324916,-.33698112,.099776804,-.37935618,.037900515,-.22768436,-.47358194,.22045608,-.37488538,.20488091,.52926141,.49847177,-.31789905,.064568333,.5439564,-.44593513,-.095048614,-.43638495,.54794335,-.42644504,.044440448,.57176471,.055563625,-.28092372,-.45093203,-.030026948,.50803369,.4199585,-.44883621,-.49921912,.55209225,-.3836731,.38442102,.3626186
-.10270801,.092217699,.10544918,-.0051037963,.11151624,-.15982242,-.18444295,-.022293067,-.04006511,-.1777834,.24148034,-.00093204231,.18880817,.13490684,.075062998,.10272969,.052425083,-.053502414,-.0059222411,-.035256047,.05746489,.074073441,-.17545813,.19614339,.15812737,-.17126951,.21085656,.25354815,-.10696582,-.03736449,.10761955,.12205712,.17160125,-.066363111,-.18277979,-.18455103,.083410501,-.180896,-.16814099,-.07729546,-.097295068,-.040996421,-.163792,.039210562,-.13770969
-.14933912,.17319861,.026616463,.040279202,.16004013,.20050642,.012930253,.024637358,-.077698566,-.0032832283,.10335691,-.18232448,.056510948,-.24103734,-.035257936,-.082162686,.053697243,.004433753,-.0046020662,-.031707775,.1576779,-.1906486,.1717207,.0033154353,-.052381944,.13328578,.048676811,.045173861,-.12802878,-.0021651988,-.090320162,.11792958,-.091879554,.092218958,.075589687,-.17967699,-.11988553,.046854328,-.16177668,.28121531,-.11758001,-.008795795,-.18100399,-.10605798,.20774877
-.42555404,-1.7169909,.26003218,1.4774303,.94965512,-.45531803,-.3928051,.21594037,.14447129,-1.0369473,1.0948189,-1.2122847,1.1680291,1.5920725,-1.1621429,-.90068251,.16348679,.26211292,1.3299694,.36983049,-.89019376,-.35085046,1.0122271,-.77677733,-1.8471035,-.0022573583,-.63959277,-.23662709,1.828016,.65202641,-.72132516,.80357909,-.33097208,-1.3242023,-.41718259,-.077188455,.59264559,-1.4327744,1.7929908,.49434635,.81624293,.99673426,1.2350229,-1.2412854,-1.6606228
-.0013730001,.095796295,.028439682,-.02412205,.012420131,-.039660469,-.0052548987,-.0033508656,.046421692,-.021415027,-.033759408,.020971235,.037132699,-.021901978,-.0085795941,.079415068,-.0023848827,-.12789237,-.010299754,-.021425644,.014533833,.016794434,-.090107128,.10657261,-.0053905929,-.11777316,.018818982,.093466356,-.021665365,.025904292,.069452219,.035828479,-.018518008,-.019807067,-.019701393,.019878589,-.042952701,-.025850676,.053147964,-.021905636,-.032690063,-.083961852,-.00070017524,-.014867943,.06231714
-.096083738,-.017395519,-.0012256728,-.048143651,-.14374232,-.074428737,.034615509,-.050711855,.059895281,-.068925202,.13464907,-.065582767,.0017250241,-.036137674,.060789347,-.065967441,-.065973312,.14020334,-.10129783,-.039797213,-.013524074,-.045215819,-.083627962,.12258194,.17909966,-.19449858,.02517942,.13548578,.19132778,-.0038017055,.010448512,.20446181,-.11617707,.071157329,-.0018794995,-.095911689,.14529254,-.14173722,.11974891,.15322618,-.092266031,-.1336038,-.089573577,-.027398579,.12474108
-.023873411,-.014555831,-.086830847,.065718271,.073243707,.081348494,.22889009,-.075285852,-.0093508177,.18816723,.17882468,.03560384,-.007166401,.18469265,-.072635658,-.091210186,.19439898,-.12287181,-.044070415,-.090347111,.22519971,-.086677104,.054507669,-.079835929,-.062650643,-.10763618,.074960187,-.099576056,-.1020885,-.12697519,-.091237895,-.0069768983,.13422935,-.037505567,-.108889,-.085483238,-.053711191,-.12059335,-.0031313712,.087135576,-.057110839,.146424,.015317523,-.038474988,-.061909702
.14275967,.034503292,-.025521073,-.085870348,-.009455109,.069708303,.078142069,.047437552,.030856721,-.049625542,.080648802,.024161581,-.027361622,-.060351416,.064256802,-.02407103,.046034012,.1214377,.084643595,-.12913655,-.11402392,-.010039555,-.043749236,-.0081729563,-.22918357,.16526982,-.10045279,-.086027421,-.052021325,-.1580638,-.1524893,.11139579,-.012732127,.14415739,.10410659,.097349286,-.097493596,-.016245276,.22939114,.17262474,-.056491151,-.29644087,.17803295,.0080783768,-.18997665
-.11629061,-.048844222,.17474911,-.12149778,-.18045017,.13263701,-.095279336,-.12503323,.080746807,.12466181,.017799627,.070203103,.074942477,-.042152878,.17804773,-.069391988,-.036671262,.11755068,.032644894,-.089582093,-.00047388533,.014994726,-.092699341,.021303568,-.10023632,-.010506458,.17604183,-.0056874347,.064143166,.16340481,.048715681,-.084076837,.019210629,-.1330658,-.087203093,.08704263,-.012981241,.0018010894,-.2008768,-.068873614,-.0078224093,.0081941104,.14869167,-.087236568,.059406221
.15338054,-.099545851,-.17523798,-.22946337,.40742207,.19552262,-.14622073,-.36750603,-.027375467,.046839722,.20001936,-.30675098,.36627695,.35854876,.42621812,.39993796,-.37006637,-.0081464006,.18944293,.42283311,-.067899257,.34892601,.092517562,-.14195703,.39994186,-.19126152,.3943013,-.34083834,-.20586969,-.32718313,-.13538659,.23883693,-.23275092,-.21531153,-.32698292,-.13920163,-.42039916,-.093634754,.32417759,-.064126551,-.14203514,.25666586,-.14338897,-.18237038,-.12089854
.09259253,-.29873687,-.15230943,.089168288,.22153541,-.32764721,-.38162065,-.12579966,.40166777,-.15523081,.309598,-.3135066,-.09978687,-.18692446,.11444099,-.3473559,-.33126506,-.17963023,.075244211,.030176925,-.096545011,.46130028,.22950754,.22758129,.13791201,.13169923,.19850501,.27386367,.19019051,.12641101,.16188845,.077438273,-.18814416,-.36240855,.22683127,-.40722838,.16859633,-.38709009,-.01617809,.19065884,.19077958,.16100471,.2385924,-.28486142,-.084915116
.0721668,.12115994,.033357397,.0476056,-.032565255,-.10607362,-.011205941,-.050171621,-.043924209,.083673395,-.041783541,.10171498,.0049204668,-.10780287,-.043356471,.0034154765,-.12251888,.021945201,-.0030079337,-.1595366,-.10207214,.11042573,-.021041263,.034564592,.011066402,.0018570987,.089813992,.066124544,.080612294,-.060155757,.083908856,.052508462,-.078268431,.020533293,.018851735,-.017029684,-.075751424,.038041119,-.02479386,-.068454832,.055365939,-.098101519,.09404289,-.045223832,.065163501
-.17824022,.18611716,.0072085755,-.10385913,-.048199669,-.15654838,.13848913,.11567582,-.040799782,-.12607002,.1177815,-.051436994,.0029001716,.058857348,.10085157,.066989288,-.030022757,-.042320792,-.062357496,-.015817359,-.031724185,.11918389,-.088568173,-.12133434,-.0055854023,.099789932,-.13157885,.092872277,-.042426802,-.042022262,.16054006,.13840823,.10052416,.10073962,-.0054786839,-.17529407,.090778753,-.049809508,-.044760577,.077678062,-.13930219,-.04987292,-.021137884,.11816212,-.088979207
-.15773179,-.082078338,.080687031,.19974732,-.20811257,-.11148032,-.15921523,.045132902,-.090582505,.52131784,-.0066508488,-.0764452,-.021216867,-.00253009,.51289248,.08473514,-.15444458,-.18113944,.14969452,.078520104,-.18009691,.21085891,.042072203,.19093528,.14174795,-.26107851,-.010460705,-.13481092,.078534551,-.067391895,-.052996881,-.063572221,-.06640543,-.049015488,-.18456207,-.030149559,-.10689986,.42754692,.25723794,-.10764483,-.23807138,-.081170157,-.0021958281,-.023267714,-.11024299
-.12595604,-.26567069,.23978893,-.35905287,-.1612034,.19160287,.32189912,-.010689322,.15667592,.15643004,.26600787,.021218982,.039188597,-.20839687,-.028988142,.24588464,.14245749,.074105233,-.18275666,.21946059,.30210158,.013690419,-.18254785,.30664596,-.29819915,-.31284159,.31896064,.032959823,-.2820763,.070684977,-.24967565,.031208849,-.34215447,-.16033223,.30337632,.10587087,-.37449011,.0055514798,-.21103591,.073260896,-.19775817,.30911019,-.25235671,.038901571,.21913825
.18109567,-.073286265,-.12771791,-.14903422,-.05633897,-.0047226124,.083066531,-.072472662,.067585923,-.079986162,.044100679,-.037350595,.044479303,-.099868573,-.076418139,.054006983,-.025156213,.12611014,.020596258,.013173047,-.027082803,.20335419,-.1480256,-.0038312965,-.035857935,.0093474435,.027578374,.042557992,-.058894802,-.10067741,.10536931,.022233348,.087930955,-.00544063,-.10103115,-.046696279,.16149262,-.072157867,.049844723,.17911598,-.11713096,-.077180795,-.013039799,-.064481705,.15084189
-.059310742,.12824208,-.013543311,.08988893,-.019618846,-.029322488,.15814538,-.10256021,-.029520137,-.082107678,-.088962786,.019720173,.045008272,-.088130467,.19108626,-.077280954,-.010596308,-.04956251,-.075676896,.056650691,.021123329,.097100906,.045539349,-.00027894496,.11112247,.01791385,.0041941572,.039127074,.08880268,-.018409871,-.015074707,.10257597,-.081329495,-.069707088,-.0015264116,-.0017493358,-.015729044,-.12679352,.041816358,-.004779153,-.12398431,-.083474234,-.048206288,.072825298,-.013647465
.024262255,.12463172,-.065106541,-.0406885,.10724437,-.06703072,.10897392,.07323774,-.052656621,.047103625,.10205102,.13852142,.11446248,-.089296818,-.11371019,.043675419,.037401266,.042494781,.086451143,-.079700641,-.086274654,-.04389428,-.098808333,.12512809,.15644066,-.1285654,.030501066,.045783482,-.13659461,.083911471,.029102897,.019244608,.043056484,-.092572965,-.11767595,-.074457049,-.11139697,-.12637046,-.044788335,-.1130288,.049264017,.1288055,-.033222325,-.050532795,.0046235379
-.08904732,.19083764,.019952161,-.13000198,-.063609727,-.04237726,.14782523,.037880696,-.09406767,.020257028,-.04324289,-.011221834,.033280414,-.08502806,-.039837819,-.036625732,-.14743897,-.048369206,-.060259134,.11445617,.031285468,-.023199735,.12398733,.078002639,-.098391823,-.058949221,.032485772,.14667609,-.13084163,-.099609755,.055467237,.13396819,-.18891546,.061945606,.070276,.0098681469,.025350567,-.14571267,.036728654,-.022035763,.057065085,-.040829934,.1069817,.15095778,.014077994
-.075022526,.036416143,-.048828617,.11300933,-.040719662,.14316808,-.043748949,-.02700486,-.010429279,-.074339144,-.061487429,.20896484,-.056535434,-.12065973,-.037541598,-.037928373,.1581156,.13101961,-.063641243,-.08020182,-.011483627,.010057211,-.025747489,.15353724,-.06321492,.10163343,-.018186145,-.041775171,-.072883092,-.10016549,.19205184,-.024955552,.066830754,-.077753916,-.059485462,-.09631063,.0099377809,.098435141,-.049584914,.08205279,-.099995628,.09758094,-.0056878095,-.042788014,-.034704171
-.02636458,.10095481,-.071848445,-.068979904,.0083176075,.068030179,-.012105616,.096141659,.10487602,-.066326223,.19166261,.016315674,.075770468,-.12331658,-.07054171,-.013976397,.010249493,-.033133809,-.11884364,-.016438859,-.032472141,-.00067759713,.154985,-.04573575,-.017965578,.0089807035,-.029284127,.19275486,-.098936021,.0053455704,.14027344,.1844876,-.1430745,-.11127776,-.11335458,-.080782279,-.027170261,.065481246,.035416588,.14876851,-.020347323,-.042243253,-.080493383,-.090686023,-.052435696
.076962203,.059395544,-.033751555,.067662857,.053134516,.10825115,.03986109,.098737672,.06630832,.064733997,-.12622875,-.014875994,-.11767554,-.0090186037,-.07615193,.038936321,.11083771,.025165781,-.093287483,.044128388,.016059693,.055170365,-.050072238,-.11895583,.0051895692,-.032757994,.059493501,-.028286988,-.048796553,.013889756,-.046199206,-.1252442,.022316979,.062934898,.082583338,-.0027035379,-.0028237209,-.0089941071,-.0080617871,-.11950554,.046046905,-.012108251,.016959827,-.12911893,-.03014162
.1864171,.26475963,-.0046511944,.24326299,-.050481495,-.11222787,-.007556593,.02101648,.031807221,.01133204,-.10814408,.046284858,-.12987794,-.025686041,-.12035789,-.045308806,-.06038582,.007875788,-.049295373,-.10974479,-.005625309,.069300488,.033829425,.29814643,-.095000528,-.0060011386,.18698454,.006923222,-.09963654,-.061366335,.1087057,-.095075682,-.10802836,-.0050200135,-.018505735,-.050494164,-.069987379,-.01325688,-.077355608,.028833907,.14430323,-.031960603,-.020066695,-.021875521,-.086808637
-.051415205,.06822677,-.28600359,.021440372,-.042543519,.063780539,-.16364563,-.012858142,-.068319976,-.015801208,.1046932,-.1744231,-.075516805,-.089005731,.09332969,.13622308,-.23664877,-.040461678,.080775261,-.27447477,.16514567,.010125061,.11251186,.02166749,.015424265,-.080768645,.24399962,-.059878469,-.016332425,-.1000546,-.050481148,-.11785024,.083120614,.10522155,.0047710775,.17301127,.013261423,.044292934,-.05571302,.11453459,.055003513,.1419481,.065120421,-.071902186,.14647044
-.16544323,.36821797,-.27260125,.12239094,-.041311163,.34720236,-.22404625,-.11634647,-.19918494,.16503982,.098758698,.33843687,.088463411,.119504,.26020676,.15616101,.016364077,.25520834,.23159268,.11321196,-.15679549,.13880126,.2573044,-.3459301,.16022138,-.34280789,-.23351501,.29160449,-.19877562,-.20513438,.30056977,-.20700893,-.1193842,-.1490242,-.298372,.097527273,-.048467502,.086388595,-.1829627,-.16097017,-.22675551,-.1177581,.14987512,-.34923103,.19877486
.044194419,.10651328,-.027813056,.011678715,-.072531134,.024548601,-.039686225,-.025010796,.016424421,-.025551064,-.019990334,-.0076519554,-.0031674006,-.059201736,.081961989,.10469434,.083576538,-.047284618,-.018306324,-.0029378524,-.032516483,-.060577281,.091396794,.057625771,-.041603997,-.061937314,.033393655,-.0071430602,.012287642,.022757214,.044743996,.19029377,-.10288268,.031154459,.025463818,-.047279079,-.031617027,-.038046334,-.063647337,-.050049148,-.015016889,-.012681945,-.014704321,-.027521068,-.026352976
.043486997,.11302331,.00038470578,-.1012205,-.040150199,-.082523055,.076565251,.022687996,.015386461,.058046278,-.17988317,.04883058,-.005585073,-.061599113,-.16927698,.13562284,-.033754323,.027422037,.066007033,-.051006529,.11119797,.098787554,.056103926,-.0060945502,.034057479,-.17656554,.064964056,-.096091576,-.025723048,.037704594,.12731148,.084894009,.015977694,-.015831692,.043036245,.065527521,-.13925067,.064290814,.070153154,-.17780876,.021413391,.018347051,-.045117132,-.09295366,-.020794876
-.049785644,-.010270192,.032237682,.097244591,.030740932,-.057816349,-.016371351,-.080346905,.045596801,.0088127097,.087244794,-.082713388,-.006629196,-.075166516,.069364808,-.067921385,.095879152,.079749987,-.074124649,.0032334689,-.085711084,-.066251077,.13760504,.07031931,.10189055,.070591107,-.052521482,.1627131,-.14077078,-.13758603,.15475419,.012926272,-.11442696,.016967852,.0068797129,-.064741097,.014574098,.0027401529,-.14374036,-.13013628,.041510232,.072885886,-.14484438,.11620905,.069203623
.13559134,-.23095647,.18054922,-.33356962,-.21025495,.29124868,.11254598,-.3293719,-.052312661,-.22280434,.037716161,-.15320182,.11151078,.14359692,.21359462,-.22930202,.22055937,.24356847,.038082402,.18554313,.0013147468,.17713183,.092056267,-.28702071,-.0093150204,-.070212819,.038708773,.23579475,.033125613,.21468669,-.14412652,.09903875,-.41619295,.098952681,.3018463,-.2708863,.15190092,.034571875,.089925766,-.14159739,-.36891478,-.11253782,.024030449,-.25830606,.33369166
-.2065334,.2453997,.23804441,.14083709,.21868341,.10043012,-.056839973,.11321939,-.20218752,.012702297,-.19823825,.020608524,-.1048003,.1299689,-.24810976,.10801366,-.39665344,-.35951856,.034154028,.079999052,.25632632,.23636936,-.052247602,.049546637,.12566493,-.034899611,.18724139,-.14856879,.22827773,.091133289,.13282463,-.31919786,.03655016,.20945202,.22291134,.22426572,-.24485293,-.20532286,-.29618028,-.25686112,-.45407632,.12451642,-.0074489657,.092036501,.13336049
.0070133479,-.001654729,-.050632328,-.24322994,.11672873,-.023274105,-.27201408,-.13091929,.047743436,-.26757509,.19619706,-.27913347,.28840297,.36744347,.23311828,-.055146072,.049941517,.15432636,.36149308,-.14976694,.28354952,-.30944601,-.24188158,.14104302,-.28920621,.14135824,.019481223,-.29210269,-.074515976,-.10079638,-.31469584,-.27953902,.26920015,-.00077985268,.083202772,-.32036123,-.1109937,.38766918,.1014713,.031019272,.29801187,.17484277,.040888596,-.1891197,.20263807
-.026755473,.061757982,.47353461,.35811111,-.37228623,.16398746,.45594057,.074606262,-.32715943,-.46326146,.04473741,-.14523892,.15618625,-.36430621,-.00060668058,.44188687,-.37128627,-.048498906,.37575284,-.32533094,.34467068,.0095755765,-.39207277,.21457757,.22714245,-.43310979,.0061689271,.38473555,.13471887,-.0014218946,-.36726511,-.14333105,-.39413998,.013573973,-.22146416,-.095692143,-.17786831,-.20321767,-.30285594,.28335577,.34529418,-.3663474,.41086495,.038744479,.52359241
-.0017439671,-.033392195,.034939222,-.020341495,-.030256797,.085576743,.031466849,.035629988,.13151093,-.064638771,.023884304,.071410075,.041341148,-.1838253,-.014618255,.077679403,-.07170248,-.10585038,.078245588,-.050024193,.036600884,.054536607,-.030604612,.0010379486,.016720731,-.075787105,.044000704,.070838563,.0048044301,-.042541102,.10956202,-.098625474,-.071646869,-.046453014,-.050172806,.076501861,-.023069866,-.023309717,-.016525459,.073087178,-.020188589,-.0095559629,-.024607064,-.0087181469,.018824441
.093655936,.10095704,-.11203687,.13011964,.053511012,-.027262345,.0037214628,.17796488,-.0057501057,-.089809015,-.1132143,-.18031824,.12650061,.042289369,.10342392,-.10659248,.0061755725,.097431473,.16115567,-.069224991,-.0854607,-.13922989,-.054459047,.075917885,-.023058349,-.056733236,-.060273252,-.10613528,.087744124,-.030367333,.1033251,.049237598,.075146802,-.18465529,.05181478,.09806101,-.076376513,-.12468056,.13681203,.044875361,-.014437688,-.029534679,-.14349514,-.15298094,.16624497
-.17411514,.044075057,-.1646968,-.042273838,.17836726,-.052305277,.042806685,-.17438714,-.085399769,.18685672,.14838703,-.031908311,-.10538873,-.13845474,-.15558869,-.12945701,-.10811663,-.046717487,.056964353,.15820138,-.041057896,-.14241263,.24579032,-.093205638,-.1285339,-.16500667,.038220774,.034304809,-.054802325,.067586161,-.049986195,.13499582,.088875063,.17805511,-.019003997,.19672896,.0079800459,.21958783,.03725465,-.038376465,.085132323,-.16593207,-.10655156,.18285744,.080651134
-.078118533,.11825906,.23263752,-.089564577,-.1703797,.056244429,.13884264,.21892433,-.072044834,.034865066,.20886853,-.10952701,.15581633,.023030367,.10401246,-.096971333,-.18047024,-.11935936,.16226506,.1650371,.17739846,-.11266603,.17187585,-.18385781,.23394074,.015804129,-.16430759,.18497507,-.15205152,-.10736238,-.06876073,-.047827713,-.10210724,-.16153497,-.10843807,.11077783,.084222607,-.1125335,.17814058,-.090529375,.13379249,-.18332985,-.16738752,-.075627618,-.15497316
-.13724598,.23862888,-.05917016,-.016582534,.052972715,.01794376,-.098694377,-.10433555,.17768127,-.05245037,-.015386111,.013849343,-.011198617,-.081131309,-.039129741,-.01832989,.26503557,-.037110273,-.047486357,-.028510313,-.092276715,-.019251438,.15364887,-.0082907137,-.094123363,-.040704936,.15568911,-.014351754,-.040291049,-.0712547,-.062624373,-.086592264,-.11593022,-.14446557,.039602794,-.14497489,.2270873,-.11971965,.30089676,.12033198,-.066610627,-.020847563,-.094442628,.14219235,.077953331
-.095188864,-.017417111,.23073168,.033501051,.10444833,.069767147,.052649297,-.2322356,.10761339,-.23524964,-.12672968,.090830371,-.18713795,.12819767,-.19561404,.013907854,.060260162,.11939146,-.036860593,-.031189306,-.0073454557,-.068681069,-.0047910782,.1835153,.18218233,-.21719645,.10311862,.20907681,-.26892409,-.096765324,-.020161513,-.24475351,-.041069414,.13451277,.22015366,.17717724,.084316932,-.0061157229,-.051853541,.073771633,-.10892471,-.0084483009,-.24953279,.19480994,-.021747891
-.07052777,.047818422,.008081547,.045804147,.046978667,.11634576,-.02840017,-.031475358,.099620022,.022446977,-.020603942,.027851462,.013686192,.001483221,-.054609548,-.039743189,-.035924219,-.070605405,-.03341113,.02706144,.0020903826,.11483685,.012950258,.024186185,-.0022820367,.0082067652,.020291727,-.031710584,-.037818413,-.074025683,.057429064,.05520913,-.021315223,-.053069685,.018382659,-.015546365,-.065544948,.0046425485,-.030064492,-.018424077,-.022472074,-.029911384,.014841932,-.050492629,.04773296
-.29981369,-.26336086,-.27109805,-.31715086,.19410831,-.27482575,-.29724354,-.24810331,.011688785,-.070487887,-.019423228,.23027897,-.33235246,.071492739,-.09719947,.2814106,-.11451215,.027190624,-.19080052,.31166726,.15065485,.32045251,-.29630756,-.29520923,.28727639,.12304825,.20530409,.24573216,.12263156,-.14501427,-.060547195,.28597733,.18199678,.25517911,.32202038,-.26722512,.19798228,-.041484274,.14336343,.23083983,-.026432298,-.13948777,.14701666,-.25370583,-.025527589
-.18187168,-.23623246,.23940469,-.043731607,.078894101,.0035011463,.2954534,.13926682,-.07404729,-.080964662,-.17331962,.011097896,.32419145,-.21858656,-.078520596,-.24404594,.11575215,.035747994,.24141927,-.11762866,-.092314348,.23301254,-.014499436,.066779509,.05976193,-.086348332,.039626025,-.13953209,.039657325,.078614682,-.10851862,.10167539,-.086344741,.068227671,-.13157946,.070321426,.20889737,-.15337054,.03984493,.010786694,-.12014148,-.094748668,-.099666119,.030805195,.04327336
-.054657348,.21948333,.14126682,-.051028483,.012957362,-.21301068,-.0015016698,-.068208545,.1122743,.12308907,.082784876,-.18390349,-.037284769,.035944887,-.015384151,.057557963,.019724892,-.092874691,.042560022,.03598113,-.16688862,.019001974,.060023692,.15855128,.069246314,.053106375,.077447213,-.16058482,.11396791,-.16403954,.11910449,.05541743,-.063192718,-.12178829,-.066251874,.13944724,-.026048325,-.1584644,-.033250764,.07674183,-.11067277,-.13181442,-.064186603,.1728864,-.013529838
-.12290935,.11266495,-.04931283,-.13224614,.139751,-.093248047,-.15931574,.048344709,.2648989,-.10522819,-.061715171,-.10989859,.11513998,-.066097282,.092554651,-.1577491,.069794007,.16142403,-.0068025296,.025481844,.020874474,.0039783297,-.080427028,-.15096818,-.0063934522,.070734099,-.072433457,-.066963628,.089145623,.19166501,.22596353,-.10136092,-.11731716,.1140966,.12429427,.091454238,.069182739,-.0100764,-.19011365,.093583047,.15584891,-.094917066,-.0095502539,-.20596106,-.10986968
.014357796,.096457422,.067749813,.039130338,.099502549,-.073995918,.072367117,.035741769,-.028230617,-.096801572,-.0068123112,.1107821,-.086347334,-.11601037,-.067279711,.045461889,-.016777849,-.026729813,-.11093571,-.0074752755,.079139516,-.048062477,.050243091,-.10115521,.084087543,-.074940465,-.064331897,-.097314052,.10103516,-.13074398,.026482722,.051210139,.0066818926,-.053027026,.033903249,.077460766,.058974985,.029559324,.029355159,-.050306585,.017782262,.080319583,-.043362394,.053394698,-.060540304
-.0023394881,-.026727995,.033397842,.10456061,-.072001629,-.070885107,-.035180338,-.015181321,.06998387,-.062836349,.067763619,-.072526619,-.067593403,-.12580448,-.071335867,.13043788,.15072492,-.071928754,.069492348,-.079726309,.10653209,-.06737379,.098702654,.053016271,-.057583168,.11373185,-.067733139,.075143144,.04440821,-.090509869,.030962288,.058171533,.003448904,.094572805,-.021520767,-.028370664,.00011530823,-.090498544,.12690498,-.039359868,-.1053732,-.11087313,-.041777089,-.052715369,.11568513
.079066075,.01803335,.075066127,.29934707,-.050341856,.28248581,.085260905,-.29391414,.02384872,-.045883995,-.014429441,.082166299,.18914109,-.073824465,.11244155,-.02404114,-.15471508,-.032948773,-.099439286,.34553778,.095182076,-.32095757,.10813346,-.1971141,-.015187571,-.096458949,-.17479323,-.00034738169,-.031373143,.18817058,.011214866,-.33256644,-.11770784,-.056216244,-.03570801,.24477464,.2680282,-.073742673,-.095129013,-.046149511,-.14872569,.073474161,-.07328853,-.069876738,.093508005
.18402953,.042991541,-.11811554,.14880379,-.17269813,-.12488896,.024409868,-.0061064214,.11739524,-.15256633,-.11851072,-.055910394,.07213787,.18721819,.18421836,.23573261,-.10326181,-.11873905,-.060391866,-.02504137,-.072164699,.076560624,.20201148,.22691196,-.073573723,-.18661796,-.062027525,.056914605,-.06129742,-.14527461,-.075793013,.023664366,-.12648028,-.032312848,-.15108827,-.11818196,.18839581,.19562289,-.072192281,-.033326048,.042268332,.046783362,.075886562,.03749878,-.10289457
-.049935672,.17741054,.05481717,.040533956,.13368171,-.096138231,-.070118651,-.11687274,-.0032726116,.090261035,.066297129,-.019785739,.066293865,-.010617192,-.047220059,.03850333,.030136712,.019034453,-.027685793,-.038984694,.1002672,-.068666995,-.013065359,.11685553,-.040941704,.080482908,.1009673,.014791457,-.10501167,-.1425226,-.056556623,-.070799023,.049617853,.097030401,.053500198,-.058950525,-.070042521,-.01942509,-.065054178,-.049971119,-.061030027,.00082894537,-.1053689,.10665016,-.029924151
.025298171,-.0084891366,.037488591,.043296479,-.18139689,-.073542565,-.040306646,-.087205037,.25288844,-.090234645,-.11844485,.051012445,.033624731,-.11997068,-.092805207,-.13568285,.052607734,.27346456,-.082332246,-.041099098,-.14687626,-.1109685,.16189982,-.084321424,-.0075899158,.054055519,-.15134676,.25941485,-.15437829,-.12236595,.085761756,-.068182826,.037133195,-.079451002,.074213341,.010847627,.17420442,.04202415,.071854994,-.11863776,.1893992,-.028832253,-.079650283,.22822163,.065399408
.094330013,.015310301,-.035738587,.046048723,-.00035495849,-.087118827,-.085429639,.00074068387,.04243375,-.0076299286,-.14797994,.048802417,-.082602054,.052165817,.097653575,-.096520446,.015770733,.011201464,-.14579888,.036449261,-.0048472844,.12028233,-.01243188,.12137816,-.10777643,-.025086645,.01030327,.076956294,-.075814545,-.076359853,.073524781,.056218926,.030709196,.082748577,-.026284928,-.077196494,-.056282502,.031650629,-.0048614931,.083110429,-.012241693,-.0071578235,.031149343,-.018688537,.015264686
-.050152518,.10113098,-.060337167,.028089039,-.024912555,-.022926928,.063835077,.0071874238,-.012136275,-.0012926493,-.036834553,.026557231,-.020447709,-.0038570471,-.013534668,.086566865,-.010501312,.0089491326,.013556653,.032631215,-.015186249,-.016013216,.039364036,.056250535,-.0095262742,.0097856876,.032327931,.06761945,-.024735413,-.10595305,.042196941,.035149343,-.062371053,-.018236585,.053580806,.022885097,-.068614118,.0091531705,-.051800281,.022145238,-.081907175,-.04702232,-.0068063936,.017584408,-.011440751
.020646963,-.085810795,.10416309,.024498662,-.21776161,.066588514,-.17671952,-.0028669098,-.004727643,-.011583699,-.015106658,.061639324,.043096025,-.23374371,-.097618148,.11886925,.14677744,.16147132,-.1816047,-.086425066,.11915127,.22335041,.099607989,-.083908781,-.07146816,.014623333,.14511667,-.094040148,.045439806,.10818455,.16746391,-.06807407,-.089707881,-.11553907,.063248515,.094687678,.048032124,.17077293,.020406928,-.20991242,.12356361,-.044844955,-.20449816,-.053781576,-.041656647
.26818973,.038367614,-.20061426,.18234992,.090576179,-.12572829,-.15171699,.015544643,.27284944,-.062292151,.12325253,.058433697,-.12590797,-.015395482,-.052590061,-.13223979,-.12630503,-.15395586,-.1621294,.014618658,.066826127,.12261143,.092506953,.2394983,.27664909,.099777512,.10904808,.006395333,-.094466165,-.12311469,.2921319,-.17165659,-.010622806,-.17796655,-.14551823,.19995253,.13907187,-.23949257,-.15196121,-.12769589,.026632227,-.08302334,-.1641809,.014007983,.049282491
.082863994,-.064884312,.05576646,.11488498,.21994951,.20029747,.1429498,-.13890152,.1001521,.13070481,-.072484992,.16575937,-.12793007,.055191815,-.12268558,-.14000419,.1354879,.19088414,.098238669,.12430511,.04371725,-.10410815,-.19870244,.10507938,-.12096403,.034983672,-.19726865,.056663878,.21614267,.028832138,.23085956,-.1059874,-.16350707,-.20765054,-.2281639,-.1578009,.16354984,-.1580327,-.11685634,-.11735062,-.17249542,.18577506,.031181678,-.09359736,-.10484505
-.1230491,.20893469,-.15897562,.0089530945,-.16014066,-.04762464,-.078422442,-.12781045,-.044236138,-.03745139,.19519758,.058465134,-.0069790026,-.13588412,.0065120105,.14853594,.19677293,.052305903,.034544472,-.073198155,-.069107778,-.017695123,-.04344875,-.041787449,.0069851554,.079930946,-.05101794,.21385442,.0013443894,-.12884004,.019295817,-.061002221,.20665941,-.025601147,.201961,-.1659859,-.10787585,-.13103728,-.064483128,.18727764,.1236924,.19547155,-.14463246,-.045389082,-.055018596
.010999241,.30870163,.088549793,-.18558602,.09127935,-.040796712,.099546582,-.041524764,-.094844081,.13526225,.086143591,.10253792,.17072734,.039251436,-.24709643,-.1744045,.016765106,.11940707,.065869451,-.0070999647,.26675603,-.10928719,.0010726821,-.03635126,-.21001711,-.22403486,.045814864,.08824233,-.21383469,.07415235,.23242861,-.16131313,-.16145465,.23295578,-.16051896,-.022266001,.02044859,-.25683036,-.14100824,.091747969,.088461608,.076860167,-.0073746876,-.034600902,-.023737205
.1631528,-.13098766,.014639825,.0070785857,-.026434278,.027255971,-.032352835,.13711573,-.013321701,-.061186451,-.019674109,.10370351,-.15818746,-.1240705,.0054068933,-.0056049265,.11944667,.00063567661,.072738037,-.16017807,-.0085049225,-.1334291,.030676911,.066503741,.20457412,.055674519,.12702437,.043483362,-.031250473,-.20931976,.17514412,.082654297,.12047984,-.048395932,.0028582427,.092396811,-.018328192,.081403136,.0057653226,-.037710156,-.026744036,-.19670364,-.043359872,-.099537775,-.15453066
.044173636,-.027231907,-.044257719,.040330317,-.11804776,-.11950764,.033095978,.0075505832,-.02902873,.070353903,.044011366,.072504409,.071124136,.0024528236,.03156659,.033701837,-.072123542,-.00072864624,-.13988072,-.12808052,.052821636,.053286053,.029318284,.06348338,.088632159,.034513194,-.016500475,.062584437,-.090473488,-.042065375,-.0098232282,-.0043095164,-.025634009,.035520095,.022819463,.03966555,.0056459564,-.0062270104,-.0052147903,-.10972857,.024170894,.02671447,.012010986,-.078531884,.065343387
-.1060537,.077954486,.027663223,-.045245584,-.058925267,.0021292458,-.070441209,.082987681,.048250873,.042187799,-.110823,.04411228,.0086458977,-.095646948,-.032990947,-.0060713706,.023254991,-.053409249,-.050118722,.020034531,-.071050532,.092671357,-.0022304631,.18625599,-.023933334,.043373186,.089719668,.0881669,-.068539254,.006830079,-.0014937863,.073387653,-.019185659,-.076901652,-.066941693,.013631198,.062366582,.075325355,.014694798,.079248905,-.13252065,-.054919586,.060433086,-.045755707,-.07012745
-.028007563,.12179662,-.0079314793,.081348307,-.02453783,-.042874265,-.0085848961,.052010931,.086521015,-.043320522,-.024855414,-.022101179,-.017070854,-.080944985,-.05432773,.014043884,-.039796948,-.05758819,-.051137321,.041781917,-.00071782334,.052959971,.091955401,.0005890266,-.046984568,-.030003233,-.031142917,.0073228232,-.035286296,-.016079921,.18023998,-.050157733,-.072170496,-.042723801,.068795271,-.028369268,-.093100019,-.0491242,-.016975841,.087552428,-.046298496,.11039695,.067954235,-.025855521,.022800559
