residuals_ind1961,residuals_ind1962,residuals_ind1963,residuals_ind1964,residuals_ind1965,residuals_ind1966,residuals_ind1967,residuals_ind1968,residuals_ind1969,residuals_ind1970,residuals_ind1971,residuals_ind1972,residuals_ind1973,residuals_ind1974,residuals_ind1975,residuals_ind1976,residuals_ind1977,residuals_ind1978,residuals_ind1979,residuals_ind1980,residuals_ind1981,residuals_ind1982,residuals_ind1983,residuals_ind1984,residuals_ind1985,residuals_ind1986,residuals_ind1987,residuals_ind1988,residuals_ind1989,residuals_ind1990,residuals_ind1991,residuals_ind1992,residuals_ind1993,residuals_ind1994,residuals_ind1995,residuals_ind1996,residuals_ind1997,residuals_ind1998,residuals_ind1999,residuals_ind2000,residuals_ind2001,residuals_ind2002,residuals_ind2003,residuals_ind2004,residuals_ind2005
.28556833,-.0692311,-.29234499,-.057583675,.21863626,-.17183217,.33892381,.36812389,-.18179056,.10070366,.063064702,-.30634314,.27265412,.011189713,-.067020744,-.15753177,.3537893,-.25448975,-.15517011,-.082009062,-.20792769,-.12684405,-.17441057,.20658903,-.11702165,.088212006,-.081135787,-.17807701,-.0043238709,.31920803,-.24351922,-.26098013,.28715336,-.11308801,-.1917619,.14639501,-.11766513,.14587638,.26783696,.26306584,-.33060938,-.099083774,-.31570178,.33831611,.2821905
-.12912163,-.23215333,-.073696047,.086861446,.10357456,.3781172,-.24212889,-.038733907,-.21250845,.25776017,-.21652047,.096206672,-.09794426,.22180401,.06485121,.28400156,.35666999,.0027266098,.086546563,-.23246634,-.1754292,.046431474,-.044349238,-.21176001,-.24020724,.25376937,.096371539,-.24361217,-.26192647,.26865214,-.098403148,.35063398,-.24846335,.19092652,-.31184044,.33104038,-.32476392,.26780236,-.08811301,-.19278365,.074688807,.0018062135,.0045851613,.19358084,-.10248355
-.09152589,.14966415,-.1660004,.073129103,.014700697,.048143644,-.020557353,.047792934,-.18435188,.038294818,.038768109,-.044994146,.075013727,.13622385,-.15844581,.036717691,-.043838073,.014715266,.029630139,.060154304,.049485642,.18732037,-.14763241,-.012555545,.026612755,-.11262068,.071436286,.12545651,.056023452,-.089808114,.012964317,-.21562628,.17442833,.010579929,.045755584,-.17965028,-.20939721,-.1919309,-.14681427,.094052166,.1544306,.064075887,-.081522092,.20570761,.055993445
.0097195562,.02195221,.011894724,.04886201,.023823433,-.073986493,-.038269121,-.068136573,.028216699,-.086840622,.026556855,.023206165,.048255153,-.12354272,.041085117,.052729882,.03879248,.025656629,-.019705862,-.019785022,-.054143038,-.028923959,-.20737484,.1192194,.12335404,.061435156,.040489834,-.071798399,.078779772,.0011411702,.039450251,-.081081718,-.036741771,.0036223452,.0094152,.14881885,.024226585,.038886003,.048074838,.083788969,-.21112451,.037924275,-.076843813,-.076394685,.015315537
.049887873,.055892754,-.17171061,.084120438,-.091597669,.030230142,.024147347,-.097658075,.20073333,.19234967,-.1259698,-.045708802,.18130848,-.022210272,-.12168714,.0061454973,.067151263,.15970412,-.12923767,.018633908,-.19600129,-.15516423,-.12989101,-.052740924,.077857569,.028536899,-.10858615,-.028291665,.015552933,.11251411,.089989737,-.083141021,-.10962626,.1376009,-.026300769,-.051987924,.14991441,.098176189,-.079829,.16784123,-.10642262,.096355423,.087818176,-.055457883,-.14324161
-.092409149,.059507757,.39280769,.020995012,.013220824,.11688999,-.086216278,.057130456,.090228423,-.12943687,-.18803599,-.17963742,-.17470102,-.13459186,.012162342,-.18908843,.24595052,-.17353593,-.1322415,.31809193,.057344284,-.174707,-.18663448,.16408364,.0098780151,.25050536,-.019388234,-.086851001,.018066168,.056013182,-.16150603,.027647516,.38524345,.19732617,-.17593785,-.13139312,.080849484,-.18358429,.026814168,-.17766449,-.0093965279,.22462776,.011911944,-.21014321,.15980455
.18370654,.0089031253,.23536713,-.14657179,-.18703675,-.01283656,-.14565715,-.13406166,-.02212842,-.0038560408,-.094297737,.2114808,.15170534,.12300123,-.11318006,-.13626878,-.11107061,-.15566334,.19484475,-.019679731,-.16591945,.0046085534,.16112101,-.11886519,.23062804,.14883333,.172804,-.064916931,-.10589392,-.14882416,-.08740326,.22298215,-.078376003,.011773409,-.0079765515,.070250742,-.056951761,-.13993268,.21586259,-.033466998,.27552494,.13193275,-.19081834,-.20580831,-.067868248
-.086824737,.20520236,-.098881245,.21942405,-.13727035,-.10150131,-.11803024,-.1284138,-.10111517,.27948627,-.10068341,.18837453,-.14773834,-.021897977,-.10734041,-.12276225,-.16795066,.087131947,.11896319,.21769184,-.1546347,.20574497,.26293546,-.13678291,-.19232421,-.10511838,.015384682,.16993144,.18873307,.20861791,.16032076,.17972761,.14180624,-.18536618,-.13062245,-.14133163,-.19863088,-.034494039,.093142003,-.19440058,-.12132646,-.24227412,.10785768,.07615722,.15108319
-.048598386,-.02066089,.063074887,-.029835073,-.021782616,-.073156565,-.10711178,-.056483995,-.060320374,.14063235,-.030920051,.1835915,-.14577365,.035072703,.031161064,-.043473128,.13085212,-.0747407,.081582218,-.02553679,-.0095634619,-.029937264,.17564018,-.061951566,.13904737,-.043768141,.18570319,-.083632,-.057507936,-.046396539,.14736137,-.07022284,.083059207,-.059423212,-.050372776,-.073974773,.15561964,-.076445915,.14406952,-.11863506,-.17289996,-.043980714,.0093790973,.10316045,-.071900718
-.03256768,-.13596256,.00670456,.12897642,.064063624,.16416565,.078123197,-.14124209,-.046681434,.23487665,-.012264865,.047268365,-.079640858,.018940793,-.093696989,-.13923949,.19945677,-.19876891,-.14913346,.07299792,.13404034,-.13262196,-.12910536,-.0010570389,.064450361,-.25785625,-.0042207004,-.12096854,-.14538774,.15031227,.0433078,.16239734,.14100432,.13439628,-.17498207,.12603849,.027338205,.12141689,-.1122221,.02421728,.095383815,.047269627,.10676468,-.051888023,-.23440355
.027285689,-.017641068,-.078781679,-.00252385,-.029081684,-.05309435,-.057176519,.11555565,-.090409994,-.1147758,.11111558,.026761234,-.10579976,.074148163,-.01072525,.07745295,.1187728,.086537831,-.048283059,.0072929729,.0095440671,-.060988195,.015755048,-.076423615,-.0049297046,.098293252,.16492733,-.057655197,.06177273,-.060920402,-.080627352,.050314456,-.080851428,.16099593,-.09599293,-.064492106,.045477074,.15302388,-.00024012252,.058852285,-.049246438,-.11684711,.004740316,-.089817129,-.02129449
.13882086,.14893164,-.13653816,-.13171503,-.024044618,.080145337,.033085652,.057485592,-.028347312,.12275179,-.13496692,-.0096810795,-.044723116,-.14862572,-.01250097,.017230023,-.046924476,.0094734887,.01187859,.09244331,-.12979937,.11950918,.031271253,-.030699102,.10145558,-.0018662564,.07256753,-.15622361,-.15005474,.0084089292,.046896096,-.094916448,-.027533414,.0077147596,-.046307802,.036679715,.063260727,.15895444,.1048853,.049874708,-.074668668,-.11482359,.041034676,.032602217,-.042400967
-.0096909441,.0097645912,-.046014793,.018302895,-.026520655,.0029638738,-.01742417,.051947322,-.045807485,.18954091,-.06119401,-.0029994217,.19811517,-.030038781,-.059672195,-.027132073,-.037759084,-.072997794,-.049502775,-.023882104,-.089613803,-.075554885,-.061953939,.17005782,.1286058,-.047191277,.073789358,-.035897739,-.095510341,-.070413187,.029699821,-.0080870548,.019014845,-.0017080854,.071597628,.017503258,.12024307,-.071634345,.089801095,-.064518787,-.10974386,.13256182,.022772435,-.053754941,-.050063167
-.1250689,-.057807837,.043492861,.12096684,.053686112,.091059387,-.15082642,.081365161,.02790351,.047555283,.03782377,.057040222,-.001478556,-.010935605,-.091077268,-.11597206,.078910567,.05993627,-.092553608,.013897552,-.11781578,.0036507389,-.11926297,.032880954,-.011007039,.069079697,-.050786428,-.021967696,.022317695,.10264194,.064911619,-.075147629,-.077434011,-.0037081125,.022612862,-.084211707,.11435869,.010368127,.11048119,-.047035612,.073530935,-.071271896,.12080275,-.091452025,-.044453572
2.3798606,-1.8327606,.16262326,-1.4183593,.28245276,-.053307083,.93644452,1.9058993,-1.6838334,1.449807,-.9537546,1.3002043,-1.9182711,1.0868858,1.8881658,.3354291,-.10018376,.55927587,-1.3741968,-.32506648,.10563291,-1.7757828,-1.8382428,-1.0057696,.28199822,1.4438816,-2.0294948,-1.7528168,.54052901,.59194881,-1.7371148,-1.4826614,1.8019587,1.6551847,1.4078872,1.1447351,-.29425517,1.8818728,-2.524559,-1.1146765,1.9191914,-.92900676,.21431576,1.9332007,-1.065272
.10979407,-.025297323,.0053922255,-.014747563,-.11695357,.055035263,-.040829796,.11042966,-.055092294,.11303321,-.095532849,.1010531,.024641201,.0059483638,-.06946215,.092757657,-.086781502,.0021916598,-.065084055,-.023091335,-.10843275,-.0027996206,-.13484749,-.05453255,.051085673,.024335153,.0023061552,.074225478,.010791494,-.0077514523,.053201932,.070327461,.052895308,-.037482318,-.0074595935,-.059457168,.024034487,.028188754,-.072763398,.091596521,-.014920377,-.041062705,.02836916,.012209651,-.0094617493
-.21907184,.3386966,.091439418,-.0035836853,-.23838802,.55948639,.24664137,-.038763773,.48565751,-.26644111,-.41115069,-.15647471,-.3153666,.17187676,-.35284433,.034117751,-.21004219,-.44510075,.24818176,-.36610079,.18468665,.51953846,.48544183,-.34597403,.057695739,.5501762,-.47049731,-.13140041,-.44488129,.56561124,-.48814467,.0017733922,.5778262,.042562835,-.32260931,-.47523874,-.032895237,.47716528,.38356125,-.49855235,-.50601262,.52878028,-.41760796,.33457112,.27165425
-.12863807,-.011045977,.067943491,-.036529262,.092707835,-.1814135,-.23123026,-.039069407,-.11781719,-.18857737,.22391021,-.032261875,.16669156,.16764875,.066589914,.068335116,.043828551,-.04688682,.0043109818,-.039590783,.028524397,.059977327,-.18848805,.17244153,.16000101,-.15193035,.20378682,.23906194,-.089223474,.01091523,.080904841,.11874811,.22139396,-.031259622,-.17198795,-.15200724,.14176585,-.14616768,-.13456839,-.052668635,-.025372442,.018780867,-.11026454,.081196122,-.13246547
-.15113962,.092967704,.011046744,.029692918,.1609741,.19756092,-.016308272,.024313001,-.14009547,.00018119624,.098948367,-.20158952,.045362312,-.19842423,-.03495663,-.10887967,.051681507,.016533341,.010018352,-.032752115,.130931,-.20364791,.15869078,-.021483216,-.052701902,.14933454,.037219886,.025203655,-.11686722,.038436927,-.12580925,.10474937,-.053054839,.11525766,.073219925,-.1613916,-.076885372,.065130658,-.14575286,.28719658,-.065399766,.030142315,-.14941251,-.087105192,.18886341
-.38987598,-1.761447,.27853388,1.4992119,.98125333,-.42930284,-.39478651,.24116957,.10592438,-1.0113363,1.1108532,-1.2128104,1.1739161,1.6500177,-1.1482129,-.91547447,.17169248,.28273034,1.3514041,.37389687,-.91353351,-.3621462,.99919719,-.80327958,-1.8508306,.0086806808,-.65786397,-.26511514,1.8289561,.68070352,-.77044278,.77506679,-.30918306,-1.3199029,-.4399952,-.081049457,.61179578,-1.4400516,1.7817575,.47136691,.83775896,1.0033046,1.232543,-1.2581075,-1.7169868
.012615093,.030636318,.027223222,-.02107274,.026272042,-.030405696,-.023010816,.0070897215,-.0059279259,-.0086209839,-.029555995,.0096004819,.033160694,.02717009,-.0025369856,.057721723,-.000094642201,-.11220447,.0071913162,-.020316996,-.010777735,.0045127855,-.10313705,.081056297,-.0071458784,-.1038774,.0044914056,.069907837,-.014809787,.06148278,.028221821,.016189313,.013130081,-.0046626595,-.03068311,.028834375,-.0099998256,-.018339291,.057689175,-.028124658,.0065722517,-.058659341,.016538043,-.010986079,.027643198
-.046257831,-.048346672,.030137701,-.014143496,-.10056856,-.037481111,.042923458,-.015836393,.030351548,-.034954265,.15840039,-.059034612,.014042936,.027595321,.079863891,-.07625784,-.053909119,.1640362,-.077290796,-.033801593,-.035577659,-.055868477,-.09665788,.09543664,.17408639,-.1854898,.0043358766,.10378231,.1884094,.02037384,-.043813817,.17016172,-.10081889,.068382829,-.032409117,-.10813279,.15543953,-.15866071,.098226257,.1193143,-.082325563,-.13925213,-.10491519,-.057725541,.054229315
-.047237344,-.11537002,-.1220037,.036509011,.056534871,.061740331,.18396907,-.090312555,-.085469909,.17888962,.16265427,.0055570733,-.028116601,.21848434,-.080175601,-.12478826,.18650231,-.11567301,-.033370622,-.09433192,.19649251,-.10065657,.041477747,-.10365442,-.06101029,-.088646956,.067423888,-.11464548,-.085046016,-.07951197,-.11888573,-.011335689,.18285564,-.0036851431,-.099496886,-.054455798,.0030111552,-.087614663,.028574949,.10977948,.012712227,.20398508,.06651213,.0010610848,-.059231617
.1453148,-.041569978,-.037131142,-.092694961,-.0049574473,.070128508,.052071266,.050082933,-.028768424,-.043587342,.078616053,.007074343,-.036530431,-.015956471,.06614197,-.04940214,.045206171,.13452721,.10005595,-.12958694,-.14037485,-.022840884,-.056779157,-.03316959,-.22989948,.18072464,-.11270165,-.10698754,-.042047665,-.11884755,-.18956225,.096433751,.024112767,.16501828,.09936104,.11306091,-.057265196,-.0009386848,.24224724,.17524028,-.0078745894,-.26126441,.20566477,.02287353,-.21321762
-.095534965,-.10754427,.17968497,-.11260376,-.16106118,.14712125,-.1081134,-.10997841,.032703813,.14145486,.025694432,.062216122,.074046634,.009687732,.18655127,-.088932022,-.032535326,.13477665,.05136643,-.087550595,-.025170222,.0030206922,-.10572926,-.0045203627,-.10260683,.0024664549,.16048378,-.030784035,.069153048,.19682999,.0050243577,-.10648455,.047782559,-.12130518,-.1018762,.091999412,.015665011,.004698236,-.20125744,-.080322109,.025902821,.027651921,.15977757,-.089814641,.01796473
.082595259,-.24562587,-.25352114,-.29962742,.35191396,.13927069,-.22563002,-.41486546,-.13367178,.0095404061,.15798275,-.36050841,.3237716,.37294081,.40143403,.35127127,-.39089614,-.011725173,.19152066,.41238174,-.1009175,.33279103,.079487644,-.16362001,.40589327,-.16580576,.39538705,-.34513018,-.1758941,-.2646313,-.14579031,.25387779,-.16256948,-.15778044,-.29172459,-.080152482,-.33349961,-.028323341,.39037216,-.0048388764,-.033412792,.35518172,-.049084049,-.097568482,-.070799112
.16969313,-.30365309,-.096150875,.14672385,.28702483,-.26962367,-.35347655,-.072327808,.38948065,-.105143,.3482264,-.2933211,-.075071372,-.11203364,.1434336,-.348968,-.3117623,-.14959858,.10421028,.039891824,-.11611908,.4518874,.21647762,.19919622,.13041922,.13698874,.17270243,.23596141,.17983358,.14190824,.097708046,.031980354,-.18518357,-.37882042,.18142454,-.43556634,.1613867,-.42260996,-.057536889,.13567105,.17840438,.13180096,.1984556,-.3412233,-.18270157
.092831731,.06237331,.038210791,.056421276,-.013250476,-.091659471,-.024105975,-.035178643,-.09202493,.10041285,-.033938214,.093682647,.0039833896,-.055999365,-.034885921,-.016153419,-.11840769,.03915057,.015697109,-.15751748,-.12677673,.098447569,-.034071185,.0087447837,.0087041315,.01484238,.074272439,.041048557,.085646912,-.02670172,.040250521,.030137861,-.049655266,.032339279,.0042281039,-.012019305,-.047047451,.041000113,-.025108535,-.079833232,.089165382,-.078565367,.10521125,-.047715317,.023812713
-.1535887,.13113593,.015686151,-.091600485,-.025623128,-.13905367,.12848844,.13338694,-.086363576,-.10697486,.12780133,-.057476025,.003775184,.11229173,.11077178,.048688855,-.024824306,-.024209378,-.042927619,-.013254606,-.056066349,.10738695,-.10159809,-.14733535,-.0083100908,.11223159,-.14784524,.066890247,-.038479432,-.0098366877,.11543204,.11440676,.12732524,.1105523,-.022276821,-.1726394,.1169458,-.049568649,-.047974594,.063219108,-.10876451,-.03377974,-.013593702,.11186524,-.13431659
-.15983425,-.16259749,.06484279,.18890025,-.20742567,-.11465916,-.18867336,.044602651,-.15317157,.52460384,-.011224104,-.095861226,-.032502763,.039959475,.51308399,.057922069,-.15654267,-.16910848,.16426003,.077434584,-.20687126,.19784588,.029042285,.16615035,.14145544,-.24498858,-.021862725,-.1547125,.089778461,-.026693683,-.088376164,-.076628886,-.027443452,-.025825802,-.18676713,-.011685713,-.063707538,.44602913,.27348137,-.10143024,-.18564406,-.041971251,.029670171,-.0040266784,-.12882636
-.13859347,-.35624591,.21436746,-.37899831,-.169136,.18028338,.28477919,-.018402494,.087382793,.15349083,.25568825,-.0034645277,.023114085,-.17021707,-.032627538,.21571954,.13748622,.083741881,-.17010659,.21693848,.27436951,.00019851862,-.19557777,.2823399,-.29753393,-.29531509,.30947405,.015452554,-.26795921,.11473522,-.28122404,.02246194,-.29840386,-.13187507,.30691761,.13055991,-.32459372,.031216623,-.18713067,.087616131,-.13671133,.35740748,-.21091346,.068198696,.21108982
.21996613,-.11469491,-.10631406,-.1244956,-.02212877,.023759434,.083406873,-.045066833,.031070529,-.052488912,.061876286,-.03628017,.051817458,-.040617362,-.061327402,.040230751,-.016079877,.14745311,.042611394,.017674744,-.050132338,.19220355,-.16105552,-.030478628,-.03987525,.019850155,.0087267328,.01334439,-.058825321,-.073016033,.055090785,-.0075849621,.10826888,-.0027373987,-.12558506,-.052443702,.17861126,-.08161173,.036289677,.15366969,-.098226935,-.073367588,-.018421905,-.084351182,.091285594
-.055522177,.053346176,-.024032071,.084129557,-.014112008,-.027949171,.13297161,-.09907385,-.088360369,-.075340629,-.090322755,.0032496536,.036400117,-.043230932,.19341995,-.1022196,-.011087758,-.036192682,-.060040288,.056368496,-.005115469,.084355645,.032509431,-.025331646,.11029441,.033200454,-.0082789594,.017886627,.098439947,.02041392,-.052596182,.087109335,-.045045253,-.049462918,-.0069447467,.013233447,.02371444,-.11232791,.053775407,-.0031167187,-.07637693,-.049363036,-.021695772,.086443081,-.038121875
.0043329722,.027096063,-.097156979,-.066931471,.093345702,-.083984829,.066550821,.060552843,-.12659003,.039855581,.087754048,.11019197,.095073484,-.05410004,-.12000118,.011190183,.030441314,.050474193,.097775422,-.083217092,-.11466961,-.057717629,-.11183825,.10115347,.15776877,-.11004454,.022340285,.029933456,-.12048884,.13028185,.00020609116,.013480732,.090121567,-.060469866,-.11015728,-.045459174,-.056860309,-.095733598,-.015579941,-.093038939,.11627691,.18340029,.014849869,-.014275254,.003866971
-.046469983,.15296739,.044725921,-.10226196,-.026366618,-.011030801,.15086149,.067813948,-.12822413,.049944714,-.023445344,-.0082979659,.042303521,-.024260396,-.02339912,-.049222503,-.13735166,-.026183749,-.037570022,.11946335,.0085729221,-.034181874,.11095741,.051186811,-.10274613,-.048951995,.01296015,.11662001,-.13178311,-.073127851,.0038407505,.10263342,-.17026249,.062795393,.043700147,.0019302903,.040110286,-.15769395,.020477686,-.050346471,.072936207,-.04021813,.098229699,.12754992,-.04918519
-.058635663,-.026454102,-.047864377,.11813031,-.024905125,.15427643,-.05976031,-.014928749,-.061252408,-.060127646,-.055975594,.19879347,-.059417091,-.070606351,-.030626711,-.058858477,.16106004,.14725268,-.045714032,-.07876607,-.036577124,-.002115404,-.038777407,.1279119,-.065188281,.11520208,-.032949861,-.065878868,-.066681728,-.065350242,.14994916,-.045576032,.097388491,-.063808888,-.0717756,-.088772297,.041364167,.104311,-.046788264,.073980175,-.062695943,.12081179,.0093697095,-.041195884,-.071776882
-.025249138,.023507293,-.084767319,-.077047884,.011637348,.0673379,-.039223462,.097805433,.044334713,-.061138749,.18884458,-.0014914053,.065947257,-.079510599,-.069180064,-.039765585,.0090290094,-.02037151,-.10369305,-.017085571,-.058953952,-.013544367,.14195508,-.070666946,-.018550621,.024631824,-.041271221,.17212194,-.088569723,.045019902,.103724,.17011452,-.1055752,-.089697018,-.11731485,-.064219929,.013974301,.081769437,.049319725,.15249655,.029447161,-.0058234497,-.051552754,-.074516632,-.074236989
.062442895,-.03297605,-.060883839,.046092134,.043662187,.095477477,.0013725144,.089741394,-.0041823699,.060682759,-.13757484,-.040500447,-.13460547,.028391346,-.080475651,.0081724366,.10535321,.034374729,-.080979578,.041349664,-.011843458,.041592926,-.063102156,-.14317635,.0060258661,-.014974861,.050349087,-.045366555,-.034166232,.05853878,-.077063277,-.13322124,.066922978,.092333004,.08715111,.023097532,.048270226,.017954143,.01721208,-.10369612,.10863346,.037814293,.060113866,-.098025456,-.036308158
.17094705,.17148049,-.032647796,.22087117,-.060731709,-.12573622,-.046736624,.011371962,-.039288495,.0067189909,-.12000875,.020185027,-.14724003,.011334964,-.12502733,-.076375201,-.066129625,.016868657,-.03716033,-.11265317,-.033614893,.055679828,.020799506,.27396914,-.094077803,.011911643,.17801298,-.0099402638,-.08474692,-.016414799,.078187354,-.10266379,-.062990203,.024853472,-.013419368,-.024131289,-.018288406,.014339611,-.051390287,.045378007,.20766768,.018783044,.023951665,.01012549,-.092024423
.033765785,.07102365,-.22249922,.085974462,.029557128,.128048,-.12962489,.046123058,-.075365022,.039061364,.14772911,-.1501974,-.047128402,-.010809295,.12526062,.13718201,-.21494228,-.0085935714,.1112105,-.26365799,.14630619,.0010794529,.09948194,-.0070848661,.0071968976,-.076581009,.21672787,-.099617191,-.028893095,-.087128401,-.11759987,-.16661377,.082408294,.084769517,-.045043129,.13989854,.00090972584,.0032637059,-.10294846,.053302877,.036017094,.10576584,.017637823,-.13597718,.040603608
-.23633417,.22203708,-.35098046,.05213562,-.096905746,.29086876,-.30353236,-.16377796,-.30554849,.12767807,.056664452,.2846266,.045910023,.13385282,.23538426,.10746069,-.0044945125,.25160557,.23365121,.10274619,-.18982333,.12266148,.2442745,-.36758828,.16618237,-.31733769,-.23241003,.28733665,-.16877121,-.14254893,.2902045,-.19192484,-.049154729,-.091440268,-.26305604,.15663886,.038499311,.15177205,-.11669127,-.10160083,-.1180467,-.019150954,.24427611,-.26432824,.24897997
.050607491,.034122601,-.0359159,.0081859622,-.064876966,.027949948,-.062951252,-.019734995,-.040745664,-.017233171,-.019918749,-.022810219,-.010582597,-.013228539,.085250042,.08059077,.08380086,-.033318311,-.0021925301,-.0028621613,-.058516689,-.073203251,.078366876,.032453772,-.042670641,-.047008596,.020443354,-.028979985,.021209134,.060745936,.0062681511,.17375349,-.067791402,.050086379,.018613931,-.033847146,.0061563156,-.025370164,-.053597018,-.050414745,.030443171,.019162631,.0094202785,-.016408503,-.053451899
.057500008,.047887117,-.00080910313,-.098149672,-.026277902,-.073249027,.058827456,.033145573,-.036947299,.070855044,-.17566615,.037472285,-.0095457528,-.012516852,-.16322532,.11393742,-.031457286,.043115601,.083502635,-.049894482,.085888669,.086507037,.043074008,-.031611998,.032299932,-.16267319,.050631948,-.11965576,-.018874267,.073275156,.086072035,.065244645,.047614459,-.00069974212,.032040939,.074468583,-.10631365,.071785212,.074676245,-.18404703,.060655322,.043628044,-.027901568,-.089095578,-.055493735
-.034759678,-.074439481,.031964742,.10119025,.045442007,-.047759585,-.033372454,-.069198683,-.0060923533,.02222004,.09201432,-.093565211,-.010129442,-.025669862,.075784825,-.089284502,.098452449,.09567377,-.05644488,.0044836449,-.1109283,-.078485548,.12457512,.044755816,.10004091,.084345341,-.067037761,.1389187,-.13419825,-.10233777,.11314638,-.007137476,-.083250634,.031593326,-.0046681142,-.056398597,.04686651,.0095438994,-.13995396,-.13715729,.079923384,.097292058,-.12854968,.11910022,.033491813
.15693158,-.28909847,.18601653,-.32417074,-.19038765,.30618465,.10013708,-.31391847,-.09998364,-.20566586,.045929838,-.16089649,.11088066,.19567668,.22231074,-.24865605,.22485475,.26092732,.056910228,.18765435,-.023328444,.16518438,.079026349,-.31287122,-.011738683,-.057319622,.023044441,.21056528,.037976056,.24792586,-.18803042,.076391891,-.38788673,.11042101,.28685433,-.26627496,.18017514,.037070431,.089119963,-.15349762,-.33566788,-.093584895,.034584895,-.26144215,.29166555
-.22465283,.14959164,.20763931,.11615719,.20626554,.084874548,-.097946808,.10176849,-.27496919,.0065237209,-.21154803,-.0068159839,-.12336662,.16590609,-.25374261,.076104283,-.4031198,-.3511278,.045807369,.076729409,.22809589,.22262828,-.065277524,.025489755,.12682851,-.016625553,.17875154,-.16483015,.2438899,.1369278,.1032697,-.32570213,.082792573,.24065018,.22944282,.25219414,-.19146802,-.17591999,-.26828814,-.23826981,-.38854423,.17754816,.038977895,.12656644,.13079406
.062920712,-.026800862,-.013740362,-.20397761,.16487823,.01837283,-.25928327,-.091897391,.022069717,-.23001058,.22326553,-.2695446,.30348518,.43366432,.25440428,-.06350147,.063664287,.17954136,.38660583,-.14294203,.26204881,-.31982222,-.25491148,.11362128,-.29477233,.14953773,-.0024680384,-.32518831,-.079092927,-.078555845,-.3711696,-.31632698,.28179401,-.0065950789,.049355999,-.33617592,-.10471673,.36659923,.075525761,-.0075919116,.30297658,.16394228,.020018388,-.22525167,.12604487
-.021598611,-.011831813,.46428975,.35353345,-.36565989,.16641811,.43176195,.079025552,-.38512892,-.45568588,.044123787,-.16102529,.14820005,-.31884691,.0022245708,.41738358,-.37140456,-.034818102,.39163825,-.32542655,.31855625,-.0031074921,-.4051027,.18946268,.22619,-.41800979,-.0065529714,.36318412,.14398296,.036966529,-.40528417,-.15935744,-.35847768,.033133995,-.22762883,-.081517898,-.13929556,-.18968499,-.29189202,.28396088,.39178205,-.33341792,.43613157,.051056154,.49774969
.0095765283,-.10109852,.031297673,-.019596018,-.018587466,.092770189,.01177086,.044251759,.077463754,-.053421032,.026632665,.058705524,.036156598,-.13584453,-.009545682,.055137273,-.070139766,-.090768754,.095251642,-.04927931,.011046808,.042133704,-.04363453,-.024357112,.015207955,-.06152758,.030158147,.047886316,.012387534,-.0061138342,.069301657,-.11717335,-.03878624,-.029974807,-.059699468,.08703395,.01158057,-.013979516,-.010044176,.068929486,.021256307,.018050386,-.0049437578,-.0022899401,-.013181903
.093425892,.022225199,-.12617891,.12088964,.0557299,-.028994316,-.024374919,.17871128,-.067147627,-.0854166,-.11676623,-.19879806,.11606581,.085544929,.1042963,-.13280977,.0045881388,.10988799,.17606163,-.070055179,-.11206482,-.15215781,-.067488961,.05104785,-.023521077,-.04089864,-.072015718,-.1264624,.098477371,.0097351074,.067264929,.035414945,.11325768,-.16240181,.04858841,.11541842,-.034375731,-.10747499,.1516937,.049643081,.03645765,.0080471365,-.11333134,-.13552721,.14578918
-.09606947,.040060941,-.1076791,.016097924,.2446299,.0064485292,.071638092,-.12027093,-.096985474,.23750296,.18753095,-.011250277,-.080243662,-.063177295,-.12625241,-.1307684,-.088356145,-.016471045,.086102255,.16804516,-.060546048,-.15178257,.2327604,-.12163366,-.1361126,-.15984604,.012246366,-.0038122504,-.065416999,.082782693,-.11451025,.089151278,.091406077,.16117072,-.064926207,.16783255,.00016900917,.18342359,-.004791467,-.094094522,.071983896,-.19595201,-.1475475,.12559344,-.01808038
-.12307472,-.0031659114,.17783536,-.13742168,-.20475492,.019951347,.078218162,.18917564,-.16190444,.012828398,.18092053,-.1503699,.12505148,.047988866,.088620782,-.13741967,-.19425572,-.11706789,.169039,.15810789,.14672831,-.12762697,.15884593,-.20669484,.23754402,.037737746,-.16791803,.17481299,-.12912025,-.053028893,-.088556841,-.043353308,-.043666296,-.11691842,-.087268367,.15456434,.15468547,-.064832836,.22555035,-.051200543,.22128193,-.10712092,-.096563585,-.015480761,-.13070282
-.10598277,.18995878,-.044681974,.0013861923,.080958806,.040547483,-.10388658,-.082116477,.1363249,-.029448306,-.0017599085,.011116146,-.0073182983,-.024992149,-.026805272,-.034526609,.27203721,-.01749621,-.026854357,-.025045967,-.11601782,-.030747855,.14061895,-.03459226,-.097449116,-.029164875,.13822059,-.041836437,-.038146868,-.04117284,-.11013663,-.11329852,-.092134461,-.13795871,.019198291,-.14622712,.24904692,-.12398674,.29287425,.10076401,-.041482497,-.010464464,-.092909053,.12958433,.026004275
-.07075423,-.072605394,.23901206,.045572374,.12684742,.087094247,.042490862,-.21467237,.061911568,-.21628264,-.11682815,.084682889,-.18636152,.18154332,-.18577269,-.0044615921,.06539946,.13745357,-.017470151,-.028656129,-.031707339,-.08048787,-.017820997,.15752414,.17947736,-.20472522,.086891674,.18314408,-.26491755,-.06451074,-.065190651,-.26866627,-.014169753,.14443392,.20347384,.17996006,.110622,-.0057269796,-.054909814,.059480287,-.078209557,.0078322003,-.24179143,.18872011,-.066868372
-.066743024,-.027081123,-.0024106894,.040041473,.052482381,.11771613,-.053576708,-.027991604,.040777363,.029211765,-.021965994,.011379032,.0050762994,.04638119,-.052277248,-.064683057,-.036416713,-.057236448,-.017775217,.026778722,-.024148762,.10209142,-.000079661317,-.00086634158,-.0031097445,.023493892,.0078193042,-.052950159,-.028180104,-.035200678,.019908976,.039744064,.014970754,-.0328236,.012966408,-.00056132395,-.026099034,.019110765,-.018102661,-.01675869,.02513844,.0042031165,.041355927,-.036871202,.02326237
-.14897089,-.19788679,-.14790112,-.19590886,.31993225,-.1598196,-.21546875,-.14435269,.046428531,.023174852,.059428215,.28733557,-.2741178,.17655084,-.041391514,.30326194,-.074897893,.073981874,-.14842677,.33143795,.13778462,.31439152,-.30933747,-.32694623,.27307975,.118282,.16609384,.19107029,.092163123,-.15298048,-.15154295,.21035215,.15143818,.20189616,.23639065,-.33913803,.1438458,-.12728292,.04837393,.11886945,-.099142022,-.23237798,.039841492,-.380458,-.19705625
-.16995472,-.30336943,.23630539,-.042470999,.091051444,.0111555,.2761912,.14829527,-.1277149,-.069394469,-.17024592,-.0013084218,.31927803,-.17036177,-.073231123,-.26639828,.11747754,.050965186,.25853378,-.11680244,-.1178142,.22063676,-.027529355,.041357338,.058194932,-.072170146,.025675016,-.1626199,.047077753,.11485217,-.14899588,.082883507,-.053755231,.084407642,-.14143147,.080501057,.24316822,-.14444703,.045892414,.0061680912,-.079184599,-.067657456,-.080545053,.036664046,.010670546
-.054491848,.14112906,.12748438,-.059916865,.015499877,-.21443701,-.029310383,-.06719245,.051128481,.12771522,.079448693,-.20218553,-.047539771,.079362258,-.01436794,.031466518,.018245336,-.080328286,.057537891,.03520488,-.1934568,.0060920245,.046993773,.13366327,.068747625,.068887033,.065632835,-.18100186,.12459329,-.12406296,.082900487,.041432962,-.025261633,-.099732578,-.06969399,.15657093,.015700746,-.14152852,-.018656759,.0812039,-.060101062,-.094574206,-.034382392,.18996257,-.034381188
-.09823174,.057708606,-.040811542,-.11996497,.16234888,-.075733192,-.16929744,.066073604,.21935169,-.08611761,-.051681109,-.11592458,.11602684,-.01265223,.10248436,-.17604125,.074999571,.17954136,.01263209,.028048154,-.0034653186,-.0078174323,-.093456946,-.17697038,-.0091205118,.083172195,-.088704586,-.092951588,.09308587,.22384229,.18084604,-.12537307,-.090527944,.12389624,.10748191,.094093494,.095333189,-.0098533249,-.19334663,.079103947,.18636525,-.07884641,-.0020297833,-.21228284,-.15523314
.031382367,.034195896,.06929379,.044802062,.11583885,-.062394779,.056819543,.048252683,-.078647934,-.082213253,-.00095263618,.10092959,-.088939123,-.065696105,-.060132928,.024734698,-.013659478,-.010351801,-.09289255,-.0059525622,.054103993,-.060206104,.037213173,-.12680954,.082056217,-.061458774,-.079211563,-.12156268,.1070626,-.096131645,-.01585185,.030328779,.036949765,-.039400857,.021265272,.084622271,.089995556,.035000384,.03168802,-.058871977,.054560188,.10299968,-.028884612,.054378103,-.098250724
.017785799,-.086029746,.037760649,.11291023,-.053128373,-.056887954,-.04847284,-.00055628287,.02153974,-.046415783,.075314589,-.080828778,-.068775773,-.074221745,-.06306155,.11069728,.15468894,-.054846033,.088099271,-.077780768,.081778452,-.079376481,.085672736,.027220994,-.05989638,.12679072,-.083176568,.050189808,.049590006,-.056884129,-.012499815,.036021698,.03230736,.10664861,-.035850044,-.023041401,.029162696,-.087171614,.12698276,-.050321266,-.07113222,-.090870917,-.030118138,-.054691736,.074873991
.054263245,-.08415433,.038585193,.26889515,-.068227977,.26176578,.039293408,-.30992192,-.053186033,-.056011859,-.031384714,.051400088,.16753684,-.040621411,.10437837,-.058077052,-.16300417,-.026076989,-.089001112,.34135675,.06634406,-.33500245,.09510354,-.22086719,-.013416409,-.077273518,-.1820679,-.015089784,-.013938224,.23609163,-.015909741,-.33633658,-.068427518,-.021676375,-.025531039,.27665234,.32566622,-.03978293,-.062376224,-.022393726,-.077725343,.13227792,-.020785837,-.028967172,.097624987
.19448051,-.025544778,-.12254756,.14879832,-.16174021,-.11836741,.0040815012,.0019224953,.06279473,-.14186239,-.11623664,-.069049701,.066558085,.23484325,.18897475,.21291383,-.10193624,-.10385504,-.043543909,-.024415055,-.097797826,.064118199,.18898156,.20155643,-.075007446,-.17223985,-.075711988,.034159973,-.053477176,-.10857068,-.11573719,.0054722028,-.093224406,-.015399881,-.16014065,-.10713606,.22359958,.20554595,-.065078624,-.036811844,.084424652,.075140655,.096340336,.044756982,-.1340314
-.057865355,.091329053,.033675458,.024654279,.1296009,-.10381993,-.10381477,-.12137609,-.069569908,.090103664,.058545392,-.042115383,.052359231,.029488513,-.049147554,.0098361466,.026449377,.029741043,-.014179773,-.040864833,.072963111,-.081944905,-.026095277,.092335477,-.040704466,.097367458,.090624772,-.0037857511,-.092178516,-.099970274,-.08981692,-.081471823,.091228567,.1231337,.054473631,-.037043326,-.023141973,.0030302331,-.044572763,-.039253674,-.0038349852,.045060448,-.068205439,.13145353,-.042680316
.086718559,-.028372835,.079392396,.087310046,-.12873673,-.027635565,-.02356635,-.044424247,.23072301,-.049412429,-.088369273,.063357837,.051212862,-.05149449,-.069514491,-.1422841,.067834057,.29993254,-.056217119,-.033522408,-.1678758,-.12109414,.1488699,-.11199375,-.013657228,.061483238,-.17429838,.22507624,-.1604588,-.10187956,.027283251,-.10722611,.047221147,-.088022739,.037359465,-.0082247611,.17697312,.017195333,.041899987,-.16150901,.18985328,-.044493996,-.10553233,.1868272,-.01670683
.12412747,-.034758922,-.0225829,.062751576,.026431886,-.065647729,-.091687836,.021960383,.00014463632,.01450601,-.13515325,.045336343,-.079387985,.10770535,.10944504,-.11318354,.022372618,.030482404,-.12543337,.039713733,-.028721638,.10871929,-.025461799,.095143236,-.11096893,-.013346707,-.0068987366,.04980474,-.073270611,-.04581162,.026545526,.030112293,.05517121,.089988299,-.045889933,-.077582598,-.033390131,.028382903,-.011818002,.064675078,.014085689,.0044911481,.03401541,-.029897431,-.035218619
-.040300343,.032023076,-.065313555,.02756642,-.014444578,-.016868094,.043071218,.014808066,-.06711784,.0090574408,-.034887094,.013118519,-.026299678,.043523055,-.0089960303,.063557543,-.0093390504,.023697054,.030295737,.033175875,-.040873811,-.028482862,.026334118,.030922217,-.010905567,.024245437,.018752338,.045000911,-.016751857,-.06905859,.0024705161,.017202146,-.028843001,-.0010242162,.044855047,.034284834,-.033029299,.019484499,-.044251129,.019122154,-.039260924,-.018147875,.01419175,.025414193,-.041978773
.045760266,-.14035125,.11306045,.037156109,-.19480725,.084440045,-.18638438,.015159048,-.049997583,.0077843317,-.0048349467,.055831175,.044180933,-.18012042,-.087530009,.10071574,.15210183,.17968768,-.16209087,-.08379934,.094851092,.21157444,.086578071,-.10993079,-.074234828,.027002018,.12876633,-.12012713,.049261235,.14022319,.12218798,-.092264459,-.063116699,-.10595726,.046198502,.09706948,.073905319,.17069894,.016857075,-.22472818,.15372348,-.029150577,-.19737376,-.060519233,-.087455802
.25018436,-.057331581,-.23091568,.1577685,.078251623,-.14119574,-.19274089,.0041715056,.20014036,-.068403333,.11000495,.031066211,-.14442247,.020588351,-.058181439,-.16411288,-.13274027,-.14553919,-.15045533,.011364561,.038606066,.10887554,.079477035,.21543624,.27780229,.11803602,.10053749,-.0098919468,-.078885101,-.077356465,.26253548,-.17820752,.035567768,-.14682542,-.13904896,.22781354,.19238421,-.21016745,-.12415202,-.10919269,.092071012,-.03009011,-.11785772,.048429061,.046602014
.019435776,-.20394167,-.015828466,.051074751,.17046081,.14973055,.068891115,-.18124478,-.0014624463,.097752847,-.11050866,.11568046,-.16709132,.072593577,-.14479436,-.18632999,.1166646,.18897742,.10165405,.11485698,.011367835,-.11990873,-.21173236,.08308199,-.11568147,.059436202,-.19752052,.050699975,.24411178,.089043088,.21778056,-.093956262,-.096669748,-.15379798,-.19691853,-.10309912,.24576764,-.097737469,-.056012359,-.063747957,-.069892496,.27793711,.11879836,-.015818108,-.062102679
-.082457438,.16916902,-.13600701,.034978211,-.1245222,-.017812571,-.076830313,-.099231072,-.079656221,-.0089370599,.21391203,.060396161,.0011415206,-.075928785,.022228641,.13530737,.20631868,.07404007,.05687255,-.068461753,-.092000842,-.028767521,-.056478668,-.068513021,.0028113648,.090198949,-.070182532,.18424962,.00094444962,-.10172633,-.0316086,-.091524661,.22621496,-.023758519,.17646824,-.1727504,-.091852516,-.14166468,-.079289965,.16050133,.14118817,.19779825,-.15157929,-.066901527,-.11629611
-.0097189769,.2104129,.055782136,-.21251035,.076735184,-.058360454,.056549706,-.05474757,-.16927953,.12754802,.071416296,.073814012,.15097974,.074125469,-.2536743,-.20714077,.0095899897,.12720717,.077050276,-.010723995,.23828936,-.1231464,-.011957237,-.060290016,-.20861727,-.20540643,.037797526,.072571613,-.19751376,.12077376,.20381868,-.16675426,-.11403097,.26545334,-.15256995,.0071980613,.075487301,-.22565559,-.11122607,.11234746,.15612,.13213632,.041414723,.0024097136,-.023704836
.16460836,-.20811051,.0020301517,-.00069565471,-.022836259,.026826514,-.059223324,.13901141,-.073646568,-.055797998,-.022306621,.086066492,-.16785608,-.080125384,.0068922169,-.031285897,.11831895,.013475277,.087950461,-.1607784,-.034955811,-.14628041,.017646993,.041557085,.20395815,.071279265,.11497544,.022773143,-.020976933,-.16975364,.13847101,.068142079,.15782453,-.026985258,-.0012875459,.10875819,.022599932,.097459428,.019421102,-.034244951,.022772172,-.16057758,-.014728441,-.083693035,-.17667207
.0681196,-.082886644,-.036421563,.051979609,-.096048504,-.10255815,.022582151,.024780631,-.075041518,.089032143,.053646348,.066112593,.071678437,.055598568,.041230243,.015176908,-.06711752,.01722241,-.12057912,-.12561399,.028415328,.041457035,.016288366,.037514433,.085971609,.047051065,-.032638576,.036762759,-.0863337,-.0096553024,-.05467467,-.028022356,.0014877736,.045685567,.0064061796,.042737138,.032262001,-.005505085,-.0079156701,-.1236423,.05528586,.043416999,.020196591,-.084155262,.020711573
-.08062271,.023717273,.036849398,-.032313768,-.035710987,.020226259,-.079875022,.10123024,.0031830997,.061743554,-.10037801,.038462978,.0098752109,-.041893695,-.022787286,-.024123793,.028666021,-.035120688,-.030547125,.022703575,-.095321834,.080909841,-.015260383,.16021955,-.026728883,.05570855,.07331156,.062007718,-.064804465,.038767643,-.046885237,.049067304,.0072611119,-.067478694,-.084164992,.015825272,.08803761,.075034767,.0109139,.064187646,-.10262071,-.039499573,.06726867,-.052796613,-.11624429
-.0059918566,.064299367,-.001850109,.091330558,-.0041178726,-.027416337,-.020502549,.067924887,.039279882,-.025782887,-.016273303,-.029458126,-.017393945,-.028588897,-.045365985,-.0050952192,-.035317361,-.040075831,-.032186687,.04398524,-.025299609,.041043214,.078925483,-.02529218,-.049469635,-.017202146,-.04693006,-.018060155,-.03062007,.016944325,.13609044,-.07308092,-.044171318,-.0315932,.053434853,-.024157071,-.065255627,-.04708619,-.018272895,.075130254,-.013604227,.12876652,.077894621,-.029636379,-.019900996
