0.012508434,-0.011922307,0.017858956,0.020390857,0.009435728,-0.015674847,0.051510412,0.013097612,-0.006325004,0.010292536,0.051462642,-0.052678061,-0.094782556,0.013451909,0.058861195,0.015916685,0.03279447,-0.012757316,0.018448839,-0.014301095,0.119932785,-0.030509193,0.009304222,0.058544683,0.073365805,0.027208969,0.001835401,-0.065813674,0.068618252,0.031642268,0.017323468,0.054457712,-0.052674645,0.096626461,-0.034392666,0.000243772,0.001005847,0.049021184,-0.001243567,0.049240185,-0.033041452,0.019268598,-0.005097832,0.004477821,0.019811846
0.079889449,0.038949046,0.073411609,-0.033503346,0.026378496,0.010042222,-0.024142411,0.011110024,-0.019265718,0.031018221,-0.00154305,0.001018699,-0.011903346,-0.04677921,0.025700428,0.055855109,-0.012481289,-0.048642812,0.018202414,-0.160844932,0.059541565,0.019935536,0.012901964,0.025592951,0.069742831,0.156163347,0.018682161,0.0170798,-0.098239196,0.001933386,-0.031215704,0.00461345,-0.058220317,-0.037205979,-0.035145912,0.069795165,-0.076146787,-0.062943426,0.041927897,0.086280161,0.015555743,0.069610694,0.032720712,0.014999172,0.01320241
0.029118099,0.004111514,-0.031955827,-0.02997206,-0.00311069,0.012630103,-0.030403567,-0.002213656,-0.023678846,0.007165994,-0.028271327,0.00350129,-0.103923364,0.109106113,0.071443837,-0.125987104,-0.10595962,-0.042392414,0.013983395,0.013002932,-0.032979872,0.141873938,0.076377155,0.057546443,0.024416076,-0.109761345,0.034354367,-0.023807971,0.085182558,0.051042502,0.018999564,-0.073015541,-0.021033096,-0.090493376,-0.015826091,0.084068583,-0.030678415,-0.034591763,0.044185158,0.02778249,0.074715359,0.040865356,0.061566286,0.048482596,0.004033808
-0.013869889,-0.004078173,-0.010115985,0.010991171,-0.025097076,0.008616134,-0.050397828,0.010363991,-0.017672128,-0.048746997,0.003851183,-0.005186025,0.010831567,-0.045002508,-0.106505303,0.012883512,-0.022116207,0.098941162,0.034554165,-0.058752986,0.032054127,-0.070418551,-0.187902952,0.110447663,0.097287934,0.050253183,-0.008584272,-0.004831763,0.041615956,0.029597152,0.076309007,0.041408068,0.034764152,-0.011049728,-0.07408129,0.024821352,0.043017162,-0.040420243,-0.006000468,0.035655631,-0.004802623,0.01296321,-0.080992624,-0.078354804,-0.10513229
0.0258654,0.004549429,0.005158171,0.026145913,0.014147054,0.003588009,-0.026369128,-0.001788363,0.011079219,0.019127846,0.018441216,0.025711662,0.035082101,-0.066375676,-0.120572999,0.041072097,0.038184574,0.037845986,-0.031425397,-0.085778738,-0.072154722,-0.045067722,0.072652678,0.063931872,0.005190334,0.018400582,0.035574165,0.016877941,-0.025634712,-0.018531452,0.010682395,0.01039866,0.015886927,0.031895381,-0.015569579,0.013092685,-0.009840164,0.023835764,-0.029334598,-0.005892898,-0.018360749,0.045760356,0.00718663,0.017826606,-0.011933509
0.022745363,0.041516477,0.049297673,-0.098885348,0.175960414,0.037118015,0.028083065,0.021834384,0.002816457,-0.038735044,-0.080675035,-0.015072581,-0.010908408,-0.165565194,-0.050536163,-0.003470292,-0.018011461,-0.069056051,0.011322363,0.060570201,0.012538376,-0.023955753,-0.022087765,0.063796821,0.020281782,0.062292371,0.065967592,0.078620573,0.040729663,0.025375302,0.026657591,0.040903244,0.037291169,0.048194307,0.003160904,0.03691843,0.032486121,0.038398115,0.016034305,0.053731725,-0.009520534,0.01605676,0.013706584,0.007890061,-0.021074634
0.00818147,0.011921906,0.015736914,0.017568501,0.014689963,0.008977884,0.00885496,0.012460074,0.008094218,0.001504101,0.00971235,0.015903442,-0.01046223,-0.027087984,-0.058530732,-0.018240828,-0.016144919,-0.042169301,-0.074141035,-0.026699033,-0.170632662,-0.117555442,-0.116287761,0.028571109,0.006913292,0.136222667,0.022563843,0.073969192,-0.040872324,-0.036393031,0.049065481,-0.009349938,0.009236568,0.032918357,0.007895044,-0.062309948,0.010079219,0.050362375,0.007207514,0.04564162,0.046571411,-0.047482864,-0.051723841,-0.055050238,-0.137177077
-0.000335497,0.000971141,-0.00233234,-0.005527646,-0.004994359,-0.021182593,-0.013191048,0.01177836,-0.040848644,-0.022480524,0.022217125,-0.007030239,-0.041050118,-0.059461808,0.01241945,0.029670832,0.005348619,-0.034833648,-0.032254305,-0.031770326,0.005429312,-0.004004986,0.045799222,0.026859014,-0.008556917,-0.001517645,-0.044725572,-0.021805815,-0.001937062,-0.026671508,-0.018402513,0.022409268,-0.013113146,-0.018559166,-0.027310436,-0.006189124,-0.013237528,-0.016852197,-0.014167439,-0.000210676,-0.018363394,0.000736784,-0.003924448,-0.002943868,-0.012498552
0.031100354,-0.000853559,0.01376111,0.002713687,-0.001360851,-0.015831293,0.031843701,-0.029832902,-0.044037132,0.084546027,-0.031340259,0.031565377,-0.065628506,0.002913275,0.071615303,-0.025449955,-0.002791661,-0.048796902,-0.015454125,0.032705644,0.038901502,0.017868415,0.051514035,0.0105063,0.016182183,0.038959494,0.017087183,-0.008077703,-0.02298584,0.000345251,-0.014248456,-0.021829564,-0.067000526,-0.005540719,0.011544273,-4.28E-05,-0.020099891,0.017169757,-0.015596793,0.021422842,0.000827955,0.035984258,0.003259037,-0.031222151,0.011533764
0.007347093,0.015808895,0.026864793,0.004056462,0.005341033,-0.010338427,-0.006060101,0.013324821,0.015278629,-0.003839592,0.033560268,0.040145072,0.013199305,-0.019487171,-0.010192057,0.0373642,0.047735628,0.007916845,0.003366634,0.014744689,-0.006053477,-0.007983575,-0.007165693,-0.004036854,-0.015930246,0.005761085,0.028960069,-0.017168101,0.010238833,-0.00224742,-0.010352851,0.016972814,0.010258914,-0.012150209,0.007872404,0.000482613,0.029483694,0.014784296,0.023808365,0.026069915,-0.00246667,0.052584031,0.0074488,0.037573015,0.029655089
0.015537141,0.015939249,0.025319996,0.018534357,0.021165005,0.008857276,-0.01314616,0.013769083,-0.002479068,-0.013550657,0.008041925,0.041484074,0.013705336,-0.003614036,-0.025642587,-0.004143148,0.006755692,-0.013903632,-0.00971382,-0.021439533,-0.00926072,-0.012849636,0.017634993,0.004118475,0.004381603,0.010185338,0.061403263,0.006498608,0.01049768,0.00413628,-0.018182077,0.028800523,-0.007807927,0.006742708,0.003880077,0.017844334,4.65E-05,-0.001872517,0.011905126,0.017949832,0.00112555,0.02388375,0.028743482,0.017103984,0.002265144
0.016263284,0.010089205,0.012324917,0.003402953,0.007064484,0.00803097,-0.016076958,0.011085816,-0.004389011,-0.035598447,0.021623515,0.018601495,0.030549766,-0.063385822,-0.029709412,0.009903681,-0.000228251,0.011512375,-0.024434284,-0.012031982,-0.014522614,-0.029854036,0.01930635,0.012155023,0.008904379,0.025818208,0.039050296,-0.026575288,-0.014077621,0.020586216,0.014574406,0.036194372,0.019045799,-0.002103988,-0.037123039,0.028141308,-0.017553556,0.057218328,0.046730754,0.008904775,0.020053566,0.034950615,0.009331845,-0.03080957,0.001631621
0.004022249,0.020958401,0.004439977,0.012333286,0.018122858,0.00580582,0.020483878,0.023965542,-0.011333394,-0.01308287,0.01339111,0.008852423,0.011525799,-0.026564535,-0.029012469,0.02224096,0.032452137,-0.013664493,-0.001941965,-0.006595063,-0.043528221,0.009435373,-0.02430179,0.01044438,-0.009671687,0.015340005,0.042760291,0.013086666,-0.010420969,-0.016328513,-0.011107037,0.024969732,0.004639226,0.025075068,0.009831218,-0.004682223,0.027436242,-0.010121297,0.02421494,0.04372221,-0.005634478,0.029504765,0.018786279,-0.037018173,0.005194645
0.007500279,0.017259256,0.011570455,0.031382799,9.75E-05,0.020263188,-0.028215329,-0.011601078,0.006087628,-0.006479623,0.008444915,0.047262938,0.031554195,-0.010194718,-0.072693525,0.008454608,0.025090321,-0.003339562,-0.00442702,-0.042899689,-0.034553775,-0.052756595,-0.058580641,0.036439847,-0.016870784,0.006613823,0.031550532,0.028081061,0.004130855,-0.037504339,-0.039668199,0.012014763,0.004792208,0.030494265,0.025583304,-0.008990709,-0.002018024,-0.016807502,0.001200212,0.047367095,-0.03217736,0.023552515,0.04089472,0.032080579,0.046274195
0.007232176,0.031961596,0.013139118,0.036421767,0.006038225,0.022091393,0.003579912,0.016509564,0.024659589,0.11393592,0.154404742,0.177651608,0.110657154,0.209602176,0.107100643,0.140629004,0.149290905,0.15244364,0.148916858,0.211604901,0.108515064,0.044626505,0.095258623,0.179819663,0.107070095,0.12081241,0.138444437,0.093544753,0.076545326,0.065673186,0.069202381,0.123369958,0.128940405,0.105853792,0.124506393,0.158597124,0.149458079,0.161849245,0.167673652,0.176427944,0.090818833,0.082764997,0.100875529,0.067509793,0.138571582
0.004015709,0.018854836,0.011877005,0.010280157,0.002110727,-0.013969207,-0.014764988,0.012034449,0.009407335,-0.00274111,-0.004764509,0.037459174,0.019357308,-0.052418604,-0.043048451,0.049522801,0.022198404,-0.040736568,0.005669135,0.005782957,-0.061314117,-0.024476885,-0.047288312,-0.001509343,-0.04765223,0.007262018,0.023728404,0.039617199,-0.007927218,-0.012051022,-0.01844513,0.046125541,-0.003506142,0.038603444,0.029358251,-0.003948937,0.016476141,0.012707653,0.051452541,0.082423093,-0.024745727,0.008738495,-0.003601946,-0.068795965,-0.012736726
0.024255018,0.046854582,0.023934419,0.024907075,0.00717373,0.03038429,0.025999174,0.041271602,0.061197567,0.04357737,0.025628961,0.040726236,0.025193821,0.077948876,0.068579371,0.068520444,0.059164843,0.00184205,0.03235941,0.055666252,0.030787681,0.001144111,0.060788542,0.030399775,0.037944568,0.042191891,-0.119175205,0.066166324,0.030752519,0.025708035,-0.009656647,0.02182737,0.019919738,0.007981383,-0.016216905,-0.060016641,-0.037014102,-0.061888013,-0.025048726,-0.013040592,-0.004892005,0.060606871,0.007147406,0.060348663,0.04339243
0.011121616,0.028574999,0.023011953,0.009759609,0.021154612,0.021441691,-0.037238301,0.000411915,-0.009197768,-0.018752296,0.015530965,0.045451647,0.028348942,-0.019452781,-0.0354689,0.037675208,0.043127308,-0.022350929,0.013767278,0.003686301,-0.022523633,-0.004683716,-0.015247392,0.045441246,-0.027501258,0.0311431,0.025930706,0.045297422,-0.007503575,-0.033852937,-0.014503251,0.040722121,0.006777938,0.037817924,0.028757273,-0.018125532,0.013993421,-0.009794431,0.030200107,0.067379476,-0.023683814,0.035601562,0.029108651,0.016437774,0.030179934
0.056489477,0.053327389,0.030187274,0.021482841,0.041372132,0.036312084,-0.039366836,0.014860318,-0.009066935,-0.046543847,-0.00039192,0.029260215,0.009296801,-0.028477819,-0.062772557,-0.001948644,0.078121186,0.007223046,0.04347854,0.023490122,-0.014863196,-0.032343392,-0.015028502,0.081731932,-0.06350409,0.048833574,0.017698558,0.08179883,0.0359663,0.008272403,-0.001291236,0.033653628,0.026662793,0.055025974,0.029789158,-0.039122668,-0.00865334,-0.052959261,0.036718892,0.065561431,-0.048852849,-0.142001717,0.039366021,0.033587588,0.065840796
0.016272067,0.066487121,0.032386838,0.132875228,0.107656312,-0.034449331,0.035511888,0.060517619,0.080320112,0.131899007,0.076688131,0.013441064,0.065054002,0.160760835,0.067583982,0.101834912,0.073731975,0.019129091,0.094969053,0.093157347,0.00691847,0.047572744,0.035862959,0.113240522,0.017921428,0.079775203,0.108596871,0.039090442,0.037243685,0.061939341,0.039805228,0.096354069,0.063913731,0.11616673,0.225832809,0.192029638,0.1374424,0.269966598,0.156627476,0.117380187,0.071651748,0.023021829,0.088491789,0.0717503,0.087266841
-0.014679759,0.034991869,0.013805227,-0.003059751,0.019354292,-0.009313762,-0.023012145,0.017742688,0.001064395,-0.01589867,0.028805833,-0.018803684,0.035678483,0.000984421,-0.007116955,0.029800203,0.010632315,-0.008403845,-0.009577057,-0.036621469,-0.039756064,-0.022528089,0.009115407,0.019515931,0.002738783,-0.014134569,0.013275537,0.039521041,0.00559358,-0.00840586,-0.029544129,0.003871731,0.003731138,0.010195118,-0.007403571,-0.004105581,0.020702475,0.011475828,0.000188184,0.002607341,-0.000200761,0.044660051,0.02279227,0.017176965,0.023324545
0.00212621,-0.000450256,0.020681103,0.020060434,0.004018716,0.006806307,0.003858009,0.015840685,0.071151965,0.001251147,0.0416621,-0.038204251,0.074716136,0.015190971,-0.019652124,-0.004970914,-0.025023299,-0.029065741,0.024273784,-0.025971308,-0.036220758,0.026338086,-0.056242644,-0.014900012,0.030193242,0.040599161,-0.005815795,0.045220068,0.02087739,0.02095374,0.014571574,-0.013331947,0.012224878,-0.003870984,0.017959059,-0.034000177,0.053936088,0.046492158,-0.014293656,-0.031209443,0.077232208,-0.021287802,0.015584537,-0.030726485,0.058434307
0.056573369,-0.014928126,0.018992634,0.035837546,0.026251876,0.003517234,0.011111679,0.011413465,-0.035305107,0.004204867,0.01693953,0.088514253,-0.012797773,0.050765421,0.046268179,0.006784838,-0.037046715,0.005738819,-0.007212398,0.033819341,-0.000967565,-0.002595844,-0.04896236,-0.01401312,-0.046710961,-0.013794269,0.036543477,-0.029374975,0.003793002,0.003845821,-0.04415226,0.007861894,-0.00593546,0.004362144,-0.014412901,-0.014567896,-0.010527501,0.019453511,-0.039914353,0.012494477,0.002948183,0.090829154,0.043982063,-0.012135995,-0.007105249
0.01945903,0.025920941,0.037476882,0.04505331,0.015589779,0.02106574,-0.04186367,-0.002498428,-0.181034629,0.085461877,0.101793135,-0.066114652,0.002250077,-0.024051002,0.0659986,-0.094098223,0.075196137,0.052340566,0.008856218,-0.018518739,-0.158366621,-0.092553462,0.057962811,0.105675019,-0.208588837,-0.016268749,0.109697476,-0.0879107,-0.013678574,0.071224787,0.077313082,-0.087351379,0.064843493,-0.074678519,0.001397061,0.15153802,-0.076568147,0.022268277,0.127656041,0.010032222,0.019900159,0.011878662,0.028894267,0.020751736,0.006480206
-0.027584167,-0.025703509,0.007218849,0.048140198,0.029411021,-0.057321859,0.00462702,-0.011106979,0.018806395,0.004140498,-0.009724776,0.03378337,0.048986621,0.041271415,0.010672886,0.014576754,0.048714568,0.074463821,0.046679487,0.026234373,-0.028508125,0.006906633,0.008476479,0.024994815,0.016658405,0.029222747,0.020024003,-0.036030787,-0.025066843,0.015036906,-0.020700771,0.009559185,-0.019919799,-0.019746188,0.003902766,-0.065629454,-0.013572964,-0.041498266,0.024307537,0.016223027,0.011506659,-0.016418622,0.02879074,0.019360483,0.017381355
0.087669876,-0.034786311,0.024360468,0.064941046,0.022895434,0.000506649,0.012516188,0.010624324,0.02274063,0.052015465,0.03695008,0.038982087,0.033336624,-0.013566762,0.024649478,-0.001834681,0.019478232,0.100723526,0.002281383,-0.00827094,-0.007250601,0.054484039,0.019978647,0.00907645,0.020028324,0.02161956,0.01780318,-0.026499417,-0.02066955,0.026689834,-0.012410001,0.012388521,-0.036099476,0.026534857,0.0298334,-0.059938646,-0.022963069,-0.006119971,-0.007762418,0.055776389,0.052761291,0.062866563,0.074102746,-0.010823235,0.021975621
-0.014037335,-0.035065997,-0.015779062,-0.028699554,0.050998742,0.028602996,-0.020095367,0.0382148,0.035497543,-0.027058499,0.057663701,0.039115461,0.015523066,0.026051548,0.027709941,0.030413681,0.040084041,0.116787692,0.0348114,-0.114366998,0.03452433,0.099825267,0.031874669,0.015584989,0.044140662,-0.051479923,0.048039929,0.033875528,0.035047022,-0.039626875,0.014365321,0.026628719,-0.013838571,-0.022175659,-0.034388408,-0.0243995,-0.028531118,0.01871307,0.092371545,0.196086258,0.014249933,-0.048724996,0.05394796,0.037777582,0.002497841
0.010418942,0.010101949,0.022618685,0.017516897,0.018504543,-0.00057381,0.004955773,0.032741674,0.030994718,0.008817229,0.008829078,0.047624645,-0.014929156,-0.038718087,0.003749788,0.040472124,0.038170511,-0.058757574,-0.028310488,-0.083946043,0.04863286,0.012190726,-0.066020177,0.017007022,-0.005114437,0.007796472,0.066466928,0.006830735,-0.007275551,0.01536489,-0.013043184,-0.004629445,-0.017408955,0.005082581,0.026330229,-0.008801634,-0.004968901,-0.004776099,-0.001212988,0.022471299,-0.016672034,0.047669566,0.021234395,0.001523757,0.055210786
0.001750251,0.013938252,0.006967974,0.012408581,-0.006730413,-0.001588716,0.013687017,0.004102694,0.008314329,0.010041263,0.002483321,0.036953821,0.002539916,-0.016022977,-0.025450838,0.051605363,-0.020468606,0.01547329,-0.010384306,0.025328311,-0.021541299,0.035270444,-0.000605924,0.015114778,0.009023743,-0.012257968,0.01859523,0.024132983,-0.011125581,-0.012176762,-0.001369207,0.00514096,0.01168857,-0.002865835,0.010335646,-0.019372461,0.001620497,0.020759145,0.016989137,0.002260441,-0.006583373,0.020516749,0.011029774,0.006255905,0.024014744
-0.000888373,0.010881572,-0.000321333,0.004046626,0.010994245,-0.019263636,-0.011625146,0.008973942,0.004373379,0.015128816,0.016621698,0.014467142,0.030400453,-0.016519025,-0.021695353,-0.016303994,-0.064290409,-0.020793778,-0.035467068,-0.005847768,-0.028302964,-0.063365061,-0.026387271,-0.001718639,-0.025416705,-0.05272056,-0.003680908,-0.006109488,-0.05456415,0.002915138,-0.109384833,-0.009312399,-0.009376521,0.213388459,0.003207685,-0.018506401,-0.04906273,-0.098784869,-0.173269546,0.081727949,-0.054681483,-0.08472755,0.04899983,0.01256191,-0.031005068
0.035345158,0.010370672,0.014256396,0.010315275,0.010798847,0.016019054,0.011479854,-0.010135343,0.014446791,0.024409217,0.031715621,0.000293393,-0.007864371,-0.01432892,0.089156782,0.00358368,0.038359466,0.022540123,0.030273801,0.019845969,-0.027218806,0.024421477,0.010763357,0.011043131,0.010475158,0.00101821,0.027900606,0.008050094,0.015666138,-0.008620751,0.008087772,0.012048751,0.020621788,0.020221716,0.011370515,0.010759455,0.014783029,0.001550758,0.028585408,0.032084433,0.001088087,0.029923633,0.040236588,0.029778147,0.015576071
0.003809695,0.007519466,0.009521469,0.014888263,0.006167106,-0.009883882,0.010617568,0.015519868,-0.003945518,-0.005140855,0.01594247,0.021625392,0.027122131,0.001098758,0.041445396,-0.005802471,0.027959328,0.022075054,-0.002362384,0.004443555,-0.000717628,-0.00351693,-0.031716525,0.008256013,0.026908497,0.008170066,0.008920174,0.016366893,-0.022643625,0.002285141,-0.000941354,-0.045508372,0.003295926,0.005418979,0.017228617,0.005044079,0.02151976,-0.004104222,0.031267483,0.031310041,-0.025282333,-0.014080206,0.027313918,0.00463344,0.052163388
-0.019748123,-0.010531479,0.039505405,0.007946234,0.004895338,-0.037466662,0.044520067,0.00677789,-0.012565722,0.01543614,0.03426365,-0.032696443,0.009101893,0.053118816,0.056816189,-0.040817254,0.022412483,-0.025558943,-0.075582412,0.072682265,0.00173225,-0.024576715,-0.060246465,-0.015690636,0.026363204,-0.00067103,-0.005887592,-0.030894585,0.018807135,-0.040494756,0.025775798,0.02014262,-0.015662843,-0.00487168,-0.028009502,0.052865002,0.009114342,-0.034588939,0.094621389,0.045393295,-0.064318384,-0.065320587,0.008368637,0.089301668,0.009879107
0.016124315,-0.000502699,0.010808038,0.008627855,0.014784272,-0.001753575,-0.01283938,0.02426416,0.013574524,-0.015027644,0.022604895,0.027423726,0.02169542,-0.028260402,-0.041229418,0.022223079,0.023422055,0.018500774,-0.017019703,-0.013244285,0.000232841,0.022435255,0.002802588,-0.010773137,0.000414194,0.013901662,-0.006061076,-0.015766263,-0.010596786,-0.007487948,0.017788543,0.015483981,0.016665846,0.009261378,-0.088231376,0.039764104,0.051371718,-0.007109711,0.017845535,-0.011340299,-0.002365376,0.03473323,0.024301405,0.031860342,0.00798227
-0.01130628,0.014518711,0.000347173,0.019416632,0.008455685,0.005869008,0.015500361,0.018964887,-0.001345363,-0.019569608,-0.00642535,0.02010829,0.010668681,0.013888196,-0.052820681,-0.013361575,0.011965111,-0.012344478,-0.008934468,-0.014379731,-0.008358906,-0.020145908,-0.029766912,-0.005941887,-0.024857552,-0.022326514,0.012241871,-0.031875626,-0.02380055,-0.028473098,-0.045095828,-0.011060727,-0.019114069,-0.019304564,-0.017786144,-0.013977611,0.017014382,-0.014128869,-0.006753902,0.005194006,-0.026665405,0.01274655,0.008875838,0.030629319,0.015657556
0.02598451,0.015562968,-0.00534687,0.03987939,0.023196519,0.005600174,-0.024844034,0.012237145,0.001606562,-0.022892454,0.011767797,0.045228814,0.001066452,-0.040098272,-0.014867538,0.011985142,0.032317728,-0.0042387,-0.007483953,-0.018518552,-0.004339058,0.024806464,0.026508297,0.004964715,-0.003705444,-0.000318326,0.037876682,-0.003627284,-0.005409373,0.000431196,-0.009450029,0.021461591,-0.01698317,0.000409319,-0.007848074,-0.008562916,0.031282662,0.00751568,0.01250903,0.032971903,-0.014372,0.016975309,0.013976389,0.040417353,-0.009478078
0.00038122,0.023111135,0.018766011,0.020785563,0.016079795,0.003985213,-0.012521195,0.034735786,0.029486786,0.009406271,0.030816041,0.040576274,0.031591145,-0.061743263,-0.100169161,0.035964807,0.032183817,0.015624945,-0.00536318,-0.092480799,-0.004145957,0.002390157,0.042835268,0.003088421,0.01031342,0.018065901,0.022539621,-0.026506522,-0.005420241,0.01899447,-0.00731847,0.02222217,0.012890684,0.015302659,-0.052978656,-0.007125853,0.022675366,0.020744545,0.021023611,0.00075756,-0.021903497,0.026814922,0.010193633,0.01478834,-0.029095596
0.023925499,0.045831546,0.040674851,0.030562711,0.032423685,0.008308454,-0.008311896,0.054973273,0.015163111,0.005686475,0.022322041,0.061000509,0.063736984,0.104571513,-0.043833781,0.026446858,0.022331212,-0.00207343,0.046305701,-0.032976614,-0.023095411,-0.07446364,0.007083943,-0.018901133,-0.041750833,-0.015466422,-3.93E-06,0.011304637,-0.023049947,-0.035946562,-0.045469435,-0.023053468,-0.023342226,0.037379167,0.022181366,-0.010798778,0.016886899,-0.071868573,-0.006820508,-0.000525885,0.063530373,0.048536564,0.028012974,0.019761461,-0.058638445
0.000795958,0.026702753,0.019661069,0.045935895,-0.020215026,-0.010412877,0.00549,0.037372719,0.016125579,0.000485607,0.010572644,0.014009029,-0.104573655,0.043976413,-0.005727105,0.029667296,0.018131137,0.000737675,-0.029206154,-0.118894894,0.005944088,0.049085817,0.046265577,0.043594936,0.007319218,0.111059675,-0.011042945,0.0248263,-0.020062529,-0.093272743,0.032743532,0.019317448,0.038107729,0.015831495,-0.022896547,0.01673956,0.03016918,0.115669918,-0.103973966,-0.24986169,0.126729057,0.011316371,-0.026637842,-0.04109176,-0.089428774
0.01338001,0.005997178,0.001964363,0.030402816,0.011155681,-0.009678434,0.004344319,0.022260247,0.016599074,-0.016820099,0.035909313,0.048516696,0.041219172,-0.042885284,-0.021175985,0.005681104,0.038978805,0.004042601,-0.013779689,0.014017073,0.024950213,0.007253079,0.001253978,0.03379901,0.01585436,0.000974679,0.047618576,0.008245758,-0.00558003,0.002435169,-0.012049979,0.044152071,0.006385973,0.020989588,-0.003533982,0.014658889,0.022041314,0.005599633,0.013390675,0.014040145,-0.004856969,0.027618055,0.030602298,0.015570225,-0.002454918
0.030459981,0.036683831,0.035228894,0.040862457,0.060008126,0.053437519,0.009713192,0.027724407,-0.003864708,0.043308637,-0.01144485,0.058866634,0.065798687,0.004177619,-0.060787981,0.027792664,0.033976999,0.011432065,-0.021802891,-0.010966082,-0.012637527,-0.041979676,0.085789196,0.013027734,-0.008820028,0.016264295,0.026205444,0.019048579,-0.004542007,0.022373722,0.015141714,0.015394002,0.004633119,0.033251788,0.019644783,0.012563882,0.012251751,-0.008803014,-0.026601656,0.011241899,0.039241282,0.013776575,0.040795291,0.026289209,-0.013397054
-0.020395507,0.022047305,0.008977081,0.027427469,0.014016538,0.019094546,0.001356869,0.041390855,0.03507907,0.03045829,0.013319371,0.038467423,0.050611864,0.048635929,0.041523382,0.049293599,0.053690143,-0.015742617,-0.003579479,-0.026276181,-0.056993604,-0.036808957,-0.092374107,0.012918243,-0.036104707,0.012803025,-0.039298413,-0.043456502,0.015610438,-0.027406318,0.013806417,-0.014174496,-0.056424468,-0.036529383,0.016455275,-0.014760868,-0.039681559,0.000262592,-0.028561572,-0.008092257,-0.033553196,-0.001794358,0.00125563,-0.004309393,-0.029171079
0.0199097,-0.02718615,0.048902984,0.007809898,-0.025889316,0.015438816,0.007980925,-0.025671147,-0.027444477,0.022993786,0.008069712,-0.005707691,0.021868624,0.01507356,-0.000670159,0.066200531,7.96E-05,-0.017786514,-0.002698144,0.00533101,-0.027995114,0.013146044,0.044097694,-0.012791378,-0.024942563,0.013153918,-0.014666377,0.043709045,0.007661141,-0.001257806,0.043083864,0.033171533,0.003889853,-0.033566349,-0.038545855,-0.011259136,0.013438679,-0.011513558,0.002901766,0.020821049,-0.025647837,0.011510515,0.009410546,0.009483282,0.018173748
-0.029382168,0.035410134,0.009347289,0.001740809,0.012202263,-0.022543912,-0.023583652,0.031890081,0.063163098,0.057490673,0.043671709,0.024392955,0.078984734,-0.022193978,-0.02482381,0.046510235,-0.001999743,0.020059256,-0.022391146,0.053038055,0.028003749,-0.021870354,-0.014627431,0.000392496,-0.013446115,0.053686387,0.027379045,0.05825726,-0.078197066,-0.02339803,0.029084904,-0.010939841,-0.007051192,0.021822336,0.002900335,0.011150124,0.01292051,-0.087716318,-0.00518798,-0.008777925,-0.010387743,-0.02192171,-0.044731316,0.024902552,-0.010071761
-0.062915943,0.016209442,0.071698033,0.053746217,0.054486751,0.009360505,0.015150536,0.011627385,-0.017743661,-0.024854925,0.000343788,0.045456927,0.012822277,0.027741999,0.034572282,0.04525543,0.003231615,0.066625783,0.015496299,-0.0725854,0.032272244,0.050637938,0.054606759,-0.050721665,0.012964891,0.048508367,-0.017384835,-0.08805606,-0.002188435,0.027540336,0.01129566,0.023950877,-0.012681957,0.01956616,-0.008249113,-0.007583101,-0.001634817,-0.036799114,-0.054747752,0.017024867,-0.010404459,0.060600298,0.052511745,0.075257075,0.048896493
0.019009249,0.030036898,0.00427344,-0.029248162,0.053407972,0.041227528,-0.053774383,0.099476084,0.036814003,-0.098144419,-0.001393555,0.083881648,0.063211056,-0.056236295,0.012527586,0.034646427,-0.050542159,-0.080961635,0.026235117,-0.143623076,0.087291505,-0.006917427,0.043590754,0.014058726,0.037675709,0.044302452,0.046173236,0.025588197,0.011112768,0.03510794,-0.032257812,0.075890611,-0.030603467,-0.008644286,-0.024591221,0.021301489,0.030378219,-0.003517515,0.047265137,-0.026715495,-0.020220467,0.053881398,0.000848999,-0.013401851,0.017818762
0.006320181,0.009890365,0.013109999,0.014542847,0.024241821,0.037858236,0.001018746,0.028064417,0.009441939,5.68E-06,-4.23E-05,-0.000686237,0.02611625,0.021104635,0.038798821,0.043716067,0.031383867,0.039558368,0.041498797,0.036349208,0.019134631,-0.031127448,0.056369196,-0.039746496,0.008149499,-0.012892507,0.009932571,0.040236234,0.010303624,0.002452108,0.003127094,0.016521416,0.016609205,0.009278108,0.014017458,0.010456549,-0.010890211,0.016378766,-0.009370231,-0.027210788,0.036502735,0.030361349,0.033355373,0.055326674,0.095839069
-0.009374976,-0.037827278,-0.079221385,-0.067317051,-0.043286573,-0.015991781,-0.051098486,-0.067215386,0.070948825,-0.031407006,0.043466508,-0.011934157,0.010486245,0.025542011,0.018337671,0.058901329,-0.006657687,-0.024738765,-0.026920819,-0.026089866,-0.041638159,-0.031539628,-0.046495629,-0.036335479,-0.051893533,-0.014082521,-0.050948116,-0.023504222,-0.031447055,-0.050679129,-0.028775317,-0.006168608,-0.038144874,-0.020001732,-0.036768376,-0.053752583,-0.058169481,-0.032678508,-0.065830458,-0.042040031,-0.05330186,0.028191103,0.035089597,0.04554354,0.017003374
0.018928426,0.036085893,0.017601923,0.026160003,0.014625404,0.027637037,0.018192121,0.016215103,0.0190932,0.009893064,-0.009300618,0.026402928,0.01802669,-0.016661345,-0.019922546,0.013673519,0.020740642,0.008543248,0.001029923,-0.031469807,-0.016702429,-0.04333705,-0.027980154,-0.017291863,-0.040934237,-0.021959742,0.014726874,0.03529504,0.001700225,0.0096822,-0.01061855,0.002921713,0.021136547,0.017741296,0.008430468,0.017174013,0.018669799,0.008814389,0.040138798,0.021104698,-0.028081555,0.031567266,-0.020734281,0.007195943,-0.027355962
-0.01499973,0.010598141,0.016200554,0.023596832,0.005018698,0.024637956,0.003982716,0.009653149,0.016328359,-0.008994599,0.007899162,-0.040273424,0.015291061,0.168414802,-0.078871747,-0.070118915,-0.04200294,-0.019915195,0.037101567,0.045300129,-0.001665413,-0.108231859,-0.174379822,0.011591678,-0.01060643,-0.134083749,0.074335088,-0.00358085,0.027467109,0.030072775,-0.045261414,-0.01126342,-0.024891308,-0.058613856,0.00535271,0.09873333,-0.048567614,-0.112975397,0.046849508,0.009134683,-0.003105702,0.063439148,0.002288027,0.020507785,0.018710773
-0.010715333,0.009791104,-0.014887649,0.026981804,-0.013763099,0.004675489,-0.017052203,-0.003752308,-0.031999745,-0.027717177,-0.040829797,0.046084409,0.028427013,0.061613103,0.016482344,-0.010770347,-0.061451651,-0.055974769,0.033349763,0.084864203,-0.023175007,-0.035991521,0.117317378,-0.027572554,0.024433902,-0.061960722,-0.096687549,-0.013137301,-0.018018603,-0.056049422,-0.047755195,-0.084082966,-0.003948259,-0.039455319,-0.008584089,-0.001182462,-0.005121055,0.040302328,-0.061282414,-0.005025468,-0.027907896,-0.01017722,0.020335311,-0.005105578,0.035394051
0.006021604,0.023168871,0.002008163,0.009887636,0.021537053,-0.006680007,0.003623337,0.016264184,-0.005224188,-0.005363216,0.030121441,0.028954015,-0.009716193,0.024481712,0.044642246,0.006225436,0.031126937,0.015012402,0.006490192,-0.013600786,0.031134498,0.021327702,0.006778258,0.050705469,0.000975522,0.094070264,-0.054067966,0.002618602,0.012706623,-0.000172489,0.011088993,0.0193171,0.033356265,-0.00114662,-0.01442647,0.009880089,-0.002548533,-0.03316145,0.016718385,0.013329096,0.021479201,0.031590976,0.006743188,-0.004163708,-0.010839187
-0.005861551,0.0326484,0.023607598,0.021893465,0.023161354,0.022398088,-0.020744396,0.012106134,-0.01620265,-0.005983655,0.002417704,0.040235308,0.018111302,-0.010675258,-0.005988346,-0.068826659,0.094000882,0.005310027,0.00150901,-0.016132587,0.01160811,-0.016276092,-0.005656813,-0.000633525,0.016204847,0.003253286,0.027123814,0.002228132,-0.005947438,0.004172053,-0.009739072,0.0104588,-0.007173699,0.006678755,0.001700854,-0.001285262,-0.007093693,0.011404721,0.045416965,0.047624232,0.033403001,0.036782916,0.026765527,0.021078494,0.041117505
-0.02029225,0.039862798,0.030429946,0.019331445,0.029298067,0.023729366,-0.027753012,0.000641391,-0.024224656,-0.019308457,0.099297545,0.044614251,-0.001557716,-0.032103728,0.042454427,-0.075568423,0.080313817,0.01762719,-0.02094753,-0.010701536,0.023534481,0.00180631,0.014855216,0.008245814,0.003262885,-0.012065982,0.009970663,0.005120028,-0.013912545,-0.03101021,0.008174508,-0.002295383,-0.001472694,0.014731385,-0.020036178,0.000691491,-0.000723325,0.010864974,0.033813537,0.031347744,0.011922277,0.064195352,0.032203666,0.040884763,0.005104438
-0.001785326,0.037678007,0.040364709,0.039052896,0.010188917,0.01316905,-0.03035118,-0.017160608,-0.013521784,-0.013554854,-0.012089169,0.005946302,0.032858591,-0.052076694,-0.002234498,-0.044988028,0.012618069,-0.016585472,-0.015878794,-0.004130796,-0.005697272,-0.022891781,-0.022210982,-0.013618424,-0.020981119,-0.013525023,-0.001513572,0.0015297,0.00691445,-0.007474763,-0.018840817,-0.011479702,-0.00284132,0.01082402,0.000842971,-0.005145282,-0.011278987,-0.015843402,-0.000889778,0.007977772,0.000687549,0.002039287,0.015896954,0.015094499,0.007267617
-0.048230064,-0.013569371,0.036831022,0.022136536,0.016772548,0.020302619,0.005051773,0.011815733,0.019195202,0.033415027,0.018493965,-0.012266881,-0.015704486,0.107475657,0.018134959,-0.051503775,0.001723432,0.05816551,0.092386293,0.099006295,0.004845662,0.037732188,0.00494644,0.008006421,0.019115718,0.011648703,0.026568116,0.01443418,-0.007428087,0.002910878,0.071647008,0.047621949,-0.071799483,0.010779018,-0.001593269,0.01436187,0.006285549,0.006966253,0.018513485,0.002562302,-0.02982776,-0.012302095,0.016388619,0.008522166,-0.002171776
0.097711694,-0.159147959,-0.082127192,0.031690122,0.057684658,-0.03194693,0.056822612,-0.127980462,-0.135341856,-0.093632211,-0.023516168,-0.083856089,-0.062733701,-0.053052046,0.009681202,0.035787546,0.003724478,-0.066596903,0.016887347,0.001096284,0.045397541,-0.038150649,0.140565391,-0.051300465,-0.024096734,-0.00412839,-0.026051079,-0.090618872,0.005297671,-0.035303114,0.019559191,0.035552113,0.014663134,0.004075673,0.007226185,0.021376136,0.003988317,0.023885628,0.039808878,0.085437233,-0.026105715,-0.028399183,0.044295334,0.022295836,0.036339905
-0.021469256,0.01426339,0.00410008,0.009750401,-0.010424467,-0.019823699,-0.041368693,0.013325795,0.023992883,-0.001446708,-0.034007949,0.008539259,0.006639894,0.025140262,0.031462081,0.028758521,-0.013907085,-0.045786116,-0.007497519,-0.029969938,-0.04141032,-0.019925791,-0.030957093,-0.015483227,-0.00317574,0.0038729,-0.0237151,0.008124024,-0.012163489,-0.022064303,0.017938169,-0.011129138,-0.002892653,-0.029419895,-0.030361977,-0.028442024,0.000328186,-0.022415208,-0.019137684,-0.014244621,0.00599706,0.000208751,-0.005403694,0.022847997,0.000168873
0.012242515,0.020741745,0.006905701,0.014953314,0.024083563,0.006317733,0.008193688,0.011337914,0.017130941,-0.008402471,0.011805268,-0.000461209,0.015013213,0.033609633,0.026493812,0.02236803,0.013385314,0.023633798,0.018963067,0.01868179,0.012655298,-0.005891849,0.015675452,0.000750308,-0.003673244,-0.013861845,-0.001149552,0.002982779,0.008531599,0.014895765,0.007745986,0.008465471,0.00698581,0.015918865,0.01289293,-0.001735189,-0.008802029,0.005708472,-0.005909258,0.002868561,0.010474035,0.017290447,-0.002770244,0.061886815,0.03214241
-0.017903648,0.045766802,0.011883767,-0.015220024,0.026640392,-0.004550575,0.020407717,-0.02256144,-0.024352134,0.036692289,-0.034381408,0.057308476,0.003067717,-0.006008765,0.03368923,0.038246554,0.011387046,-0.008365832,-0.012768432,-0.043608594,-0.028542696,-0.091449615,-0.016595582,-0.036246623,-0.025596865,-0.023238863,0.005511211,0.00583734,-0.005233392,-0.016477221,-0.003581007,0.038052769,0.001211287,0.027127246,-0.000664664,-0.012764465,-0.013742222,-0.020263435,-0.00437603,0.01066222,-0.034844894,0.039463035,0.035381646,0.029343351,9.52E-05
0.01632216,0.017923658,-0.006629306,0.026205259,-0.00203363,0.016852966,0.008703675,0.014405421,-0.010009663,0.031855257,-0.013820877,-0.004337903,0.013726888,-0.005157409,-0.019954296,-0.018979048,0.021357834,-0.003199025,-0.02173233,-0.001827662,-0.005743693,-0.029497971,0.095864062,-0.007683411,0.023523944,0.017833617,0.01006719,0.034132722,0.0398839,0.003458262,-0.04339387,-0.013013873,-0.016128405,0.037970923,-0.008040387,0.013097204,0.001213105,0.001159741,0.024172147,0.01390352,-0.000568096,-0.019450138,0.024285038,0.006232239,2.10E-05
-0.002260525,-0.001526509,0.003806408,-0.044403596,0.010665467,-0.009538,-0.051055953,-0.060996704,-0.004175278,-0.004579463,-0.081031159,-0.028269047,-0.03874314,-0.000980861,-0.066665724,-0.020962888,-0.043191787,0.029265699,0.003977175,0.003446014,-0.022991691,-0.049631326,0.036058337,-0.03353838,-0.006582474,-0.026676044,-0.036600007,-0.00654904,0.005478788,-0.030038955,0.006723929,-0.018870389,-0.019876454,-0.007751536,0.035959837,-0.037722237,-0.001098611,-0.025121061,-0.008447649,-0.035281719,-0.01885637,0.025301288,0.009934973,-0.013587954,-0.008306224
-0.016165599,-0.026560185,-0.022028492,-0.069812295,0.00293586,-0.006695927,-0.086816328,-0.077513195,-0.003158622,-0.030268115,-0.147826536,-0.013002467,-0.120911669,0.032925649,-0.007622287,-0.022231796,-0.024712456,0.012698212,0.024558333,-0.001591525,-0.03010873,-0.00799884,0.037310812,0.011221046,-0.032370624,-0.053169447,-0.001006886,0.050466932,0.062562382,0.063064454,-0.002524168,0.141468958,0.00836292,0.022319058,-0.060925664,0.030795642,0.020077801,-0.033854764,-0.043536022,-0.045882325,0.016792131,0.030686043,0.029047345,0.037470607,0.021661578
-0.010063448,0.001315461,0.021039403,0.017087127,-0.056459662,0.000981514,-0.038158165,-0.008865872,-0.017851753,-0.044430559,0.016976607,-0.009667096,-0.050054489,-0.036567943,-0.009992167,-0.017931558,-0.011031561,-0.00795929,-0.026975917,-0.026135089,-0.011741666,-0.044799528,0.064256524,0.020963437,0.038280453,-0.017641564,-0.004670702,0.028236213,0.008477603,-0.00877844,-0.056455997,-0.002413042,-0.021568402,0.017872912,0.004265152,0.010489445,0.027431685,-0.001536634,-0.004332413,-0.000270409,-0.012875898,-0.035912085,-0.000892146,0.029371652,-0.021709171
-0.015765261,-0.011630516,-0.01008326,0.01660669,-0.002081763,-0.006234815,0.019349234,-0.073561015,-0.028429809,-0.006580363,-0.026621006,-0.029341119,-0.009979375,-0.006105423,0.03785424,0.014763666,0.018760204,0.056799466,0.008971068,0.046820149,-0.062378883,-0.113933747,-0.058421763,-0.023107853,0.03069322,0.023371931,-0.05127933,0.035499843,0.020252584,-0.022269355,0.005533015,-0.010827208,-0.079992652,0.059058743,0.013667301,-0.011008418,-0.028612639,-0.026870266,0.008569683,0.022771507,-0.060270225,-0.02327557,0.001980884,-0.018053445,-0.032410195
0.045653713,0.018850157,-0.048184304,0.022074307,-0.084674352,0.008642823,-0.103172395,-0.026288782,-0.075428498,0.030501146,-0.065864488,0.00065996,-0.01855408,0.005280072,-0.004487564,-0.008768448,0.012964042,0.03689161,-0.010065234,0.005157955,0.01987317,0.004371682,0.077877318,0.01881688,0.034379172,0.003443035,0.015212204,0.015916641,-0.031749896,-0.017518926,-0.016544523,0.009472762,0.013873753,-0.009992534,-0.050475681,-0.027401754,-0.019209349,-0.014139788,0.128179472,0.059051168,0.008866337,-0.020978939,-0.05257201,0.015572916,0.017948873
-0.014838103,0.014101646,-0.018909547,-0.0149696,-0.012276715,0.003986944,-0.018880734,-0.025230202,-0.017514739,0.000752863,-0.021512912,-0.002957833,0.017956422,0.014172646,0.023058156,0.029036879,0.016247028,0.027575653,0.015412782,0.010000835,0.029790369,0.004441842,0.072237668,0.014654447,0.025113199,-0.002623876,-0.015672331,0.026624862,-0.009553596,-0.005687128,-0.015765192,-0.016369096,-0.016791683,-0.018067514,0.011970441,-0.01214327,-0.007222423,-0.01420082,0.014640056,0.023658204,-0.001955096,0.013989426,-0.01396528,0.010291181,-0.034641193
0.03333836,0.033585694,0.077652981,-0.053753726,0.011885842,-0.028088104,0.009453452,0.026789801,0.030415241,0.074289819,-0.039566294,0.042733289,0.004604113,0.002309982,-0.041954145,-0.005645942,-0.028101125,-0.001317027,-0.012979699,0.014943884,0.007242435,0.048060487,0.047550034,-0.024070291,0.018448058,0.001182262,-0.018182626,0.046601324,-0.091477262,0.017519916,-0.004517178,0.021788636,-0.046945407,-0.024169642,0.00221895,0.006659498,0.005439221,-0.032630898,-0.027280259,0.044120068,0.069178157,0.037851531,0.007560996,0.00826565,0.041431244
0.109807601,0.135722669,-0.077950284,0.143721517,0.070665131,0.028040045,-0.112087988,0.052835183,0.006373898,0.0080546,0.10924938,-0.063362809,0.024024368,0.017891697,0.040928778,0.048022341,0.032312396,-0.004564186,0.002589722,0.000878827,0.020374114,0.006064838,-0.034225027,-0.060921393,0.023934708,0.018943182,-0.032581884,0.032507669,-0.070437801,0.02916765,-0.030988431,0.040627833,-0.044946036,-0.015965835,-0.018068832,-0.011332415,-0.013057791,-0.062210755,0.043942949,-0.046282733,-0.013409751,-0.010914254,-0.016774787,-0.028865985,-0.011021586
-0.007536567,-0.001640945,-0.042282887,0.053274132,-0.011400455,-0.001870821,0.009348978,0.003393181,-0.001240106,-0.010908966,0.06466363,-0.042354025,-0.006457878,-0.033543046,0.022588102,0.030635858,0.012680225,-0.002865035,-0.002060581,-0.017989127,-0.029281625,-0.134785897,-0.061354974,-0.045812292,0.009062873,0.015754879,-0.081312014,-0.015458492,-0.010572845,-0.015094861,-0.033349876,-0.002840046,-0.042249064,0.01915727,-0.027298095,0.013044359,-0.00988698,-0.033657628,0.036558791,-0.01124493,-0.016660964,0.021553961,-0.005746226,-0.021117212,-0.015901355
-0.079285764,-0.046770699,-0.135601926,0.106258598,-0.074343198,-0.027486039,-0.006850516,-0.020793714,-0.05818709,0.068412286,0.018064054,-0.046866684,-0.00069582,0.073485607,0.000657784,-0.072510415,-0.03939788,0.015948672,0.039519308,0.002670299,0.028943383,-0.008128557,-0.015172988,0.013260856,-0.041739745,-0.069271977,0.043965008,0.06356846,-0.059688276,-0.02788728,0.045436354,-0.088812562,0.01347254,-0.015600228,-0.029861966,-0.010443829,-0.018309944,-0.005868097,0.027110059,-0.009872666,0.019554292,0.021950825,0.029703037,0.018482692,0.037720896
0.030796301,0.00191484,-0.001095743,-0.011333575,-0.030088483,-0.000476951,-0.009424491,-0.01927092,-0.017617455,-0.018727822,-0.037664834,-0.013896909,-0.024615627,-0.014107908,-0.031020264,-0.015299107,-0.012527913,0.051724858,-0.003819253,-0.01607559,-0.00678048,-0.063378409,-0.030954991,-0.086634164,0.037421825,0.001642876,-0.033206125,0.011195983,-0.024202456,0.019566183,-0.052065129,0.060264667,-0.008132168,-0.016086417,-0.035072025,0.048672533,-0.028101286,-0.042253506,0.011014587,-0.024105923,-0.020034866,0.016652936,0.041760581,-0.017332057,-0.027682529
-0.025908284,-0.025130373,-0.027765609,-0.00481349,-0.004746806,0.02497486,-0.006496283,-0.004811534,0.00927912,-0.015371215,-0.025531408,0.022628122,0.011418633,-0.0491551,-0.006274264,-0.003028142,0.029452139,0.066537901,-0.011286644,-0.013377879,-0.021080571,-0.050265952,-0.002325844,-0.049193692,0.01769436,0.006497561,-0.008944143,0.00951274,-0.008751454,0.015319389,-0.013421864,-0.025956967,-0.024705849,-0.005780501,-0.020699342,-0.011257825,-0.001516558,-0.044932025,-0.002771323,-0.009930333,-0.023656555,-0.008963354,0.022587459,-0.029648694,-0.02989525
-0.028945475,-0.022702541,-0.014876461,0.025350069,0.022632066,0.005368413,0.000275235,0.016418879,-0.035846586,0.025072592,-0.000338134,0.008828756,0.016286084,-0.03158466,-0.013906093,-1.16E-05,0.004557592,0.020194818,-0.012012015,-0.004572632,0.012304366,-0.020033278,0.06726521,0.044396371,0.023290104,0.017557164,-0.068766329,0.000340705,-0.002047623,-0.005899682,-0.02711454,0.080506298,-0.032963845,0.021328926,-0.025579511,0.007751293,-0.028322964,-0.046671283,-0.006630077,-0.023191005,0.020408677,0.024708458,0.017499834,0.009111854,-0.017865517
0.01231351,-0.006796598,-0.006381135,0.002867492,0.001415136,0.006642946,-0.026724599,-0.067464959,-0.030487923,-0.002440665,-0.064087336,-0.022221118,-0.020909732,-0.008891919,-0.080859971,-0.050543646,-0.057493051,-0.005103285,0.028985633,0.009893524,-0.004104549,-0.045868962,0.077825203,0.080369157,-0.068145166,-0.038156082,-0.002432772,0.092488257,-0.01995379,0.029882778,-0.038414304,0.032720472,0.03822782,0.016156569,0.028926498,0.037972132,0.020023345,0.009787665,0.046414676,0.008536674,0.003295709,0.012943896,-0.015421064,-0.012237573,-0.016239571
0.019552039,0.015766377,0.016708694,0.041353502,-0.003142028,0.011649459,-0.004722256,-0.076778791,-0.050178226,-0.01898901,-0.040332913,-0.019346895,-0.011798941,-0.015880609,-0.010797617,-0.041753682,0.00438398,0.006772397,0.026328139,-0.015066953,0.000445789,-0.040827833,0.103843185,0.023444207,-0.015036018,0.003210038,-0.013472812,-0.009324278,-0.007234305,-0.036869359,0.003204542,-0.029284093,-0.02956776,0.000899316,-0.004378836,-0.00310101,-0.018543924,-0.013995046,0.008486091,-0.003887841,0.005417645,-0.035838833,0.006458914,0.047938408,0.021915265
